method,episode_seed,episode_return,success,final_goal_distance,mean_state_estimation_error,steps
Clean,20260733,49.741366781294346,1.0,0.23304393887519836,0.0,3
Clean,20260734,49.09365644554297,1.0,0.11881095170974731,0.0,5
Clean,20260735,49.56161846220493,1.0,0.5659438371658325,0.0,4
Clean,20260736,-63.70572147766749,0.0,15.103419303894043,0.0,60
Clean,20260737,47.569049805402756,1.0,0.5143114328384399,0.0,9
Clean,20260738,42.76322165628274,1.0,0.4271840453147888,0.0,22
Clean,20260739,45.97208445270856,1.0,0.6288695335388184,0.0,16
Clean,20260740,48.01638994862636,1.0,0.3733024299144745,0.0,6
Clean,20260741,44.383113215367,1.0,0.5935320854187012,0.0,26
Clean,20260742,47.49028986195724,1.0,0.5321189165115356,0.0,8
Clean,20260743,47.445486868421234,1.0,0.5353984236717224,0.0,8
Clean,20260744,42.21696395178636,1.0,0.5716319680213928,0.0,23
Clean,20260745,47.33489755789439,1.0,0.5305620431900024,0.0,9
Clean,20260746,44.52575952063004,1.0,0.20178434252738953,0.0,12
Clean,20260747,48.92770834763844,1.0,0.3548189401626587,0.0,6
Clean,20260748,49.100576773285866,1.0,0.47363144159317017,0.0,5
Clean,20260749,-124.5533790787061,0.0,60.68230438232422,0.0,60
Clean,20260750,48.97963721305132,1.0,0.3602023422718048,0.0,6
Clean,20260751,48.67374483744304,1.0,0.530919075012207,0.0,7
Clean,20260752,49.34829879303773,1.0,0.6490971446037292,0.0,5
Clean,20260753,46.633193937440716,1.0,0.47956886887550354,0.0,15
Clean,20260754,47.47533896937966,1.0,0.09227462112903595,0.0,9
Clean,20260755,47.1896425584952,1.0,0.36576199531555176,0.0,11
Clean,20260756,47.961558078726135,1.0,0.1476459503173828,0.0,8
Clean,20260757,45.88536921640237,1.0,0.5947475433349609,0.0,11
Clean,20260758,49.31320337951183,1.0,0.48331815004348755,0.0,6
Clean,20260759,-105.24938879410425,0.0,54.071781158447266,0.0,60
Clean,20260760,-45.3224065899849,0.0,3.124997615814209,0.0,60
Clean,20260761,48.58472103873889,1.0,0.6246885657310486,0.0,8
Clean,20260762,47.82379579295714,1.0,0.4805050194263458,0.0,9
Clean,20260763,-92.55789389709633,0.0,46.87080001831055,0.0,60
Clean,20260764,49.16185634831587,1.0,0.3303039073944092,0.0,5
Clean,20260765,49.06179779519637,1.0,0.4379033148288727,0.0,6
Clean,20260766,45.71799077590306,1.0,0.603699266910553,0.0,17
Clean,20260767,-101.67910293738046,0.0,61.929969787597656,0.0,60
Clean,20260768,49.51602075497309,1.0,0.5089004039764404,0.0,4
Clean,20260769,48.01909017314513,1.0,0.3947426378726959,0.0,9
Clean,20260770,-22.213681444525722,0.0,4.396397590637207,0.0,60
Clean,20260771,48.63418694337209,1.0,0.6078328490257263,0.0,9
Clean,20260772,49.31027700006962,1.0,0.5356544256210327,0.0,4
Clean,20260773,47.19614961743355,1.0,0.525601863861084,0.0,11
Clean,20260774,49.3854077582558,1.0,0.37864038348197937,0.0,4
Clean,20260775,48.072432753940426,1.0,0.3120124638080597,0.0,10
Clean,20260776,-76.7240055799484,0.0,31.07640266418457,0.0,60
Clean,20260777,-66.39155602455138,0.0,29.99635887145996,0.0,60
Clean,20260778,41.502318377296135,1.0,0.5824784636497498,0.0,22
Clean,20260779,49.2463164627552,1.0,0.4577412009239197,0.0,6
Clean,20260780,47.67730689545473,1.0,0.6110110878944397,0.0,11
Clean,20260781,42.4004746923844,1.0,0.3641699552536011,0.0,20
Clean,20260782,-60.39928819735845,0.0,36.441829681396484,0.0,60
Clean,20260783,48.89071960747242,1.0,0.6222919225692749,0.0,7
Clean,20260784,-56.805168430010475,0.0,21.557249069213867,0.0,60
Clean,20260785,47.20960669219494,1.0,0.4147374629974365,0.0,12
Clean,20260786,45.92227819561958,1.0,0.5880612134933472,0.0,20
Clean,20260787,48.70290266970793,1.0,0.6141722798347473,0.0,8
Clean,20260788,49.871843387683235,1.0,0.5193965435028076,0.0,2
Clean,20260789,49.02175564318895,1.0,0.20373228192329407,0.0,7
Clean,20260790,49.63278180360794,1.0,0.6490664482116699,0.0,3
Clean,20260791,48.920017053683594,1.0,0.5916515588760376,0.0,5
Clean,20260792,49.41601254045963,1.0,0.0892249345779419,0.0,6
Clean,20260793,47.2649528036515,1.0,0.4097926616668701,0.0,12
Clean,20260794,-63.097591996192946,0.0,33.28281021118164,0.0,60
Clean,20260795,-58.981851935386665,0.0,27.713918685913086,0.0,60
Clean,20260796,48.55460243920485,1.0,0.5913814902305603,0.0,5
Clean,20260797,47.0272027477622,1.0,0.317218154668808,0.0,12
Clean,20260798,-111.84296313921611,0.0,42.23039627075195,0.0,60
Clean,20260799,-166.73405814170843,0.0,69.32329559326172,0.0,60
Clean,20260800,48.91322984049718,1.0,0.3468429148197174,0.0,7
Clean,20260801,47.97932830452919,1.0,0.6146765947341919,0.0,6
Clean,20260802,-54.750044206778206,0.0,24.376300811767578,0.0,60
Clean,20260803,44.87285363177459,1.0,0.6168332695960999,0.0,33
Clean,20260804,48.115958179036774,1.0,0.5952891707420349,0.0,7
Clean,20260805,-87.1931172211965,0.0,36.77254104614258,0.0,60
Clean,20260806,49.46623886873325,1.0,0.4357331097126007,0.0,5
Clean,20260807,48.039548928538956,1.0,0.39219456911087036,0.0,19
Clean,20260808,43.13259843736887,1.0,0.3242618143558502,0.0,17
Clean,20260809,47.763395423690476,1.0,0.5373172760009766,0.0,14
Clean,20260810,43.11876965562503,1.0,0.5788072347640991,0.0,16
Clean,20260811,48.47871248920759,1.0,0.5517183542251587,0.0,6
Clean,20260812,49.274578896661595,1.0,0.22496327757835388,0.0,6
Clean,20260813,47.99257592856884,1.0,0.18360251188278198,0.0,13
Clean,20260814,46.40094734728336,1.0,0.5764093995094299,0.0,11
Clean,20260815,49.172721515099205,1.0,0.3129752278327942,0.0,5
Clean,20260816,36.275921418642,1.0,0.08385062962770462,0.0,37
Clean,20260817,35.8810505370299,1.0,0.45003175735473633,0.0,28
Clean,20260818,49.14581428964933,1.0,0.6453085541725159,0.0,5
Clean,20260819,47.36744801700115,1.0,0.5218832492828369,0.0,10
Clean,20260820,-39.761720021565765,0.0,8.170029640197754,0.0,60
Clean,20260821,45.7229673465093,1.0,0.6210623979568481,0.0,15
Clean,20260822,-33.71564277013144,0.0,4.916316032409668,0.0,60
Clean,20260823,49.165151601036385,1.0,0.6422317624092102,0.0,5
Clean,20260824,43.50294574598471,1.0,0.37056559324264526,0.0,21
Clean,20260825,48.0790971716245,1.0,0.6402943134307861,0.0,7
Clean,20260826,44.06087765097618,1.0,0.5589858293533325,0.0,21
Clean,20260827,47.33541845778625,1.0,0.6117796301841736,0.0,9
Clean,20260828,-49.37414437035721,0.0,1.2455968856811523,0.0,60
Clean,20260829,48.88382896284262,1.0,0.21006959676742554,0.0,5
Clean,20260830,47.56042176981767,1.0,0.5955433249473572,0.0,13
Clean,20260831,43.35972932477792,1.0,0.4892645478248596,0.0,21
Clean,20260832,49.18873752653599,1.0,0.6432071924209595,0.0,6
Clean,20260833,-52.17133376995722,0.0,30.660751342773438,0.0,60
Clean,20260834,49.31406387935082,1.0,0.4072803556919098,0.0,5
Clean,20260835,47.47331768025955,1.0,0.494768887758255,0.0,12
Clean,20260836,49.5035975103577,1.0,0.48373040556907654,0.0,3
Clean,20260837,-71.77167530854541,0.0,25.556222915649414,0.0,60
Clean,20260838,48.45216884215673,1.0,0.6285768747329712,0.0,7
Clean,20260839,45.08655805637439,1.0,0.41868212819099426,0.0,13
Clean,20260840,43.777324755986534,1.0,0.367556095123291,0.0,16
Clean,20260841,45.700245919326946,1.0,0.26752230525016785,0.0,15
Clean,20260842,45.655821427702904,1.0,0.3385079503059387,0.0,13
Clean,20260843,48.1193180034558,1.0,0.38461118936538696,0.0,10
Clean,20260844,35.16825473556915,1.0,0.27021315693855286,0.0,40
Clean,20260845,46.87526289125284,1.0,0.5407320261001587,0.0,12
Clean,20260846,47.79311080028613,1.0,0.39514854550361633,0.0,8
Clean,20260847,47.82242791354656,1.0,0.47671908140182495,0.0,9
Clean,20260848,48.628954907258354,1.0,0.44332873821258545,0.0,8
Clean,20260849,48.394801373283066,1.0,0.635662317276001,0.0,7
Clean,20260850,49.07745422422886,1.0,0.6489107012748718,0.0,4
Clean,20260851,43.87457349896431,1.0,0.5769189596176147,0.0,18
Clean,20260852,48.08077163994312,1.0,0.6119271516799927,0.0,13
Clean,20260853,48.53574714064598,1.0,0.5352923274040222,0.0,15
Clean,20260854,-56.09992953141529,0.0,8.292561531066895,0.0,60
Clean,20260855,49.70657573888699,1.0,0.2940954267978668,0.0,3
Clean,20260856,46.91885386159023,1.0,0.45006832480430603,0.0,10
Clean,20260857,48.65345149487257,1.0,0.4370783269405365,0.0,6
Clean,20260858,40.347453474998474,1.0,0.5225539207458496,0.0,23
Clean,20260859,48.613142562409244,1.0,0.24710074067115784,0.0,6
Clean,20260860,41.03378481169542,1.0,0.6291775703430176,0.0,29
Clean,20260861,44.54980467756589,1.0,0.5506681203842163,0.0,14
Clean,20260862,48.64247515797615,1.0,0.5746213793754578,0.0,7
Clean,20260863,49.68320673331618,1.0,0.21849016845226288,0.0,3
Clean,20260864,49.59846813728412,1.0,0.358271986246109,0.0,4
Clean,20260865,49.2430914764603,1.0,0.40007635951042175,0.0,7
Clean,20260866,-42.9463477730751,0.0,16.33049774169922,0.0,60
Clean,20260867,45.77061446507772,1.0,0.43815648555755615,0.0,12
Clean,20260868,45.83046857267618,1.0,0.06094136834144592,0.0,10
Clean,20260869,46.98962836960952,1.0,0.6398822069168091,0.0,16
Clean,20260870,-78.00577940543494,0.0,43.834781646728516,0.0,60
Clean,20260871,48.07878289620081,1.0,0.4890645742416382,0.0,7
Clean,20260872,-122.41561098893484,0.0,42.66441345214844,0.0,60
Clean,20260873,-51.97736899058024,0.0,10.673890113830566,0.0,60
Clean,20260874,41.20875094582637,1.0,0.4550504982471466,0.0,40
Clean,20260875,-148.81442515055338,0.0,62.22636795043945,0.0,60
Clean,20260876,33.89577508469422,1.0,0.2848484516143799,0.0,56
Clean,20260877,44.68440842628479,1.0,0.4135898947715759,0.0,17
Clean,20260878,35.179115528861686,1.0,0.5086764693260193,0.0,30
Clean,20260879,-38.66439832746982,0.0,9.883005142211914,0.0,60
Clean,20260880,44.99751213565469,1.0,0.23929698765277863,0.0,17
Clean,20260881,48.87905589491129,1.0,0.2872146666049957,0.0,5
Clean,20260882,46.52672856549422,1.0,0.6495797634124756,0.0,11
Clean,20260883,45.61524584889412,1.0,0.550463855266571,0.0,17
Clean,20260884,-36.028935154279075,0.0,9.495737075805664,0.0,60
Clean,20260885,41.33143802732229,1.0,0.49938198924064636,0.0,20
Clean,20260886,48.500002731879555,1.0,0.427884042263031,0.0,12
Clean,20260887,48.512522158523396,1.0,0.3426993787288666,0.0,6
Clean,20260888,44.875013972322144,1.0,0.5579785108566284,0.0,18
Clean,20260889,42.90096676473816,1.0,0.16378669440746307,0.0,28
Clean,20260890,-134.68619706233343,0.0,56.71745300292969,0.0,60
Clean,20260891,49.59454675515493,1.0,0.6293468475341797,0.0,3
Clean,20260892,49.62043915192287,1.0,0.4499228000640869,0.0,5
Clean,20260893,48.93200277288755,1.0,0.5650501847267151,0.0,6
Clean,20260894,47.440107253690556,1.0,0.28745266795158386,0.0,9
Clean,20260895,-111.13828446467718,0.0,44.092159271240234,0.0,60
Clean,20260896,49.19122868900497,1.0,0.2041015475988388,0.0,9
Clean,20260897,49.3674824933211,1.0,0.5245674848556519,0.0,5
Clean,20260898,32.53216538329919,1.0,0.6178064942359924,0.0,49
Clean,20260899,48.48290794591109,1.0,0.5155890583992004,0.0,8
Clean,20260900,33.90532537549734,1.0,0.40736547112464905,0.0,40
Clean,20260901,49.1674575060606,1.0,0.5131517052650452,0.0,6
Clean,20260902,48.63593506316344,1.0,0.4492063522338867,0.0,11
Clean,20260903,49.61463242769241,1.0,0.5911505818367004,0.0,3
Clean,20260904,49.47447277108828,1.0,0.5359077453613281,0.0,5
Clean,20260905,45.059114192922905,1.0,0.6323930621147156,0.0,14
Clean,20260906,45.52576003472011,1.0,0.5557109117507935,0.0,19
Clean,20260907,-42.62010588248571,0.0,18.96723175048828,0.0,60
Clean,20260908,46.33676009128491,1.0,0.2255643904209137,0.0,18
Clean,20260909,47.75362515449524,1.0,0.3885115385055542,0.0,11
Clean,20260910,47.46967778106531,1.0,0.5391139984130859,0.0,11
Clean,20260911,48.47283919652303,1.0,0.3391970992088318,0.0,6
Clean,20260912,-96.41797530651093,0.0,40.86493682861328,0.0,60
Clean,20260913,49.322152465581894,1.0,0.588153064250946,0.0,4
Clean,20260914,47.43170464535554,1.0,0.3729022145271301,0.0,8
Clean,20260915,49.23957196623087,1.0,0.4331083595752716,0.0,6
Clean,20260916,48.54687438905239,1.0,0.602985680103302,0.0,7
Clean,20260917,43.11084963877995,1.0,0.610683262348175,0.0,24
Clean,20260918,48.10058052341144,1.0,0.586949348449707,0.0,6
Clean,20260919,-69.32269263267517,0.0,29.695398330688477,0.0,60
Clean,20260920,49.07357646524906,1.0,0.5449356436729431,0.0,5
Clean,20260921,-102.99617958068849,0.0,23.029258728027344,0.0,60
Clean,20260922,48.838777783326805,1.0,0.06241657957434654,0.0,6
Clean,20260923,43.91460220515728,1.0,0.5516815781593323,0.0,14
Clean,20260924,48.80877970655759,1.0,0.5838377475738525,0.0,5
Clean,20260925,48.92702431976795,1.0,0.6086642146110535,0.0,5
Clean,20260926,48.73835241297881,1.0,0.5600898861885071,0.0,6
Clean,20260927,49.09959924221039,1.0,0.3872799277305603,0.0,7
Clean,20260928,-120.39018313090007,0.0,70.76158142089844,0.0,60
Clean,20260929,45.69053184489409,1.0,0.2852216958999634,0.0,16
Clean,20260930,49.42531582464775,1.0,0.48623523116111755,0.0,4
Clean,20260931,48.6344964231054,1.0,0.29452750086784363,0.0,6
Clean,20260932,47.74056520561377,1.0,0.4781206250190735,0.0,8
Clean,20260933,48.92701706041892,1.0,0.47285500168800354,0.0,4
Clean,20260934,47.18510728826126,1.0,0.31600990891456604,0.0,9
Clean,20260935,42.076789612571396,1.0,0.559386670589447,0.0,22
Clean,20260936,44.24742720027765,1.0,0.5925814509391785,0.0,20
Clean,20260937,-123.91988768180211,0.0,38.34230041503906,0.0,60
Clean,20260938,48.58136368667086,1.0,0.22876395285129547,0.0,6
Clean,20260939,40.72973204652468,1.0,0.5708472728729248,0.0,21
Clean,20260940,47.793977508942284,1.0,0.5677493214607239,0.0,20
Clean,20260941,46.62042461832364,1.0,0.5772716999053955,0.0,14
Clean,20260942,46.80298156042893,1.0,0.5069634914398193,0.0,10
Clean,20260943,45.017128924528755,1.0,0.5826430916786194,0.0,21
Clean,20260944,48.60356679558754,1.0,0.4790378212928772,0.0,9
Clean,20260945,47.69266698757807,1.0,0.487093448638916,0.0,15
Clean,20260946,48.136788402994476,1.0,0.47116392850875854,0.0,10
Clean,20260947,48.50509708623091,1.0,0.6329360604286194,0.0,9
Clean,20260948,47.534004320700966,1.0,0.31647759675979614,0.0,9
Clean,20260949,48.65686752895514,1.0,0.5704416632652283,0.0,5
Clean,20260950,48.78362797945738,1.0,0.26632437109947205,0.0,7
Clean,20260951,49.40342789515853,1.0,0.21986930072307587,0.0,7
Clean,20260952,48.794500524799034,1.0,0.5490647554397583,0.0,7
Clean,20260953,48.30357684195042,1.0,0.5657389760017395,0.0,8
Clean,20260954,47.85140373309453,1.0,0.588969349861145,0.0,7
Clean,20260955,47.94324211279552,1.0,0.49536585807800293,0.0,15
Clean,20260956,48.3590140218536,1.0,0.25171080231666565,0.0,9
Clean,20260957,43.99774226297935,1.0,0.44011393189430237,0.0,22
Clean,20260958,48.331598644455276,1.0,0.4473955035209656,0.0,11
Clean,20260959,-24.372827221949898,0.0,7.3912882804870605,0.0,60
Clean,20260960,48.61996828764677,1.0,0.3627847135066986,0.0,7
Clean,20260961,48.91673924525579,1.0,0.5316413640975952,0.0,5
Clean,20260962,47.01246621708075,1.0,0.4989549517631531,0.0,12
Clean,20260963,46.585942685604095,1.0,0.6248064041137695,0.0,25
Clean,20260964,49.016212306916714,1.0,0.22426822781562805,0.0,6
Clean,20260965,47.59527688473463,1.0,0.43060752749443054,0.0,8
Clean,20260966,49.11982902387778,1.0,0.4125339984893799,0.0,7
Clean,20260967,49.51395135869583,1.0,0.41653868556022644,0.0,5
Clean,20260968,-72.42302074035008,0.0,36.9981803894043,0.0,60
Clean,20260969,-125.70768853028615,0.0,40.33976364135742,0.0,60
Clean,20260970,-35.94193247457345,0.0,0.8083847165107727,0.0,60
Clean,20260971,45.01339998592933,1.0,0.3266741931438446,0.0,17
Clean,20260972,47.36643496652444,1.0,0.4370066523551941,0.0,8
Clean,20260973,43.03047802795966,1.0,0.3276911675930023,0.0,18
Clean,20260974,47.88129781186581,1.0,0.3893205523490906,0.0,8
Clean,20260975,46.72516129910946,1.0,0.27568668127059937,0.0,12
Clean,20260976,-105.71142784754434,0.0,53.84688186645508,0.0,60
Clean,20260977,49.44165498266618,1.0,0.39736732840538025,0.0,7
Clean,20260978,48.38367016116778,1.0,0.5738890171051025,0.0,7
Clean,20260979,45.88879485428333,1.0,0.6122139096260071,0.0,21
Clean,20260980,-58.80289129416149,0.0,16.674333572387695,0.0,60
Clean,20260981,49.432371877133846,1.0,0.4557936489582062,0.0,6
Clean,20260982,-28.576667249202732,0.0,7.994954586029053,0.0,60
Noisy + KF,20260733,49.73612197240194,1.0,0.2818310856819153,0.1013620435995584,3
Noisy + KF,20260734,49.095220467696585,1.0,0.1296313852071762,0.08957897087972867,5
Noisy + KF,20260735,49.577093094587326,1.0,0.5418025851249695,0.1418387765910308,4
Noisy + KF,20260736,-63.84784895181656,0.0,15.15512466430664,0.12837261954553336,60
Noisy + KF,20260737,47.56455574929714,1.0,0.5909557938575745,0.11578552547957026,9
Noisy + KF,20260738,42.137078151106834,1.0,0.12662512063980103,0.13921061489744424,30
Noisy + KF,20260739,45.745403836791716,1.0,0.10523419827222824,0.12063434494809107,20
Noisy + KF,20260740,48.01729313780864,1.0,0.3776831328868866,0.085187948689527,6
Noisy + KF,20260741,44.38749818752209,1.0,0.4756760895252228,0.11792273067186723,26
Noisy + KF,20260742,47.479039683938026,1.0,0.6479968428611755,0.10720540480877266,8
Noisy + KF,20260743,47.36512032647928,1.0,0.6209689378738403,0.10289252982106833,9
Noisy + KF,20260744,42.2117260992527,1.0,0.6165717840194702,0.1440540896327705,23
Noisy + KF,20260745,47.34002004315456,1.0,0.4900641143321991,0.09265386007302658,9
Noisy + KF,20260746,44.52885418136914,1.0,0.17328166961669922,0.1066026574400919,12
Noisy + KF,20260747,49.04285759230455,1.0,0.5469987988471985,0.1264582815005192,5
Noisy + KF,20260748,49.173474026223026,1.0,0.4041188657283783,0.11379221094654933,4
Noisy + KF,20260749,-124.53858504692711,0.0,60.644683837890625,0.13143077012368976,60
Noisy + KF,20260750,48.97025013218324,1.0,0.42754772305488586,0.15675644272137865,6
Noisy + KF,20260751,48.69211872170369,1.0,0.4898761808872223,0.11257261037063644,7
Noisy + KF,20260752,-96.47448751330374,0.0,47.1336669921875,0.1279626032458848,60
Noisy + KF,20260753,46.654508190850414,1.0,0.39306965470314026,0.13681060455356517,15
Noisy + KF,20260754,47.47737414948642,1.0,0.0656643733382225,0.09689943923893718,9
Noisy + KF,20260755,47.18439464767774,1.0,0.39977002143859863,0.11830826731071475,11
Noisy + KF,20260756,47.95026761790117,1.0,0.3045477867126465,0.12124970653802228,8
Noisy + KF,20260757,45.85806957632303,1.0,0.2506510317325592,0.11947549822967786,12
Noisy + KF,20260758,49.48237556219101,1.0,0.558150053024292,0.1606630815356513,4
Noisy + KF,20260759,-106.00386230150859,0.0,54.17780303955078,0.1376830434729581,60
Noisy + KF,20260760,-45.76044183969498,0.0,3.031978130340576,0.13079368304953176,60
Noisy + KF,20260761,48.568688782552876,1.0,0.3228065073490143,0.12501204047501766,9
Noisy + KF,20260762,47.81009295458595,1.0,0.22476591169834137,0.1278069534261435,10
Noisy + KF,20260763,-93.66489943861963,0.0,47.129844665527344,0.13767874782873274,60
Noisy + KF,20260764,49.14692554871242,1.0,0.5867851972579956,0.12808464752541193,5
Noisy + KF,20260765,49.0956259816885,1.0,0.5658849477767944,0.08992139063512476,6
Noisy + KF,20260766,45.73737460623185,1.0,0.4867067039012909,0.11038009342645722,17
Noisy + KF,20260767,-101.49953782558441,0.0,61.919551849365234,0.12001096428634682,60
Noisy + KF,20260768,49.51837329566479,1.0,0.4555869698524475,0.0994167904667769,4
Noisy + KF,20260769,47.97633072237174,1.0,0.5301900506019592,0.11081401476640412,9
Noisy + KF,20260770,-22.21001963814099,0.0,4.430826663970947,0.11769806842903377,60
Noisy + KF,20260771,48.60221342742443,1.0,0.6482239961624146,0.11955336592589588,9
Noisy + KF,20260772,49.3329440827171,1.0,0.24704763293266296,0.09942263904724132,4
Noisy + KF,20260773,47.199927158653736,1.0,0.44811514019966125,0.09956892133641332,11
Noisy + KF,20260774,49.37850532929103,1.0,0.4022037982940674,0.12076435270900307,4
Noisy + KF,20260775,48.11358931163947,1.0,0.6142014861106873,0.10204840146474925,9
Noisy + KF,20260776,-76.73457324504852,0.0,31.073116302490234,0.11906556306785314,60
Noisy + KF,20260777,-66.40309751033784,0.0,30.020282745361328,0.12159939217210071,60
Noisy + KF,20260778,41.501315499345466,1.0,0.6211202144622803,0.11799360927388597,22
Noisy + KF,20260779,49.23339561124643,1.0,0.5544145703315735,0.1095919565885602,6
Noisy + KF,20260780,47.57113797465961,1.0,0.2720295786857605,0.11282779830646955,13
Noisy + KF,20260781,42.04718304177125,1.0,0.6340950131416321,0.12098543749088173,25
Noisy + KF,20260782,-60.64749517043432,0.0,36.51872634887695,0.13372395917035043,60
Noisy + KF,20260783,48.87012357016405,1.0,0.5057535767555237,0.1317527886330549,7
Noisy + KF,20260784,-56.81566238403321,0.0,21.553016662597656,0.12479711984140232,60
Noisy + KF,20260785,47.22094614803791,1.0,0.3060799837112427,0.12635356831696884,12
Noisy + KF,20260786,45.89154833058516,1.0,0.5519430041313171,0.14029435659596717,20
Noisy + KF,20260787,48.6799436484774,1.0,0.4940679371356964,0.1319620968955101,9
Noisy + KF,20260788,49.876549604038395,1.0,0.47670719027519226,0.13040329761620867,2
Noisy + KF,20260789,49.027731327960886,1.0,0.12980319559574127,0.12206757734697395,7
Noisy + KF,20260790,49.660988810161754,1.0,0.4903659522533417,0.11857187692807675,3
Noisy + KF,20260791,48.91646175086498,1.0,0.5753404498100281,0.11062528066619222,5
Noisy + KF,20260792,49.5281352798144,1.0,0.5945717692375183,0.08539559133380817,4
Noisy + KF,20260793,47.27277475595474,1.0,0.4255383610725403,0.12727999839352394,12
Noisy + KF,20260794,-63.11764357487362,0.0,33.27174758911133,0.12749126131774238,60
Noisy + KF,20260795,-59.18985215822856,0.0,27.83843231201172,0.12061332621015533,60
Noisy + KF,20260796,48.56827991704146,1.0,0.539955198764801,0.09491345783835631,5
Noisy + KF,20260797,47.01441381623347,1.0,0.34977468848228455,0.10097279937627694,12
Noisy + KF,20260798,-111.8333231806755,0.0,42.2508659362793,0.12610570731981827,60
Noisy + KF,20260799,-166.79293115933737,0.0,69.35358428955078,0.12893409390385915,60
Noisy + KF,20260800,48.90597809726993,1.0,0.169993594288826,0.15238060743489043,7
Noisy + KF,20260801,47.980295181274414,1.0,0.6191850900650024,0.12866901239755066,6
Noisy + KF,20260802,-55.2615207831065,0.0,24.565427780151367,0.13030682243992678,60
Noisy + KF,20260803,43.97246332466602,1.0,0.6401691436767578,0.1254985617369282,42
Noisy + KF,20260804,48.120339592297874,1.0,0.5596150159835815,0.0966185429698087,7
Noisy + KF,20260805,-87.25180669625603,0.0,36.8017578125,0.13339745113556903,60
Noisy + KF,20260806,49.45959040770928,1.0,0.43938562273979187,0.09050958627684229,5
Noisy + KF,20260807,47.82866258919239,1.0,0.5215286016464233,0.1315136700058574,20
Noisy + KF,20260808,43.1129863957564,1.0,0.38580095767974854,0.11683536070379308,17
Noisy + KF,20260809,47.83210550714284,1.0,0.0312812365591526,0.13321862447109065,15
Noisy + KF,20260810,43.12634325027466,1.0,0.6204134225845337,0.13051247373710775,16
Noisy + KF,20260811,48.42179816712935,1.0,0.36436375975608826,0.10547915497448344,7
Noisy + KF,20260812,49.38363501429558,1.0,0.47753995656967163,0.09776585683457312,5
Noisy + KF,20260813,47.996916392197214,1.0,0.20559246838092804,0.10876332845877514,13
Noisy + KF,20260814,46.39678763846556,1.0,0.5819002985954285,0.10994099467762507,11
Noisy + KF,20260815,49.175883673131466,1.0,0.34747645258903503,0.11856993817509828,5
Noisy + KF,20260816,36.25604813235502,1.0,0.056726761162281036,0.1166455299553254,37
Noisy + KF,20260817,35.87657957772414,1.0,0.5632945895195007,0.11201185264374544,28
Noisy + KF,20260818,49.207613895336785,1.0,0.5784945487976074,0.10373347420398543,4
Noisy + KF,20260819,47.33225113898516,1.0,0.3661046326160431,0.09480322398451504,11
Noisy + KF,20260820,-39.77966739734014,0.0,8.175829887390137,0.11205093788768189,60
Noisy + KF,20260821,45.805384005109474,1.0,0.6250309944152832,0.1245200898343763,14
Noisy + KF,20260822,-33.72066841522853,0.0,4.919775485992432,0.1218121175184517,60
Noisy + KF,20260823,49.00888853768508,1.0,0.6276037693023682,0.0988711023714245,7
Noisy + KF,20260824,43.496870363752045,1.0,0.4491034150123596,0.14641586225492897,21
Noisy + KF,20260825,48.07817916075388,1.0,0.6497921943664551,0.10126212488968078,7
Noisy + KF,20260826,44.05366609493891,1.0,0.5776486396789551,0.12001105643862194,21
Noisy + KF,20260827,47.337226102749504,1.0,0.6222095489501953,0.09165946435885079,9
Noisy + KF,20260828,-49.42020872732003,0.0,1.2832355499267578,0.13255055124310153,60
Noisy + KF,20260829,48.892781292398766,1.0,0.3795716166496277,0.10170275875593351,5
Noisy + KF,20260830,47.38470370570818,1.0,0.6219236254692078,0.13557696114325582,15
Noisy + KF,20260831,43.36540328959624,1.0,0.473197340965271,0.12373652530661931,21
Noisy + KF,20260832,49.184790186583996,1.0,0.4568033516407013,0.14259261723665256,7
Noisy + KF,20260833,-52.163521786530815,0.0,30.640382766723633,0.1310055621208687,60
Noisy + KF,20260834,49.346098056683935,1.0,0.23981784284114838,0.13014615878051314,5
Noisy + KF,20260835,47.5371390680472,1.0,0.5890097618103027,0.10659312992735882,12
Noisy + KF,20260836,49.50082706411679,1.0,0.552531361579895,0.09858813887504565,3
Noisy + KF,20260837,-71.90045448144278,0.0,25.629518508911133,0.13343442592137736,60
Noisy + KF,20260838,48.45427167912324,1.0,0.6247813105583191,0.09364902173391587,7
Noisy + KF,20260839,45.07472714533409,1.0,0.398629754781723,0.124334224946565,13
Noisy + KF,20260840,43.76182252665361,1.0,0.5094736218452454,0.11245671214575981,16
Noisy + KF,20260841,45.67508285244306,1.0,0.33854931592941284,0.13049302351683376,15
Noisy + KF,20260842,45.6400403380394,1.0,0.6387431025505066,0.1417477990290253,13
Noisy + KF,20260843,48.33255573362112,1.0,0.4931463897228241,0.11279750493190543,7
Noisy + KF,20260844,35.01660743852456,1.0,0.3598185181617737,0.13369340296792723,40
Noisy + KF,20260845,46.786273719122015,1.0,0.21420656144618988,0.12716929508999616,14
Noisy + KF,20260846,47.818738055725895,1.0,0.4424164593219757,0.12664201979670786,8
Noisy + KF,20260847,47.81490170955658,1.0,0.5361642837524414,0.0973937490699306,9
Noisy + KF,20260848,48.5472002401948,1.0,0.4163619577884674,0.10721908351610517,9
Noisy + KF,20260849,48.41621013482412,1.0,0.6182923913002014,0.11664848642832089,7
Noisy + KF,20260850,49.06354291985432,1.0,0.21312633156776428,0.11663696430537858,5
Noisy + KF,20260851,43.93296079337597,1.0,0.594659686088562,0.12073327321277069,17
Noisy + KF,20260852,47.93067271014054,1.0,0.5472012758255005,0.1451949817087449,15
Noisy + KF,20260853,48.36282440523306,1.0,0.42268145084381104,0.11956962897173685,18
Noisy + KF,20260854,-56.09982518355052,0.0,8.298002243041992,0.1270577322990751,60
Noisy + KF,20260855,49.713311195373535,1.0,0.3972429037094116,0.08039574896791635,3
Noisy + KF,20260856,46.911904364824295,1.0,0.47394120693206787,0.10958579304257354,10
Noisy + KF,20260857,48.61881046990553,1.0,0.51505047082901,0.09536377057263219,6
Noisy + KF,20260858,40.34260389705499,1.0,0.597856342792511,0.1274785211526299,23
Noisy + KF,20260859,48.62286413336794,1.0,0.16956208646297455,0.1031380467857425,6
Noisy + KF,20260860,41.06572985152404,1.0,0.4229317307472229,0.12531590876269408,29
Noisy + KF,20260861,44.55272719760736,1.0,0.636006772518158,0.13143496142234776,14
Noisy + KF,20260862,48.7249980121851,1.0,0.5908153653144836,0.11080794843190345,6
Noisy + KF,20260863,49.684424785276256,1.0,0.23200753331184387,0.16497325595448156,3
Noisy + KF,20260864,49.66085313012203,1.0,0.47762617468833923,0.10962435510164854,3
Noisy + KF,20260865,49.20245635509491,1.0,0.5784665942192078,0.12930158155689478,7
Noisy + KF,20260866,-42.96046444773674,0.0,16.34003257751465,0.13180641221890374,60
Noisy + KF,20260867,45.78357440481583,1.0,0.27967891097068787,0.12026583415696457,12
Noisy + KF,20260868,45.83049119450152,1.0,0.07690537720918655,0.1148296309807165,10
Noisy + KF,20260869,46.59095764160156,1.0,0.6280837655067444,0.13172884379113414,22
Noisy + KF,20260870,-77.79277914762498,0.0,43.75928497314453,0.12025393358218017,60
Noisy + KF,20260871,48.062635819117226,1.0,0.4302065372467041,0.11260262774549758,7
Noisy + KF,20260872,-122.45336763064067,0.0,42.680416107177734,0.14027136031568427,60
Noisy + KF,20260873,-51.98341155052186,0.0,10.672613143920898,0.11482266335686545,60
Noisy + KF,20260874,41.17474499593179,1.0,0.4978530704975128,0.13420430599777902,40
Noisy + KF,20260875,-148.8773238658905,0.0,62.2347526550293,0.1217541758270291,60
Noisy + KF,20260876,33.75858165323734,1.0,0.5689155459403992,0.1362702904849454,55
Noisy + KF,20260877,44.725907246271774,1.0,0.6182682514190674,0.09867587398482666,16
Noisy + KF,20260878,35.16624557475249,1.0,0.562982976436615,0.12942108854862397,30
Noisy + KF,20260879,-38.72450559834639,0.0,9.894942283630371,0.1267077842034113,60
Noisy + KF,20260880,44.97526658823093,1.0,0.4265179932117462,0.11365535879865926,17
Noisy + KF,20260881,48.874671948452786,1.0,0.3793043792247772,0.11676289367599912,5
Noisy + KF,20260882,45.81498511135578,1.0,0.6071553230285645,0.11677039436478925,18
Noisy + KF,20260883,45.630474934975304,1.0,0.6008520722389221,0.11918836211685097,17
Noisy + KF,20260884,-36.15487855672837,0.0,9.533370018005371,0.12079762909578709,60
Noisy + KF,20260885,41.32859007517497,1.0,0.6188504695892334,0.11413134161270064,20
Noisy + KF,20260886,48.55112131933371,1.0,0.6312427520751953,0.1242698573440626,11
Noisy + KF,20260887,48.530795238912106,1.0,0.2726515233516693,0.0725549435124161,6
Noisy + KF,20260888,44.884695241848625,1.0,0.5100022554397583,0.11102890102682257,18
Noisy + KF,20260889,42.903575566907726,1.0,0.2765394151210785,0.1250213963624931,28
Noisy + KF,20260890,-134.3382583955924,0.0,56.62654113769531,0.13197554726424626,60
Noisy + KF,20260891,49.38902993003528,1.0,0.6448417901992798,0.09786723443349847,6
Noisy + KF,20260892,49.66736379762491,1.0,0.12574690580368042,0.12697198126045106,5
Noisy + KF,20260893,48.952782690525055,1.0,0.5277653932571411,0.0988139455804191,6
Noisy + KF,20260894,47.48137462635835,1.0,0.5258737206459045,0.13365425894973587,8
Noisy + KF,20260895,-111.16739251216254,0.0,44.11167526245117,0.13639620695256766,60
Noisy + KF,20260896,49.20956278343995,1.0,0.436826229095459,0.1361921536177018,9
Noisy + KF,20260897,49.40137664228678,1.0,0.387797087430954,0.1092905469389251,5
Noisy + KF,20260898,32.40180735786756,1.0,0.2777971625328064,0.13219861659418522,50
Noisy + KF,20260899,48.47082750995954,1.0,0.5391741991043091,0.08312828717983783,8
Noisy + KF,20260900,34.33363325893879,1.0,0.5461687445640564,0.11476156364306601,34
Noisy + KF,20260901,49.307963994642094,1.0,0.4685312807559967,0.10994578441938442,4
Noisy + KF,20260902,48.89986187716325,1.0,0.5873380303382874,0.09980776163612826,7
Noisy + KF,20260903,49.599483260263995,1.0,0.14384277164936066,0.1212325706033478,4
Noisy + KF,20260904,49.46512171626091,1.0,0.6184239387512207,0.10864491651368476,5
Noisy + KF,20260905,45.065777728954956,1.0,0.5780256390571594,0.10559317051729998,14
Noisy + KF,20260906,45.50411868095398,1.0,0.5622225403785706,0.1252326006206729,19
Noisy + KF,20260907,-42.51602462927501,0.0,18.87247085571289,0.11800246944879615,60
Noisy + KF,20260908,46.30807536840439,1.0,0.6343191862106323,0.12493039486360955,18
Noisy + KF,20260909,47.753870444993176,1.0,0.40979841351509094,0.11391174685541859,11
Noisy + KF,20260910,47.370089784264565,1.0,0.6468239426612854,0.13183392476341965,11
Noisy + KF,20260911,48.51315602411826,1.0,0.3488076627254486,0.13492500625409978,6
Noisy + KF,20260912,-96.37939723332723,0.0,40.873653411865234,0.12227146008576191,60
Noisy + KF,20260913,49.31918055812518,1.0,0.612075924873352,0.1154407814582768,4
Noisy + KF,20260914,47.43483782062928,1.0,0.3724108636379242,0.10542181304695905,8
Noisy + KF,20260915,49.24884227911631,1.0,0.43137311935424805,0.11479368630499487,6
Noisy + KF,20260916,48.53422804673513,1.0,0.6410408020019531,0.113976326063661,7
Noisy + KF,20260917,43.10684771835804,1.0,0.623647928237915,0.11505481578989867,24
Noisy + KF,20260918,48.12179766347011,1.0,0.4110085666179657,0.15386267081630015,6
Noisy + KF,20260919,-69.18396226565042,0.0,29.671245574951172,0.13173616854641915,60
Noisy + KF,20260920,49.07611892620722,1.0,0.5136311054229736,0.1009092374736956,5
Noisy + KF,20260921,-103.00486640135446,0.0,23.023225784301758,0.13407697224078555,60
Noisy + KF,20260922,48.8491469596823,1.0,0.055869847536087036,0.08775906579557324,6
Noisy + KF,20260923,43.91351155936718,1.0,0.6451331973075867,0.12943905254436966,14
Noisy + KF,20260924,48.75939843058586,1.0,0.4598524570465088,0.12067245554987217,6
Noisy + KF,20260925,49.083128323157624,1.0,0.4655614495277405,0.12219792106041819,5
Noisy + KF,20260926,48.80336647729079,1.0,0.5818516612052917,0.13793384747364443,5
Noisy + KF,20260927,49.10458568483591,1.0,0.37975433468818665,0.07531900632269163,7
Noisy + KF,20260928,-120.46846367915472,0.0,70.8029556274414,0.13199713583321024,60
Noisy + KF,20260929,45.612381110588714,1.0,0.30849671363830566,0.11864285032702532,16
Noisy + KF,20260930,49.415542816122375,1.0,0.5157573223114014,0.08585204772744706,4
Noisy + KF,20260931,48.67138214160999,1.0,0.3369457423686981,0.1215396785070862,6
Noisy + KF,20260932,47.73892553895712,1.0,0.3965781629085541,0.1086517317685547,8
Noisy + KF,20260933,48.93573812395334,1.0,0.37781527638435364,0.14191644364683698,4
Noisy + KF,20260934,47.16045189648867,1.0,0.4954027235507965,0.11706229548940679,9
Noisy + KF,20260935,42.003338833649956,1.0,0.4641086459159851,0.14384872915759558,23
Noisy + KF,20260936,44.24534937739372,1.0,0.5465370416641235,0.13399986345903883,20
Noisy + KF,20260937,-123.9092444976171,0.0,38.32391357421875,0.12243441913902646,60
Noisy + KF,20260938,48.5882816662391,1.0,0.31402844190597534,0.10558758884375047,6
Noisy + KF,20260939,40.751848784585796,1.0,0.4954199492931366,0.10148816466262371,21
Noisy + KF,20260940,47.42766645550728,1.0,0.5359823703765869,0.12744425676699128,23
Noisy + KF,20260941,46.61027204493681,1.0,0.6340411901473999,0.10226168808219756,14
Noisy + KF,20260942,46.81018827110529,1.0,0.4969572126865387,0.12403395494422917,10
Noisy + KF,20260943,44.95539052784443,1.0,0.6418622136116028,0.12001257910434913,21
Noisy + KF,20260944,48.63312446077665,1.0,0.5333389639854431,0.14103111284884504,9
Noisy + KF,20260945,47.71540548404058,1.0,0.4256216883659363,0.12601876609359258,15
Noisy + KF,20260946,48.13056372602781,1.0,0.5391494035720825,0.11226869696601297,10
Noisy + KF,20260947,48.45208241045475,1.0,0.5287805795669556,0.1176681630771449,10
Noisy + KF,20260948,47.52317390218377,1.0,0.2328823357820511,0.13651740374207877,9
Noisy + KF,20260949,48.469344218571976,1.0,0.5276211500167847,0.09525186790831655,8
Noisy + KF,20260950,48.803073015064,1.0,0.2001226395368576,0.1322850145978482,7
Noisy + KF,20260951,49.4999482134978,1.0,0.4644208550453186,0.10292704010406109,5
Noisy + KF,20260952,48.7712049682935,1.0,0.5689572095870972,0.11637324577383938,7
Noisy + KF,20260953,48.395752012729645,1.0,0.5893906354904175,0.1678441161012522,7
Noisy + KF,20260954,47.825240636865296,1.0,0.5627099871635437,0.11335448189344065,7
Noisy + KF,20260955,47.96070799231529,1.0,0.4460155963897705,0.12515568791303774,15
Noisy + KF,20260956,48.34910228848457,1.0,0.5606451034545898,0.11087308397886346,9
Noisy + KF,20260957,44.033845057090126,1.0,0.5989419221878052,0.11920787660377881,21
Noisy + KF,20260958,48.23462058479587,1.0,0.18615765869617462,0.11650414485791816,12
Noisy + KF,20260959,-24.383854637543358,0.0,7.356235027313232,0.1279023746228217,60
Noisy + KF,20260960,48.61050054927667,1.0,0.4898662567138672,0.10656825892316908,7
Noisy + KF,20260961,48.92376441756884,1.0,0.4990953207015991,0.12260652054684469,5
Noisy + KF,20260962,46.99185811976592,1.0,0.4671645760536194,0.11839710316076373,13
Noisy + KF,20260963,46.618394235769905,1.0,0.5989129543304443,0.12284839937741875,25
Noisy + KF,20260964,49.1135928183794,1.0,0.6076386570930481,0.11857739836771788,4
Noisy + KF,20260965,47.19893438120683,1.0,0.5180759429931641,0.11806728471765436,14
Noisy + KF,20260966,49.139100186526775,1.0,0.33806219696998596,0.11263716300096471,7
Noisy + KF,20260967,49.462816233436264,1.0,0.5641050934791565,0.10843955434276739,5
Noisy + KF,20260968,-72.44830093781152,0.0,37.009368896484375,0.12396738460330121,60
Noisy + KF,20260969,-125.76718489329022,0.0,40.32536315917969,0.12198291018080273,60
Noisy + KF,20260970,-36.0072611073653,0.0,0.8752234578132629,0.11594288113998386,60
Noisy + KF,20260971,45.03644413252671,1.0,0.22661149501800537,0.12461358338592353,17
Noisy + KF,20260972,47.37822060286999,1.0,0.3471307158470154,0.11361987607396898,8
Noisy + KF,20260973,43.03115716328224,1.0,0.3475203216075897,0.1190288081809351,18
Noisy + KF,20260974,47.82091246545315,1.0,0.3881070017814636,0.15916965297374724,8
Noisy + KF,20260975,46.71777008970579,1.0,0.4870021939277649,0.13615463005462405,12
Noisy + KF,20260976,-105.87130148212115,0.0,53.90086364746094,0.13361034139980826,60
Noisy + KF,20260977,49.419376293818154,1.0,0.41734206676483154,0.10442392282621367,7
Noisy + KF,20260978,48.39541952311993,1.0,0.5067727565765381,0.1276647870572539,7
Noisy + KF,20260979,45.71875361353159,1.0,0.42764756083488464,0.1177806709077658,23
Noisy + KF,20260980,-58.82142643133799,0.0,16.68056297302246,0.14466437523601444,60
Noisy + KF,20260981,49.44646494835615,1.0,0.34896519780158997,0.13473344368380974,6
Noisy + KF,20260982,-28.70730437835057,0.0,8.03281021118164,0.12387015505858769,60
"PGD estimated, no defense",20260733,49.496176508565746,1.0,0.4961602985858917,0.3627043389804135,4
"PGD estimated, no defense",20260734,49.095220467696585,1.0,0.1296313852071762,0.08957897087972867,5
"PGD estimated, no defense",20260735,49.577093094587326,1.0,0.5418025851249695,0.1418387765910308,4
"PGD estimated, no defense",20260736,-63.903934160868346,0.0,15.166365623474121,0.14789042775195138,60
"PGD estimated, no defense",20260737,47.56455574929714,1.0,0.5909557938575745,0.11578552547957026,9
"PGD estimated, no defense",20260738,41.90340664237738,1.0,0.15637007355690002,0.21399352519873585,30
"PGD estimated, no defense",20260739,45.46379265685876,1.0,0.33551400899887085,0.22562595854691558,20
"PGD estimated, no defense",20260740,47.93525676925977,1.0,0.3077966570854187,0.2648365712115763,7
"PGD estimated, no defense",20260741,44.52593147257964,1.0,0.55926913022995,0.1781652434408372,24
"PGD estimated, no defense",20260742,46.7639459297061,1.0,0.3585304915904999,0.680559510507081,10
"PGD estimated, no defense",20260743,47.21675245463848,1.0,0.6349949240684509,0.23613753847032656,9
"PGD estimated, no defense",20260744,41.74359751244386,1.0,0.47418469190597534,0.2612986074278179,26
"PGD estimated, no defense",20260745,47.34002004315456,1.0,0.4900641143321991,0.09265386007302658,9
"PGD estimated, no defense",20260746,44.52885418136914,1.0,0.17328166961669922,0.1066026574400919,12
"PGD estimated, no defense",20260747,49.11632375667492,1.0,0.36618712544441223,0.2751664191226937,5
"PGD estimated, no defense",20260748,49.173474026223026,1.0,0.4041188657283783,0.11379221094654933,4
"PGD estimated, no defense",20260749,-124.57274792591728,0.0,60.652076721191406,0.1475268808262656,60
"PGD estimated, no defense",20260750,46.77505138019721,1.0,0.6049659252166748,0.3084013351628956,23
"PGD estimated, no defense",20260751,48.69211872170369,1.0,0.4898761808872223,0.11257261037063644,7
"PGD estimated, no defense",20260752,-97.43116582930087,0.0,47.35833740234375,0.15707776370400608,60
"PGD estimated, no defense",20260753,46.63119534154733,1.0,0.3939438462257385,0.17334661941534887,15
"PGD estimated, no defense",20260754,47.34926666567723,1.0,0.40063968300819397,0.19549254355758372,9
"PGD estimated, no defense",20260755,47.18927425891161,1.0,0.2306516468524933,0.251671765281521,11
"PGD estimated, no defense",20260756,-103.36784851054352,0.0,52.9725227355957,0.1863301402886606,60
"PGD estimated, no defense",20260757,45.307005946834884,1.0,0.5643592476844788,0.32794848405827687,15
"PGD estimated, no defense",20260758,49.58618334680796,1.0,0.42948874831199646,0.4453198186268054,4
"PGD estimated, no defense",20260759,-105.49208070834479,0.0,54.10856246948242,0.15854094790364864,60
"PGD estimated, no defense",20260760,-46.01782115300496,0.0,3.7546205520629883,0.1625873683941776,60
"PGD estimated, no defense",20260761,48.43993606418371,1.0,0.42853614687919617,0.22654484328751653,9
"PGD estimated, no defense",20260762,47.70158228029807,1.0,0.22707435488700867,0.23765964871738737,10
"PGD estimated, no defense",20260763,-93.66014477610591,0.0,47.12318801879883,0.14961581111030234,60
"PGD estimated, no defense",20260764,49.14692554871242,1.0,0.5867851972579956,0.12808464752541193,5
"PGD estimated, no defense",20260765,49.0956259816885,1.0,0.5658849477767944,0.08992139063512476,6
"PGD estimated, no defense",20260766,-27.45140714943409,0.0,11.194986343383789,0.3036913434776567,60
"PGD estimated, no defense",20260767,-101.61608640352885,0.0,61.918006896972656,0.13585434690978238,60
"PGD estimated, no defense",20260768,49.51837329566479,1.0,0.4555869698524475,0.0994167904667769,4
"PGD estimated, no defense",20260769,47.97633072237174,1.0,0.5301900506019592,0.11081401476640412,9
"PGD estimated, no defense",20260770,-22.031349966923393,0.0,4.434527397155762,0.13793535421225236,60
"PGD estimated, no defense",20260771,48.78495627144972,1.0,0.5096648335456848,0.5430207447167272,5
"PGD estimated, no defense",20260772,49.3329440827171,1.0,0.24704763293266296,0.09942263904724132,4
"PGD estimated, no defense",20260773,47.223830819129944,1.0,0.35027217864990234,0.17243521139559748,11
"PGD estimated, no defense",20260774,49.37850532929103,1.0,0.4022037982940674,0.12076435270900307,4
"PGD estimated, no defense",20260775,48.010446252922215,1.0,0.41888388991355896,0.18478152742692214,10
"PGD estimated, no defense",20260776,-76.6951783100764,0.0,31.091625213623047,0.17329552199355225,60
"PGD estimated, no defense",20260777,-66.40047709147134,0.0,30.019697189331055,0.12341913432950749,60
"PGD estimated, no defense",20260778,41.50261710087459,1.0,0.6210545301437378,0.12255048053752807,22
"PGD estimated, no defense",20260779,49.23339561124643,1.0,0.5544145703315735,0.1095919565885602,6
"PGD estimated, no defense",20260780,47.57113797465961,1.0,0.2720295786857605,0.11282779830646955,13
"PGD estimated, no defense",20260781,40.30039744079113,1.0,0.6151531934738159,0.18834825965326862,35
"PGD estimated, no defense",20260782,-60.615787267684944,0.0,36.51028060913086,0.13984937758684254,60
"PGD estimated, no defense",20260783,-33.71307239929835,0.0,9.025250434875488,0.2375693801345346,60
"PGD estimated, no defense",20260784,-56.78062848250071,0.0,21.55305290222168,0.17322945834543152,60
"PGD estimated, no defense",20260785,47.13951558743914,1.0,0.22821439802646637,0.20748529204852215,12
"PGD estimated, no defense",20260786,-96.81353128949802,0.0,53.807403564453125,0.24603430122345618,60
"PGD estimated, no defense",20260787,48.6621622244517,1.0,0.5112054347991943,0.155091635629419,9
"PGD estimated, no defense",20260788,49.61767403781414,1.0,0.5987403392791748,0.5216803467139955,4
"PGD estimated, no defense",20260789,48.948305356005825,1.0,0.35625913739204407,0.3736239106777104,7
"PGD estimated, no defense",20260790,41.07510620355606,1.0,0.24702328443527222,0.27195604359619246,43
"PGD estimated, no defense",20260791,48.45562675098578,1.0,0.5378254652023315,0.24682977773205553,10
"PGD estimated, no defense",20260792,49.5281352798144,1.0,0.5945717692375183,0.08539559133380817,4
"PGD estimated, no defense",20260793,47.27277475595474,1.0,0.4255383610725403,0.12727999839352394,12
"PGD estimated, no defense",20260794,-63.01758415500324,0.0,33.268802642822266,0.1715913020593331,60
"PGD estimated, no defense",20260795,-59.315167387326554,0.0,27.875564575195312,0.13203847126647567,60
"PGD estimated, no defense",20260796,48.53332017362118,1.0,0.5714855790138245,0.25954656058431336,5
"PGD estimated, no defense",20260797,47.10677817463875,1.0,0.6264055967330933,0.23294315116691403,11
"PGD estimated, no defense",20260798,-111.84491272767384,0.0,42.229183197021484,0.18308101071993518,60
"PGD estimated, no defense",20260799,-166.7267951170604,0.0,69.3371353149414,0.145036563814017,60
"PGD estimated, no defense",20260800,48.79729631046454,1.0,0.5643416047096252,0.2957461996728231,7
"PGD estimated, no defense",20260801,45.9445921604832,1.0,0.4813610017299652,0.32240498062766104,20
"PGD estimated, no defense",20260802,-55.343458493550614,0.0,24.599843978881836,0.1608686564812514,60
"PGD estimated, no defense",20260803,42.94022155801456,1.0,0.627691388130188,0.2925544579284522,45
"PGD estimated, no defense",20260804,48.120339592297874,1.0,0.5596150159835815,0.0966185429698087,7
"PGD estimated, no defense",20260805,-87.32111450036366,0.0,36.79093551635742,0.16350904248583584,60
"PGD estimated, no defense",20260806,49.67892100661993,1.0,0.4556408226490021,0.37822447693656325,3
"PGD estimated, no defense",20260807,47.81422375142574,1.0,0.5215273499488831,0.16114772841816508,20
"PGD estimated, no defense",20260808,43.05395464102427,1.0,0.40072762966156006,0.23807340679404668,17
"PGD estimated, no defense",20260809,47.83210550714284,1.0,0.0312812365591526,0.13321862447109065,15
"PGD estimated, no defense",20260810,43.12634325027466,1.0,0.6204134225845337,0.13051247373710775,16
"PGD estimated, no defense",20260811,48.51765078057846,1.0,0.33881494402885437,0.17876413765956245,6
"PGD estimated, no defense",20260812,49.38363501429558,1.0,0.47753995656967163,0.09776585683457312,5
"PGD estimated, no defense",20260813,47.59404683609804,1.0,0.6172311902046204,0.16046995839272532,15
"PGD estimated, no defense",20260814,46.39678763846556,1.0,0.5819002985954285,0.10994099467762507,11
"PGD estimated, no defense",20260815,49.175883673131466,1.0,0.34747645258903503,0.11856993817509828,5
"PGD estimated, no defense",20260816,-40.21713156501452,0.0,21.73229217529297,0.1875438746677302,60
"PGD estimated, no defense",20260817,35.87617342174053,1.0,0.5633077025413513,0.11936892405803193,28
"PGD estimated, no defense",20260818,49.207613895336785,1.0,0.5784945487976074,0.10373347420398543,4
"PGD estimated, no defense",20260819,46.71752509226402,1.0,0.4997183382511139,0.3124446394398725,16
"PGD estimated, no defense",20260820,-39.71421519915262,0.0,8.175943374633789,0.15745722939279386,60
"PGD estimated, no defense",20260821,45.32008636494478,1.0,0.5556860566139221,0.15500594003281506,21
"PGD estimated, no defense",20260822,-33.8498901128769,0.0,4.919985294342041,0.180072003260674,60
"PGD estimated, no defense",20260823,49.17021279285351,1.0,0.3457581698894501,0.11880451475722924,5
"PGD estimated, no defense",20260824,43.52634494503339,1.0,0.5907893180847168,0.20460277934854876,20
"PGD estimated, no defense",20260825,48.07817916075388,1.0,0.6497921943664551,0.10126212488968078,7
"PGD estimated, no defense",20260826,44.05366609493891,1.0,0.5776486396789551,0.12001105643862194,21
"PGD estimated, no defense",20260827,47.255247036616005,1.0,0.43679118156433105,0.20687906549067292,10
"PGD estimated, no defense",20260828,-49.4465807825327,0.0,1.221672773361206,0.1841924921059088,60
"PGD estimated, no defense",20260829,48.892781292398766,1.0,0.3795716166496277,0.10170275875593351,5
"PGD estimated, no defense",20260830,47.162397280335426,1.0,0.6190500855445862,0.20197474964459317,16
"PGD estimated, no defense",20260831,43.34021656215191,1.0,0.4578920006752014,0.18470272409502844,21
"PGD estimated, no defense",20260832,49.118410463134445,1.0,0.36562836170196533,0.1698857193937673,8
"PGD estimated, no defense",20260833,-52.13978886604309,0.0,30.64018440246582,0.1480604830948754,60
"PGD estimated, no defense",20260834,49.346098056683935,1.0,0.23981784284114838,0.13014615878051314,5
"PGD estimated, no defense",20260835,47.5371390680472,1.0,0.5890097618103027,0.10659312992735882,12
"PGD estimated, no defense",20260836,49.50082706411679,1.0,0.552531361579895,0.09858813887504565,3
"PGD estimated, no defense",20260837,-71.90505131085713,0.0,25.64226531982422,0.14839505727160643,60
"PGD estimated, no defense",20260838,48.45427167912324,1.0,0.6247813105583191,0.09364902173391587,7
"PGD estimated, no defense",20260839,45.02321619540453,1.0,0.3988547623157501,0.23787704860754996,13
"PGD estimated, no defense",20260840,43.169616098205246,1.0,0.5159215331077576,0.22484364632692636,21
"PGD estimated, no defense",20260841,-17.532803853352867,0.0,3.637302875518799,0.3480396311201232,60
"PGD estimated, no defense",20260842,45.6380385607481,1.0,0.6354948878288269,0.15570839161344255,13
"PGD estimated, no defense",20260843,48.33255573362112,1.0,0.4931463897228241,0.11279750493190543,7
"PGD estimated, no defense",20260844,34.16912064204614,1.0,0.3660949170589447,0.21120094192920477,40
"PGD estimated, no defense",20260845,46.78709539895256,1.0,0.20064257085323334,0.1760117663843082,14
"PGD estimated, no defense",20260846,47.818738055725895,1.0,0.4424164593219757,0.12664201979670786,8
"PGD estimated, no defense",20260847,46.041563987731934,1.0,0.6031746864318848,0.15894870572968603,22
"PGD estimated, no defense",20260848,48.9622528553009,1.0,0.5236279964447021,0.23303692367193068,4
"PGD estimated, no defense",20260849,48.41621013482412,1.0,0.6182923913002014,0.11664848642832089,7
"PGD estimated, no defense",20260850,-111.77420798937479,0.0,49.18944549560547,0.20963327041890886,60
"PGD estimated, no defense",20260851,43.93296079337597,1.0,0.594659686088562,0.12073327321277069,17
"PGD estimated, no defense",20260852,47.21756921211878,1.0,0.39292794466018677,0.3582283092072207,19
"PGD estimated, no defense",20260853,48.36282440523306,1.0,0.42268145084381104,0.11956962897173685,18
"PGD estimated, no defense",20260854,-56.109281500180565,0.0,8.305076599121094,0.16753581287206804,60
"PGD estimated, no defense",20260855,49.713311195373535,1.0,0.3972429037094116,0.08039574896791635,3
"PGD estimated, no defense",20260856,46.5781214038531,1.0,0.42001670598983765,0.23046308557545306,13
"PGD estimated, no defense",20260857,48.50990558167299,1.0,0.30435770750045776,0.1298455603716839,7
"PGD estimated, no defense",20260858,40.27543032169342,1.0,0.6152952313423157,0.20263025961177106,23
"PGD estimated, no defense",20260859,48.62286413336794,1.0,0.16956208646297455,0.1031380467857425,6
"PGD estimated, no defense",20260860,41.05315753569206,1.0,0.4229346811771393,0.16146536402978667,29
"PGD estimated, no defense",20260861,44.5403711895148,1.0,0.6417336463928223,0.14353127337217636,14
"PGD estimated, no defense",20260862,48.7249980121851,1.0,0.5908153653144836,0.11080794843190345,6
"PGD estimated, no defense",20260863,49.684424785276256,1.0,0.23200753331184387,0.16497325595448156,3
"PGD estimated, no defense",20260864,49.66085313012203,1.0,0.47762617468833923,0.10962435510164854,3
"PGD estimated, no defense",20260865,49.1396084104975,1.0,0.47174957394599915,0.1937968628334047,8
"PGD estimated, no defense",20260866,-43.20894393324852,0.0,16.71625518798828,0.16954064257415752,60
"PGD estimated, no defense",20260867,45.75237316389878,1.0,0.6060158610343933,0.18890903317484634,12
"PGD estimated, no defense",20260868,45.83157553523779,1.0,0.0686621367931366,0.11394935825369268,10
"PGD estimated, no defense",20260869,46.628503988186516,1.0,0.6282683610916138,0.16230283814741753,22
"PGD estimated, no defense",20260870,-78.57090751330058,0.0,43.979549407958984,0.1952158610274003,60
"PGD estimated, no defense",20260871,48.00277245541414,1.0,0.44349926710128784,0.2255553020602637,8
"PGD estimated, no defense",20260872,-122.42005880673726,0.0,42.677528381347656,0.163435090801126,60
"PGD estimated, no defense",20260873,-52.06973743438722,0.0,10.672672271728516,0.15877116681239106,60
"PGD estimated, no defense",20260874,40.53316515684128,1.0,0.5182410478591919,0.17488071322316245,46
"PGD estimated, no defense",20260875,-153.34877816836044,0.0,63.30460739135742,0.1730737037036449,60
"PGD estimated, no defense",20260876,29.94468815624713,1.0,0.5730097889900208,0.23403879237672895,56
"PGD estimated, no defense",20260877,44.725907246271774,1.0,0.6182682514190674,0.09867587398482666,16
"PGD estimated, no defense",20260878,34.908021822571754,1.0,0.5018048882484436,0.16736663090947593,32
"PGD estimated, no defense",20260879,-38.773228302598,0.0,9.90497875213623,0.16730120384117092,60
"PGD estimated, no defense",20260880,44.920292253295585,1.0,0.6200365424156189,0.2592540221717897,16
"PGD estimated, no defense",20260881,48.872236619393036,1.0,0.38529354333877563,0.1372218740760432,5
"PGD estimated, no defense",20260882,46.3103953252236,1.0,0.14650171995162964,0.5401886666019032,11
"PGD estimated, no defense",20260883,45.64111197491487,1.0,0.6006740927696228,0.14587157623960434,17
"PGD estimated, no defense",20260884,-37.05859265724817,0.0,9.821598052978516,0.16988116959983726,60
"PGD estimated, no defense",20260885,41.266210796932384,1.0,0.33428946137428284,0.16188909565624773,21
"PGD estimated, no defense",20260886,48.55112131933371,1.0,0.6312427520751953,0.1242698573440626,11
"PGD estimated, no defense",20260887,48.579053635398544,1.0,0.6212033629417419,0.27150785036789815,5
"PGD estimated, no defense",20260888,44.80026939511299,1.0,0.5101143717765808,0.18168143328518496,18
"PGD estimated, no defense",20260889,42.86653620004654,1.0,0.6283623576164246,0.17500726197203112,28
"PGD estimated, no defense",20260890,-134.33706773320836,0.0,56.62607955932617,0.13164821923007433,60
"PGD estimated, no defense",20260891,49.38902993003528,1.0,0.6448417901992798,0.09786723443349847,6
"PGD estimated, no defense",20260892,49.66736379762491,1.0,0.12574690580368042,0.12697198126045106,5
"PGD estimated, no defense",20260893,48.952782690525055,1.0,0.5277653932571411,0.0988139455804191,6
"PGD estimated, no defense",20260894,47.491093918681145,1.0,0.5964767336845398,0.23347494743773053,8
"PGD estimated, no defense",20260895,-111.33223940928777,0.0,44.25330352783203,0.14583135209074333,60
"PGD estimated, no defense",20260896,49.712205938994884,1.0,0.3051010072231293,0.47371314808679554,3
"PGD estimated, no defense",20260897,49.50865585108598,1.0,0.23423689603805542,0.3404818956869376,4
"PGD estimated, no defense",20260898,30.62313798069954,1.0,0.5244157910346985,0.2702309878583129,52
"PGD estimated, no defense",20260899,48.47082750995954,1.0,0.5391741991043091,0.08312828717983783,8
"PGD estimated, no defense",20260900,33.99986740450065,1.0,0.615840494632721,0.16957584265226644,34
"PGD estimated, no defense",20260901,49.16037176549435,1.0,0.4906923770904541,0.2509091042631626,6
"PGD estimated, no defense",20260902,48.4478389074405,1.0,0.627822756767273,0.2569419909323056,12
"PGD estimated, no defense",20260903,49.599483260263995,1.0,0.14384277164936066,0.1212325706033478,4
"PGD estimated, no defense",20260904,49.46512171626091,1.0,0.6184239387512207,0.10864491651368476,5
"PGD estimated, no defense",20260905,45.0924948764344,1.0,0.24678049981594086,0.14108387161469338,14
"PGD estimated, no defense",20260906,45.344062293569245,1.0,0.5191832780838013,0.22064707192015387,19
"PGD estimated, no defense",20260907,-43.13100222746531,0.0,19.295324325561523,0.18895132058563965,60
"PGD estimated, no defense",20260908,45.84047896663348,1.0,0.5837162137031555,0.23066426640644438,21
"PGD estimated, no defense",20260909,47.753870444993176,1.0,0.40979841351509094,0.11391174685541859,11
"PGD estimated, no defense",20260910,47.370089784264565,1.0,0.6468239426612854,0.13183392476341965,11
"PGD estimated, no defense",20260911,48.51386066029469,1.0,0.35250428318977356,0.13962771369321378,6
"PGD estimated, no defense",20260912,-96.10923953851061,0.0,40.842342376708984,0.1509716524544197,60
"PGD estimated, no defense",20260913,49.31918055812518,1.0,0.612075924873352,0.1154407814582768,4
"PGD estimated, no defense",20260914,47.42197707295418,1.0,0.5267398357391357,0.1739911874979807,8
"PGD estimated, no defense",20260915,49.05279904728135,1.0,0.22330550849437714,0.20878027829462711,9
"PGD estimated, no defense",20260916,46.57693109164636,1.0,0.3407496511936188,0.25975501524383066,23
"PGD estimated, no defense",20260917,43.10696528851986,1.0,0.6237844824790955,0.11705997224550124,24
"PGD estimated, no defense",20260918,-59.047802587350205,0.0,24.65411376953125,0.19578619075604822,60
"PGD estimated, no defense",20260919,-69.45076012611389,0.0,29.75999641418457,0.14630995110361955,60
"PGD estimated, no defense",20260920,48.66651175916195,1.0,0.6245574951171875,0.33626113393938034,9
"PGD estimated, no defense",20260921,-103.0558175643285,0.0,23.004308700561523,0.1689211776433539,60
"PGD estimated, no defense",20260922,48.8491469596823,1.0,0.055869847536087036,0.08775906579557324,6
"PGD estimated, no defense",20260923,43.91351155936718,1.0,0.6451331973075867,0.12943905254436966,14
"PGD estimated, no defense",20260924,48.75939843058586,1.0,0.4598524570465088,0.12067245554987217,6
"PGD estimated, no defense",20260925,49.083128323157624,1.0,0.4655614495277405,0.12219792106041819,5
"PGD estimated, no defense",20260926,48.80336647729079,1.0,0.5818516612052917,0.13793384747364443,5
"PGD estimated, no defense",20260927,49.09198997418086,1.0,0.3806878328323364,0.22010381921099592,7
"PGD estimated, no defense",20260928,-120.46846367915472,0.0,70.8029556274414,0.13198089579260805,60
"PGD estimated, no defense",20260929,45.50675115237633,1.0,0.3159240782260895,0.2620872903320165,16
"PGD estimated, no defense",20260930,49.14228005707264,1.0,0.6215285658836365,0.28016416952605966,6
"PGD estimated, no defense",20260931,48.67138214160999,1.0,0.3369457423686981,0.1215396785070862,6
"PGD estimated, no defense",20260932,47.72315995891889,1.0,0.483656644821167,0.1828428424321763,8
"PGD estimated, no defense",20260933,48.924773255983986,1.0,0.44174766540527344,0.2150916065242334,4
"PGD estimated, no defense",20260934,47.11981542408466,1.0,0.5912861227989197,0.18837839205213283,9
"PGD estimated, no defense",20260935,41.884415189425155,1.0,0.45618754625320435,0.20930542943007516,23
"PGD estimated, no defense",20260936,44.24534937739372,1.0,0.5465370416641235,0.13399986345903883,20
"PGD estimated, no defense",20260937,-123.803891936938,0.0,38.3127555847168,0.1443132178327252,60
"PGD estimated, no defense",20260938,48.605262242257595,1.0,0.3444060981273651,0.25153117649768836,6
"PGD estimated, no defense",20260939,-28.943126191695534,0.0,5.2095441818237305,0.3684221388026993,60
"PGD estimated, no defense",20260940,47.31504214306673,1.0,0.535987377166748,0.17062099389870888,23
"PGD estimated, no defense",20260941,46.25601712862651,1.0,0.6206802725791931,0.256906732884158,15
"PGD estimated, no defense",20260942,46.7022889778018,1.0,0.26993057131767273,0.20370612781781025,11
"PGD estimated, no defense",20260943,36.996949922293425,1.0,0.21243970096111298,0.22625477112485518,52
"PGD estimated, no defense",20260944,48.63312446077665,1.0,0.5333389639854431,0.14103111284884504,9
"PGD estimated, no defense",20260945,47.22251469890276,1.0,0.5600989460945129,0.16987799965137224,19
"PGD estimated, no defense",20260946,48.13056372602781,1.0,0.5391494035720825,0.11226869696601297,10
"PGD estimated, no defense",20260947,48.43535645802815,1.0,0.555351972579956,0.1585968692972412,10
"PGD estimated, no defense",20260948,47.15128230303526,1.0,0.4719422161579132,0.21183359148050762,12
"PGD estimated, no defense",20260949,48.31504708776871,1.0,0.45250698924064636,0.2689821334364587,8
"PGD estimated, no defense",20260950,48.803073015064,1.0,0.2001226395368576,0.1322850145978482,7
"PGD estimated, no defense",20260951,49.4999482134978,1.0,0.4644208550453186,0.10292704010406109,5
"PGD estimated, no defense",20260952,48.7712049682935,1.0,0.5689572095870972,0.11637324577383938,7
"PGD estimated, no defense",20260953,48.3468184620142,1.0,0.5681286454200745,0.3179726403988875,7
"PGD estimated, no defense",20260954,47.70025848845641,1.0,0.5791398286819458,0.22085568355544716,8
"PGD estimated, no defense",20260955,46.50966094682614,1.0,0.4414995610713959,0.33308926936678873,27
"PGD estimated, no defense",20260956,48.433859681089714,1.0,0.18685829639434814,0.22784444602973447,8
"PGD estimated, no defense",20260957,43.82505207260449,1.0,0.6079046726226807,0.2474571880004018,22
"PGD estimated, no defense",20260958,48.23462058479587,1.0,0.18615765869617462,0.11650414485791816,12
"PGD estimated, no defense",20260959,-24.55037593841552,0.0,7.317193031311035,0.18547404180897084,60
"PGD estimated, no defense",20260960,48.534985790650055,1.0,0.6154935956001282,0.25528832669221346,7
"PGD estimated, no defense",20260961,48.92376441756884,1.0,0.4990953207015991,0.12260652054684469,5
"PGD estimated, no defense",20260962,47.206690569718674,1.0,0.5866444110870361,0.1705379438637762,10
"PGD estimated, no defense",20260963,46.52300454179446,1.0,0.6327837705612183,0.16746671123086973,25
"PGD estimated, no defense",20260964,49.12568403283755,1.0,0.595342755317688,0.2688662004787431,4
"PGD estimated, no defense",20260965,47.190975561738014,1.0,0.5660891532897949,0.15814873499954635,14
"PGD estimated, no defense",20260966,-85.56812763214111,0.0,41.24139404296875,0.14540982853331444,60
"PGD estimated, no defense",20260967,49.381892412900925,1.0,0.5253101587295532,0.17207188513136873,6
"PGD estimated, no defense",20260968,-72.33617248137793,0.0,36.94449234008789,0.19199763913935536,60
"PGD estimated, no defense",20260969,-125.6718294620514,0.0,40.21424102783203,0.14004902514791936,60
"PGD estimated, no defense",20260970,-35.99732487400373,0.0,0.8753345608711243,0.14550360655571679,60
"PGD estimated, no defense",20260971,44.80675056576729,1.0,0.3756869435310364,0.30976613797091085,18
"PGD estimated, no defense",20260972,47.26698242624601,1.0,0.6432721614837646,0.23622076069665526,8
"PGD estimated, no defense",20260973,43.008445101479694,1.0,0.34760305285453796,0.23137331327050215,18
"PGD estimated, no defense",20260974,47.82091246545315,1.0,0.3881070017814636,0.15916965297374724,8
"PGD estimated, no defense",20260975,-84.46931482354798,0.0,53.660789489746094,0.19208860423120505,60
"PGD estimated, no defense",20260976,-106.83691405256589,0.0,54.11347579956055,0.15819457391402975,60
"PGD estimated, no defense",20260977,49.419376293818154,1.0,0.41734206676483154,0.10442392282621367,7
"PGD estimated, no defense",20260978,48.39541952311993,1.0,0.5067727565765381,0.1276647870572539,7
"PGD estimated, no defense",20260979,45.29771813750267,1.0,0.5343219041824341,0.20037781026425147,27
"PGD estimated, no defense",20260980,-58.775697549184144,0.0,16.65357208251953,0.15476019725398824,60
"PGD estimated, no defense",20260981,-81.035559296608,0.0,9.654867172241211,0.1981172976282071,60
"PGD estimated, no defense",20260982,-33.057289262612656,0.0,9.036249160766602,0.2112278295526984,60
"PGD estimated + CovAdap, lambda=0.5",20260733,49.6834673260649,1.0,0.4506423771381378,0.1952320861969187,3
"PGD estimated + CovAdap, lambda=0.5",20260734,49.095220467696585,1.0,0.1296313852071762,0.08957897087972867,5
"PGD estimated + CovAdap, lambda=0.5",20260735,49.577093094587326,1.0,0.5418025851249695,0.1418387765910308,4
"PGD estimated + CovAdap, lambda=0.5",20260736,-63.85359177986782,0.0,15.158221244812012,0.1392351072447253,60
"PGD estimated + CovAdap, lambda=0.5",20260737,47.56455574929714,1.0,0.5909557938575745,0.11578552547957026,9
"PGD estimated + CovAdap, lambda=0.5",20260738,42.07066944489876,1.0,0.1425975263118744,0.16550343728970093,30
"PGD estimated + CovAdap, lambda=0.5",20260739,45.63769838834803,1.0,0.1596098393201828,0.16606839221512523,20
"PGD estimated + CovAdap, lambda=0.5",20260740,48.0140538563331,1.0,0.4397050738334656,0.154555728068694,6
"PGD estimated + CovAdap, lambda=0.5",20260741,44.41797674944004,1.0,0.47632673382759094,0.1693824466661755,26
"PGD estimated + CovAdap, lambda=0.5",20260742,46.81420350074768,1.0,0.6225923299789429,0.6225976150361721,9
"PGD estimated + CovAdap, lambda=0.5",20260743,47.21150722106297,1.0,0.6350248456001282,0.21745423058486457,9
"PGD estimated + CovAdap, lambda=0.5",20260744,42.12269348402818,1.0,0.3091445565223694,0.20219747068556093,24
"PGD estimated + CovAdap, lambda=0.5",20260745,47.34002004315456,1.0,0.4900641143321991,0.09265386007302658,9
"PGD estimated + CovAdap, lambda=0.5",20260746,44.52885418136914,1.0,0.17328166961669922,0.1066026574400919,12
"PGD estimated + CovAdap, lambda=0.5",20260747,49.10141402234633,1.0,0.4276343882083893,0.19173587426122676,5
"PGD estimated + CovAdap, lambda=0.5",20260748,49.173474026223026,1.0,0.4041188657283783,0.11379221094654933,4
"PGD estimated + CovAdap, lambda=0.5",20260749,-124.53222054243089,0.0,60.64213562011719,0.14833259434985177,60
"PGD estimated + CovAdap, lambda=0.5",20260750,48.95590831339359,1.0,0.5996495485305786,0.21020973184028127,6
"PGD estimated + CovAdap, lambda=0.5",20260751,48.69211872170369,1.0,0.4898761808872223,0.11257261037063644,7
"PGD estimated + CovAdap, lambda=0.5",20260752,-96.44139493505159,0.0,47.14458084106445,0.14536775144790026,60
"PGD estimated + CovAdap, lambda=0.5",20260753,46.65497383475304,1.0,0.3918339014053345,0.15820389811818433,15
"PGD estimated + CovAdap, lambda=0.5",20260754,47.455689711496234,1.0,0.07703258842229843,0.1459175843863904,9
"PGD estimated + CovAdap, lambda=0.5",20260755,47.19391091912985,1.0,0.37073150277137756,0.16426620190638905,11
"PGD estimated + CovAdap, lambda=0.5",20260756,-99.25619094073774,0.0,52.026878356933594,0.15104575867897826,60
"PGD estimated + CovAdap, lambda=0.5",20260757,45.748357678453125,1.0,0.47692036628723145,0.21907210627636636,13
"PGD estimated + CovAdap, lambda=0.5",20260758,49.57204261918863,1.0,0.4020700454711914,0.4219397592036581,4
"PGD estimated + CovAdap, lambda=0.5",20260759,-106.02780816952388,0.0,54.18224334716797,0.15674993703264703,60
"PGD estimated + CovAdap, lambda=0.5",20260760,-45.91123191515605,0.0,3.4694790840148926,0.15450432590838098,60
"PGD estimated + CovAdap, lambda=0.5",20260761,48.56428358455499,1.0,0.3259570002555847,0.15414432206544276,9
"PGD estimated + CovAdap, lambda=0.5",20260762,47.789271468917526,1.0,0.22516554594039917,0.16822456309909864,10
"PGD estimated + CovAdap, lambda=0.5",20260763,-93.66030896703403,0.0,47.12293243408203,0.14741985120075202,60
"PGD estimated + CovAdap, lambda=0.5",20260764,49.14692554871242,1.0,0.5867851972579956,0.12808464752541193,5
"PGD estimated + CovAdap, lambda=0.5",20260765,49.0956259816885,1.0,0.5658849477767944,0.08992139063512476,6
"PGD estimated + CovAdap, lambda=0.5",20260766,45.17474376658598,1.0,0.530376136302948,0.2996058116070241,19
"PGD estimated + CovAdap, lambda=0.5",20260767,-101.61785340309143,0.0,61.923919677734375,0.14616350358659125,60
"PGD estimated + CovAdap, lambda=0.5",20260768,49.51837329566479,1.0,0.4555869698524475,0.0994167904667769,4
"PGD estimated + CovAdap, lambda=0.5",20260769,47.97633072237174,1.0,0.5301900506019592,0.11081401476640412,9
"PGD estimated + CovAdap, lambda=0.5",20260770,-22.14863670865695,0.0,4.4306230545043945,0.1247520279058292,60
"PGD estimated + CovAdap, lambda=0.5",20260771,48.45509289701779,1.0,0.5752600431442261,0.2774541970736582,9
"PGD estimated + CovAdap, lambda=0.5",20260772,49.3329440827171,1.0,0.24704763293266296,0.09942263904724132,4
"PGD estimated + CovAdap, lambda=0.5",20260773,47.211508102715015,1.0,0.4337696135044098,0.121511631926951,11
"PGD estimated + CovAdap, lambda=0.5",20260774,49.37850532929103,1.0,0.4022037982940674,0.12076435270900307,4
"PGD estimated + CovAdap, lambda=0.5",20260775,48.11864413321018,1.0,0.5937908887863159,0.1279500791789938,9
"PGD estimated + CovAdap, lambda=0.5",20260776,-76.70153745015463,0.0,31.090003967285156,0.1570310352522491,60
"PGD estimated + CovAdap, lambda=0.5",20260777,-66.39986673990886,0.0,30.019779205322266,0.1333155146313579,60
"PGD estimated + CovAdap, lambda=0.5",20260778,41.50251654783885,1.0,0.6210705041885376,0.12288077369669582,22
"PGD estimated + CovAdap, lambda=0.5",20260779,49.23339561124643,1.0,0.5544145703315735,0.1095919565885602,6
"PGD estimated + CovAdap, lambda=0.5",20260780,47.57113797465961,1.0,0.2720295786857605,0.11282779830646955,13
"PGD estimated + CovAdap, lambda=0.5",20260781,41.47933678825696,1.0,0.5298309326171875,0.17884149699134616,28
"PGD estimated + CovAdap, lambda=0.5",20260782,-60.66518789529801,0.0,36.525123596191406,0.1630089621806486,60
"PGD estimated + CovAdap, lambda=0.5",20260783,-29.240953008333836,0.0,8.460481643676758,0.2031459687498199,60
"PGD estimated + CovAdap, lambda=0.5",20260784,-56.78730289141337,0.0,21.55305290222168,0.15207421906533095,60
"PGD estimated + CovAdap, lambda=0.5",20260785,47.21650033444166,1.0,0.3058840334415436,0.15982839913657243,12
"PGD estimated + CovAdap, lambda=0.5",20260786,46.00320781519015,1.0,0.4732203185558319,0.22075407239129496,18
"PGD estimated + CovAdap, lambda=0.5",20260787,48.67683285474777,1.0,0.4912951588630676,0.16120762265052313,9
"PGD estimated + CovAdap, lambda=0.5",20260788,49.795121019085244,1.0,0.3141278624534607,0.567735894910013,2
"PGD estimated + CovAdap, lambda=0.5",20260789,49.02169220149517,1.0,0.11241495609283447,0.2104606401346884,7
"PGD estimated + CovAdap, lambda=0.5",20260790,49.69970882435639,1.0,0.27169138193130493,0.20705799720548912,3
"PGD estimated + CovAdap, lambda=0.5",20260791,48.84773709873358,1.0,0.5864498615264893,0.19367752607700237,6
"PGD estimated + CovAdap, lambda=0.5",20260792,49.5281352798144,1.0,0.5945717692375183,0.08539559133380817,4
"PGD estimated + CovAdap, lambda=0.5",20260793,47.27277475595474,1.0,0.4255383610725403,0.12727999839352394,12
"PGD estimated + CovAdap, lambda=0.5",20260794,-63.04348821441332,0.0,33.269046783447266,0.16907793584015593,60
"PGD estimated + CovAdap, lambda=0.5",20260795,-59.23099021116893,0.0,27.856767654418945,0.1327187367842178,60
"PGD estimated + CovAdap, lambda=0.5",20260796,48.54853259027004,1.0,0.5488091111183167,0.17898296105957243,5
"PGD estimated + CovAdap, lambda=0.5",20260797,47.03376567363739,1.0,0.3400237560272217,0.14023850464445722,12
"PGD estimated + CovAdap, lambda=0.5",20260798,-111.81363191207251,0.0,42.235015869140625,0.15017465939529315,60
"PGD estimated + CovAdap, lambda=0.5",20260799,-166.73045547803244,0.0,69.3382797241211,0.1466102166769694,60
"PGD estimated + CovAdap, lambda=0.5",20260800,48.87611284355322,1.0,0.27151793241500854,0.2082089701921558,7
"PGD estimated + CovAdap, lambda=0.5",20260801,46.816141272584595,1.0,0.6382225155830383,0.20140960963198926,19
"PGD estimated + CovAdap, lambda=0.5",20260802,-55.30988732973734,0.0,24.60231590270996,0.1577349834870729,60
"PGD estimated + CovAdap, lambda=0.5",20260803,43.582176362474755,1.0,0.6265015006065369,0.17947305872525032,45
"PGD estimated + CovAdap, lambda=0.5",20260804,48.120339592297874,1.0,0.5596150159835815,0.0966185429698087,7
"PGD estimated + CovAdap, lambda=0.5",20260805,-87.32307306925458,0.0,36.7966194152832,0.16435179018987917,60
"PGD estimated + CovAdap, lambda=0.5",20260806,49.657310495773956,1.0,0.5916303396224976,0.4257560661436978,3
"PGD estimated + CovAdap, lambda=0.5",20260807,47.77612819770972,1.0,0.5215253829956055,0.14886583916478072,20
"PGD estimated + CovAdap, lambda=0.5",20260808,43.09794783592224,1.0,0.38761258125305176,0.18452435728867284,17
"PGD estimated + CovAdap, lambda=0.5",20260809,47.83210550714284,1.0,0.0312812365591526,0.13321862447109065,15
"PGD estimated + CovAdap, lambda=0.5",20260810,43.12634325027466,1.0,0.6204134225845337,0.13051247373710775,16
"PGD estimated + CovAdap, lambda=0.5",20260811,48.41174002240101,1.0,0.39820101857185364,0.1115439898160936,7
"PGD estimated + CovAdap, lambda=0.5",20260812,49.38363501429558,1.0,0.47753995656967163,0.09776585683457312,5
"PGD estimated + CovAdap, lambda=0.5",20260813,47.97501554340124,1.0,0.21958866715431213,0.13392840411501294,13
"PGD estimated + CovAdap, lambda=0.5",20260814,46.39678763846556,1.0,0.5819002985954285,0.10994099467762507,11
"PGD estimated + CovAdap, lambda=0.5",20260815,49.175883673131466,1.0,0.34747645258903503,0.11856993817509828,5
"PGD estimated + CovAdap, lambda=0.5",20260816,36.27570049340527,1.0,0.09239323437213898,0.1406130006949744,37
"PGD estimated + CovAdap, lambda=0.5",20260817,35.87639193733533,1.0,0.5632973909378052,0.11887989294970128,28
"PGD estimated + CovAdap, lambda=0.5",20260818,49.207613895336785,1.0,0.5784945487976074,0.10373347420398543,4
"PGD estimated + CovAdap, lambda=0.5",20260819,47.38884696861108,1.0,0.3775397539138794,0.15691445688902905,10
"PGD estimated + CovAdap, lambda=0.5",20260820,-39.742490569750466,0.0,8.176041603088379,0.14844155938622094,60
"PGD estimated + CovAdap, lambda=0.5",20260821,45.81077693899472,1.0,0.5878517627716064,0.13766743095681588,14
"PGD estimated + CovAdap, lambda=0.5",20260822,-33.758006632328026,0.0,4.9196367263793945,0.1509405260383103,60
"PGD estimated + CovAdap, lambda=0.5",20260823,48.995895847678185,1.0,0.645693838596344,0.11489167980831495,7
"PGD estimated + CovAdap, lambda=0.5",20260824,43.49564821521441,1.0,0.39616531133651733,0.1998754286816459,21
"PGD estimated + CovAdap, lambda=0.5",20260825,48.07817916075388,1.0,0.6497921943664551,0.10126212488968078,7
"PGD estimated + CovAdap, lambda=0.5",20260826,44.05366609493891,1.0,0.5776486396789551,0.12001105643862194,21
"PGD estimated + CovAdap, lambda=0.5",20260827,47.345414876937866,1.0,0.5550862550735474,0.1222981373219123,9
"PGD estimated + CovAdap, lambda=0.5",20260828,6.93997788429261,1.0,0.6460705995559692,0.18299505590155166,56
"PGD estimated + CovAdap, lambda=0.5",20260829,48.892781292398766,1.0,0.3795716166496277,0.10170275875593351,5
"PGD estimated + CovAdap, lambda=0.5",20260830,47.26962843288978,1.0,0.4838516414165497,0.15432988250668306,16
"PGD estimated + CovAdap, lambda=0.5",20260831,43.36649444450935,1.0,0.46165111660957336,0.1500815105054371,21
"PGD estimated + CovAdap, lambda=0.5",20260832,49.16979216039181,1.0,0.6367796659469604,0.18296354439578927,7
"PGD estimated + CovAdap, lambda=0.5",20260833,-52.15385347604752,0.0,30.640310287475586,0.13582984085911998,60
"PGD estimated + CovAdap, lambda=0.5",20260834,49.346098056683935,1.0,0.23981784284114838,0.13014615878051314,5
"PGD estimated + CovAdap, lambda=0.5",20260835,47.5371390680472,1.0,0.5890097618103027,0.10659312992735882,12
"PGD estimated + CovAdap, lambda=0.5",20260836,49.50082706411679,1.0,0.552531361579895,0.09858813887504565,3
"PGD estimated + CovAdap, lambda=0.5",20260837,-71.89490596453348,0.0,25.632511138916016,0.1498745806684187,60
"PGD estimated + CovAdap, lambda=0.5",20260838,48.45427167912324,1.0,0.6247813105583191,0.09364902173391587,7
"PGD estimated + CovAdap, lambda=0.5",20260839,45.03136448562145,1.0,0.3989914059638977,0.2124696834649941,13
"PGD estimated + CovAdap, lambda=0.5",20260840,43.48842792212963,1.0,0.42748361825942993,0.14651040099412255,20
"PGD estimated + CovAdap, lambda=0.5",20260841,45.19720873733361,1.0,0.6398009061813354,0.26513144380252507,19
"PGD estimated + CovAdap, lambda=0.5",20260842,45.639479875564575,1.0,0.6400325298309326,0.14955676380812194,13
"PGD estimated + CovAdap, lambda=0.5",20260843,48.33255573362112,1.0,0.4931463897228241,0.11279750493190543,7
"PGD estimated + CovAdap, lambda=0.5",20260844,34.84634032348792,1.0,0.3564147353172302,0.1727554977924249,40
"PGD estimated + CovAdap, lambda=0.5",20260845,46.790606855104365,1.0,0.2144840508699417,0.15975931724478423,14
"PGD estimated + CovAdap, lambda=0.5",20260846,47.818738055725895,1.0,0.4424164593219757,0.12664201979670786,8
"PGD estimated + CovAdap, lambda=0.5",20260847,46.73721293111642,1.0,0.6256673336029053,0.13099448346711154,19
"PGD estimated + CovAdap, lambda=0.5",20260848,48.591760009527206,1.0,0.41680121421813965,0.12603970830474137,9
"PGD estimated + CovAdap, lambda=0.5",20260849,48.41621013482412,1.0,0.6182923913002014,0.11664848642832089,7
"PGD estimated + CovAdap, lambda=0.5",20260850,49.10306717952093,1.0,0.5833625793457031,0.20345415774067852,4
"PGD estimated + CovAdap, lambda=0.5",20260851,43.93296079337597,1.0,0.594659686088562,0.12073327321277069,17
"PGD estimated + CovAdap, lambda=0.5",20260852,47.81654730935892,1.0,0.3226090669631958,0.2132313467168086,16
"PGD estimated + CovAdap, lambda=0.5",20260853,48.36282440523306,1.0,0.42268145084381104,0.11956962897173685,18
"PGD estimated + CovAdap, lambda=0.5",20260854,-56.1060430208842,0.0,8.304576873779297,0.15534743715775098,60
"PGD estimated + CovAdap, lambda=0.5",20260855,49.713311195373535,1.0,0.3972429037094116,0.08039574896791635,3
"PGD estimated + CovAdap, lambda=0.5",20260856,46.91432149459918,1.0,0.4613560140132904,0.15241760190471568,10
"PGD estimated + CovAdap, lambda=0.5",20260857,48.584676990906395,1.0,0.5976608991622925,0.11333057064426927,6
"PGD estimated + CovAdap, lambda=0.5",20260858,40.32889825105667,1.0,0.5854580998420715,0.16742620080633433,23
"PGD estimated + CovAdap, lambda=0.5",20260859,48.62286413336794,1.0,0.16956208646297455,0.1031380467857425,6
"PGD estimated + CovAdap, lambda=0.5",20260860,41.05707400292158,1.0,0.4229273498058319,0.15107080530226433,29
"PGD estimated + CovAdap, lambda=0.5",20260861,44.548441817363106,1.0,0.6237353682518005,0.14962382117346798,14
"PGD estimated + CovAdap, lambda=0.5",20260862,48.7249980121851,1.0,0.5908153653144836,0.11080794843190345,6
"PGD estimated + CovAdap, lambda=0.5",20260863,49.684424785276256,1.0,0.23200753331184387,0.16497325595448156,3
"PGD estimated + CovAdap, lambda=0.5",20260864,49.66085313012203,1.0,0.47762617468833923,0.10962435510164854,3
"PGD estimated + CovAdap, lambda=0.5",20260865,49.15207469214996,1.0,0.416034072637558,0.18180035118543217,8
"PGD estimated + CovAdap, lambda=0.5",20260866,-43.18289794524511,0.0,16.678133010864258,0.16649173262683223,60
"PGD estimated + CovAdap, lambda=0.5",20260867,45.79488147671024,1.0,0.1374274045228958,0.1866408694210667,12
"PGD estimated + CovAdap, lambda=0.5",20260868,45.829952868943415,1.0,0.08096035569906235,0.12757946566184314,10
"PGD estimated + CovAdap, lambda=0.5",20260869,46.5418878843387,1.0,0.6298539638519287,0.1433896146048675,22
"PGD estimated + CovAdap, lambda=0.5",20260870,-78.14005233844121,0.0,43.8680419921875,0.1700297026345071,60
"PGD estimated + CovAdap, lambda=0.5",20260871,48.0550689175725,1.0,0.4963853657245636,0.17702803890968588,7
"PGD estimated + CovAdap, lambda=0.5",20260872,-122.42226080099745,0.0,42.67945861816406,0.16723744441719282,60
"PGD estimated + CovAdap, lambda=0.5",20260873,-52.05188983678816,0.0,10.672628402709961,0.15870636517059583,60
"PGD estimated + CovAdap, lambda=0.5",20260874,41.16912779211998,1.0,0.5683642029762268,0.13899275435238692,40
"PGD estimated + CovAdap, lambda=0.5",20260875,-152.41937983036044,0.0,63.08054733276367,0.1727636647241628,60
"PGD estimated + CovAdap, lambda=0.5",20260876,32.04620503385863,1.0,0.4945313334465027,0.18892087461185117,56
"PGD estimated + CovAdap, lambda=0.5",20260877,44.725907246271774,1.0,0.6182682514190674,0.09867587398482666,16
"PGD estimated + CovAdap, lambda=0.5",20260878,35.05815939605235,1.0,0.6339468955993652,0.14585419799466925,31
"PGD estimated + CovAdap, lambda=0.5",20260879,-38.74348856508732,0.0,9.899639129638672,0.17599267683946918,60
"PGD estimated + CovAdap, lambda=0.5",20260880,45.00819220145544,1.0,0.36196446418762207,0.17197553634997684,17
"PGD estimated + CovAdap, lambda=0.5",20260881,48.87193061659734,1.0,0.3690723478794098,0.1708575732945931,5
"PGD estimated + CovAdap, lambda=0.5",20260882,46.37673721897105,1.0,0.09377346187829971,0.48807760111484233,11
"PGD estimated + CovAdap, lambda=0.5",20260883,45.63630271454652,1.0,0.6004534959793091,0.13104078234889072,17
"PGD estimated + CovAdap, lambda=0.5",20260884,-36.77205755313238,0.0,9.731590270996094,0.15760388060233374,60
"PGD estimated + CovAdap, lambda=0.5",20260885,41.29102541257938,1.0,0.3061867654323578,0.13758372753706216,21
"PGD estimated + CovAdap, lambda=0.5",20260886,48.55112131933371,1.0,0.6312427520751953,0.1242698573440626,11
"PGD estimated + CovAdap, lambda=0.5",20260887,48.5503333757321,1.0,0.3079267144203186,0.12564608683487852,6
"PGD estimated + CovAdap, lambda=0.5",20260888,44.857090363899864,1.0,0.5099948644638062,0.141092313700365,18
"PGD estimated + CovAdap, lambda=0.5",20260889,42.91718654086192,1.0,0.20300152897834778,0.15275779427988098,28
"PGD estimated + CovAdap, lambda=0.5",20260890,-134.34638497233394,0.0,56.629451751708984,0.14155321796056372,60
"PGD estimated + CovAdap, lambda=0.5",20260891,49.38902993003528,1.0,0.6448417901992798,0.09786723443349847,6
"PGD estimated + CovAdap, lambda=0.5",20260892,49.66736379762491,1.0,0.12574690580368042,0.12697198126045106,5
"PGD estimated + CovAdap, lambda=0.5",20260893,48.952782690525055,1.0,0.5277653932571411,0.0988139455804191,6
"PGD estimated + CovAdap, lambda=0.5",20260894,47.49661108106375,1.0,0.4755823314189911,0.22482676232951618,8
"PGD estimated + CovAdap, lambda=0.5",20260895,-111.32889089981715,0.0,44.250877380371094,0.14880791003143734,60
"PGD estimated + CovAdap, lambda=0.5",20260896,49.55964375038942,1.0,0.5353009104728699,0.24269836520485386,5
"PGD estimated + CovAdap, lambda=0.5",20260897,49.46492758393288,1.0,0.5156986117362976,0.16879359737387606,4
"PGD estimated + CovAdap, lambda=0.5",20260898,31.729645704229668,1.0,0.450464129447937,0.2050718455528709,51
"PGD estimated + CovAdap, lambda=0.5",20260899,48.47082750995954,1.0,0.5391741991043091,0.08312828717983783,8
"PGD estimated + CovAdap, lambda=0.5",20260900,34.1779461701711,1.0,0.5781794786453247,0.15882755599987797,34
"PGD estimated + CovAdap, lambda=0.5",20260901,49.357097973426185,1.0,0.6209238767623901,0.1828869804726806,3
"PGD estimated + CovAdap, lambda=0.5",20260902,48.90128741661708,1.0,0.5860736966133118,0.12785684819808824,7
"PGD estimated + CovAdap, lambda=0.5",20260903,49.599483260263995,1.0,0.14384277164936066,0.1212325706033478,4
"PGD estimated + CovAdap, lambda=0.5",20260904,49.46512171626091,1.0,0.6184239387512207,0.10864491651368476,5
"PGD estimated + CovAdap, lambda=0.5",20260905,45.065518294771515,1.0,0.513990044593811,0.12628619661262383,14
"PGD estimated + CovAdap, lambda=0.5",20260906,45.40671921769778,1.0,0.5054250955581665,0.17012974790276666,19
"PGD estimated + CovAdap, lambda=0.5",20260907,-42.71686607599258,0.0,19.006620407104492,0.1717533569516566,60
"PGD estimated + CovAdap, lambda=0.5",20260908,45.862219815452896,1.0,0.5177938342094421,0.16797467669639463,23
"PGD estimated + CovAdap, lambda=0.5",20260909,47.753870444993176,1.0,0.40979841351509094,0.11391174685541859,11
"PGD estimated + CovAdap, lambda=0.5",20260910,47.370089784264565,1.0,0.6468239426612854,0.13183392476341965,11
"PGD estimated + CovAdap, lambda=0.5",20260911,48.51307115455469,1.0,0.35242825746536255,0.14592637992078666,6
"PGD estimated + CovAdap, lambda=0.5",20260912,-96.19720204671225,0.0,40.850563049316406,0.13824768351168226,60
"PGD estimated + CovAdap, lambda=0.5",20260913,49.31918055812518,1.0,0.612075924873352,0.1154407814582768,4
"PGD estimated + CovAdap, lambda=0.5",20260914,47.432791498800114,1.0,0.39696672558784485,0.131361248153203,8
"PGD estimated + CovAdap, lambda=0.5",20260915,49.253515653312206,1.0,0.3752926290035248,0.13754839281150144,6
"PGD estimated + CovAdap, lambda=0.5",20260916,46.91587538768848,1.0,0.340419203042984,0.1853889331242522,23
"PGD estimated + CovAdap, lambda=0.5",20260917,43.10543196400007,1.0,0.6236541271209717,0.14063954243403629,24
"PGD estimated + CovAdap, lambda=0.5",20260918,48.16139046599468,1.0,0.15389713644981384,0.2620012349041516,6
"PGD estimated + CovAdap, lambda=0.5",20260919,-69.2051059405009,0.0,29.68589210510254,0.14885545512735535,60
"PGD estimated + CovAdap, lambda=0.5",20260920,49.084369023640946,1.0,0.4650048017501831,0.18858266404486307,5
"PGD estimated + CovAdap, lambda=0.5",20260921,-103.0361725091934,0.0,22.999387741088867,0.16009679464983495,60
"PGD estimated + CovAdap, lambda=0.5",20260922,48.8491469596823,1.0,0.055869847536087036,0.08775906579557324,6
"PGD estimated + CovAdap, lambda=0.5",20260923,43.91351155936718,1.0,0.6451331973075867,0.12943905254436966,14
"PGD estimated + CovAdap, lambda=0.5",20260924,48.75939843058586,1.0,0.4598524570465088,0.12067245554987217,6
"PGD estimated + CovAdap, lambda=0.5",20260925,49.083128323157624,1.0,0.4655614495277405,0.12219792106041819,5
"PGD estimated + CovAdap, lambda=0.5",20260926,48.80336647729079,1.0,0.5818516612052917,0.13793384747364443,5
"PGD estimated + CovAdap, lambda=0.5",20260927,49.10726308822632,1.0,0.38010847568511963,0.09981803267607671,7
"PGD estimated + CovAdap, lambda=0.5",20260928,-120.46844778458279,0.0,70.80292510986328,0.13369825641292887,60
"PGD estimated + CovAdap, lambda=0.5",20260929,45.59120140224695,1.0,0.30904558300971985,0.17588607052660726,16
"PGD estimated + CovAdap, lambda=0.5",20260930,49.38794784992933,1.0,0.4492396414279938,0.1471579022063687,4
"PGD estimated + CovAdap, lambda=0.5",20260931,48.67138214160999,1.0,0.3369457423686981,0.1215396785070862,6
"PGD estimated + CovAdap, lambda=0.5",20260932,47.7391233916084,1.0,0.39456871151924133,0.1254873184148657,8
"PGD estimated + CovAdap, lambda=0.5",20260933,48.93245090047519,1.0,0.4063687324523926,0.18713085333794532,4
"PGD estimated + CovAdap, lambda=0.5",20260934,47.15277323126793,1.0,0.5103282928466797,0.13461018781510403,9
"PGD estimated + CovAdap, lambda=0.5",20260935,41.98257428904375,1.0,0.45873087644577026,0.15820515276351024,23
"PGD estimated + CovAdap, lambda=0.5",20260936,44.24534937739372,1.0,0.5465370416641235,0.13399986345903883,20
"PGD estimated + CovAdap, lambda=0.5",20260937,-123.84059194723764,0.0,38.31779479980469,0.13649314419351496,60
"PGD estimated + CovAdap, lambda=0.5",20260938,48.6152523731192,1.0,0.3112434446811676,0.23288496742927245,6
"PGD estimated + CovAdap, lambda=0.5",20260939,-23.325593695044514,0.0,3.6343612670898438,0.22069513392224985,60
"PGD estimated + CovAdap, lambda=0.5",20260940,47.409999733169876,1.0,0.5359877943992615,0.13516241787156769,23
"PGD estimated + CovAdap, lambda=0.5",20260941,46.54976810514927,1.0,0.599862813949585,0.23130747326004236,14
"PGD estimated + CovAdap, lambda=0.5",20260942,46.791925137241684,1.0,0.5483965873718262,0.16251837668158214,10
"PGD estimated + CovAdap, lambda=0.5",20260943,39.72548192242782,1.0,0.6032781004905701,0.20395234198118672,41
"PGD estimated + CovAdap, lambda=0.5",20260944,48.63312446077665,1.0,0.5333389639854431,0.14103111284884504,9
"PGD estimated + CovAdap, lambda=0.5",20260945,47.71247807145119,1.0,0.4381873607635498,0.14276424044367644,15
"PGD estimated + CovAdap, lambda=0.5",20260946,48.13056372602781,1.0,0.5391494035720825,0.11226869696601297,10
"PGD estimated + CovAdap, lambda=0.5",20260947,48.42333867649237,1.0,0.5661490559577942,0.19564371895766539,10
"PGD estimated + CovAdap, lambda=0.5",20260948,47.46423964202404,1.0,0.3967527747154236,0.16375601448720525,9
"PGD estimated + CovAdap, lambda=0.5",20260949,48.354758610328034,1.0,0.576319694519043,0.15426744072232892,9
"PGD estimated + CovAdap, lambda=0.5",20260950,48.803073015064,1.0,0.2001226395368576,0.1322850145978482,7
"PGD estimated + CovAdap, lambda=0.5",20260951,49.4999482134978,1.0,0.4644208550453186,0.10292704010406109,5
"PGD estimated + CovAdap, lambda=0.5",20260952,48.7712049682935,1.0,0.5689572095870972,0.11637324577383938,7
"PGD estimated + CovAdap, lambda=0.5",20260953,48.3959546238184,1.0,0.5884242653846741,0.24578333320256454,7
"PGD estimated + CovAdap, lambda=0.5",20260954,47.741893246769905,1.0,0.5031039714813232,0.18217646932773854,8
"PGD estimated + CovAdap, lambda=0.5",20260955,47.922056779265404,1.0,0.5128440856933594,0.16202296862766377,15
"PGD estimated + CovAdap, lambda=0.5",20260956,48.55596696337064,1.0,0.4668024778366089,0.15912011958178696,6
"PGD estimated + CovAdap, lambda=0.5",20260957,43.91328137119611,1.0,0.55027174949646,0.1642694400923548,22
"PGD estimated + CovAdap, lambda=0.5",20260958,48.23462058479587,1.0,0.18615765869617462,0.11650414485791816,12
"PGD estimated + CovAdap, lambda=0.5",20260959,-24.308198084433876,0.0,7.341343879699707,0.1541749003231613,60
"PGD estimated + CovAdap, lambda=0.5",20260960,48.599520037571594,1.0,0.4681916832923889,0.16327004007820886,7
"PGD estimated + CovAdap, lambda=0.5",20260961,48.92376441756884,1.0,0.4990953207015991,0.12260652054684469,5
"PGD estimated + CovAdap, lambda=0.5",20260962,47.00703828285138,1.0,0.4759322702884674,0.1328791756114804,13
"PGD estimated + CovAdap, lambda=0.5",20260963,46.62247197329998,1.0,0.5961153507232666,0.14996004756702508,25
"PGD estimated + CovAdap, lambda=0.5",20260964,49.1220009525617,1.0,0.6159356832504272,0.21890892045703772,4
"PGD estimated + CovAdap, lambda=0.5",20260965,47.228793581326805,1.0,0.15717047452926636,0.15017699909023613,14
"PGD estimated + CovAdap, lambda=0.5",20260966,49.134680022796,1.0,0.39110416173934937,0.15030818936221416,7
"PGD estimated + CovAdap, lambda=0.5",20260967,49.41681231061617,1.0,0.3426513671875,0.13524128057420434,6
"PGD estimated + CovAdap, lambda=0.5",20260968,-72.34502637386322,0.0,36.946136474609375,0.19519823732048425,60
"PGD estimated + CovAdap, lambda=0.5",20260969,-125.6488019227982,0.0,40.21794509887695,0.1394763231736485,60
"PGD estimated + CovAdap, lambda=0.5",20260970,-36.00195087989172,0.0,0.8752743005752563,0.14853271598570392,60
"PGD estimated + CovAdap, lambda=0.5",20260971,45.09861974914868,1.0,0.6395983695983887,0.20968823660448155,15
"PGD estimated + CovAdap, lambda=0.5",20260972,47.367769775291286,1.0,0.15763011574745178,0.17957579306035748,8
"PGD estimated + CovAdap, lambda=0.5",20260973,43.019024819135666,1.0,0.34749937057495117,0.21293953680278854,18
"PGD estimated + CovAdap, lambda=0.5",20260974,47.82091246545315,1.0,0.3881070017814636,0.15916965297374724,8
"PGD estimated + CovAdap, lambda=0.5",20260975,46.66764303048452,1.0,0.5499987006187439,0.172870127997761,12
"PGD estimated + CovAdap, lambda=0.5",20260976,-106.07324505845708,0.0,53.94987487792969,0.15604919338291764,60
"PGD estimated + CovAdap, lambda=0.5",20260977,49.419376293818154,1.0,0.41734206676483154,0.10442392282621367,7
"PGD estimated + CovAdap, lambda=0.5",20260978,48.39541952311993,1.0,0.5067727565765381,0.1276647870572539,7
"PGD estimated + CovAdap, lambda=0.5",20260979,45.582107355197266,1.0,0.4628608226776123,0.18504579560427584,24
"PGD estimated + CovAdap, lambda=0.5",20260980,-58.7821007569631,0.0,16.658090591430664,0.16056293359971083,60
"PGD estimated + CovAdap, lambda=0.5",20260981,-75.72031870484352,0.0,9.149955749511719,0.1770973206537602,60
"PGD estimated + CovAdap, lambda=0.5",20260982,-29.54412307341894,0.0,8.32651138305664,0.1700187784125655,60
"PGD estimated + CovAdap, lambda=1.0",20260733,49.704027255376175,1.0,0.3905463218688965,0.17166839770640055,3
"PGD estimated + CovAdap, lambda=1.0",20260734,49.095220467696585,1.0,0.1296313852071762,0.08957897087972867,5
"PGD estimated + CovAdap, lambda=1.0",20260735,49.577093094587326,1.0,0.5418025851249695,0.1418387765910308,4
"PGD estimated + CovAdap, lambda=1.0",20260736,-63.84891496102016,0.0,15.156745910644531,0.1426496248327215,60
"PGD estimated + CovAdap, lambda=1.0",20260737,47.56455574929714,1.0,0.5909557938575745,0.11578552547957026,9
"PGD estimated + CovAdap, lambda=1.0",20260738,42.09117875124018,1.0,0.14006958901882172,0.16237722207953192,30
"PGD estimated + CovAdap, lambda=1.0",20260739,45.65254297231635,1.0,0.14775551855564117,0.1666391282243829,20
"PGD estimated + CovAdap, lambda=1.0",20260740,48.0181058049202,1.0,0.4080160856246948,0.1329643320891753,6
"PGD estimated + CovAdap, lambda=1.0",20260741,44.407967818280056,1.0,0.4744965136051178,0.16817983230450204,26
"PGD estimated + CovAdap, lambda=1.0",20260742,46.80341196681063,1.0,0.12151210010051727,0.5491984800386519,10
"PGD estimated + CovAdap, lambda=1.0",20260743,47.21033685902754,1.0,0.634934663772583,0.20407920560864093,9
"PGD estimated + CovAdap, lambda=1.0",20260744,42.15897134194771,1.0,0.13891729712486267,0.19568650272400698,24
"PGD estimated + CovAdap, lambda=1.0",20260745,47.34002004315456,1.0,0.4900641143321991,0.09265386007302658,9
"PGD estimated + CovAdap, lambda=1.0",20260746,44.52885418136914,1.0,0.17328166961669922,0.1066026574400919,12
"PGD estimated + CovAdap, lambda=1.0",20260747,49.09389901161194,1.0,0.4488943815231323,0.1813864679621366,5
"PGD estimated + CovAdap, lambda=1.0",20260748,49.173474026223026,1.0,0.4041188657283783,0.11379221094654933,4
"PGD estimated + CovAdap, lambda=1.0",20260749,-124.52955450614293,0.0,60.6411018371582,0.14886766405158144,60
"PGD estimated + CovAdap, lambda=1.0",20260750,48.96206875642141,1.0,0.5257242321968079,0.20767595957352655,6
"PGD estimated + CovAdap, lambda=1.0",20260751,48.69211872170369,1.0,0.4898761808872223,0.11257261037063644,7
"PGD estimated + CovAdap, lambda=1.0",20260752,-96.40224538246791,0.0,47.13454055786133,0.14546799492517498,60
"PGD estimated + CovAdap, lambda=1.0",20260753,46.65776182959477,1.0,0.39165380597114563,0.1604917422002641,15
"PGD estimated + CovAdap, lambda=1.0",20260754,47.469364892070494,1.0,0.04980318993330002,0.1365829200127321,9
"PGD estimated + CovAdap, lambda=1.0",20260755,47.1917124936978,1.0,0.37872952222824097,0.16051149442712778,11
"PGD estimated + CovAdap, lambda=1.0",20260756,47.927466536561646,1.0,0.5781607627868652,0.14626942750687685,8
"PGD estimated + CovAdap, lambda=1.0",20260757,45.82540895541509,1.0,0.5196890830993652,0.21326638311061819,12
"PGD estimated + CovAdap, lambda=1.0",20260758,49.56843110918999,1.0,0.38640064001083374,0.41940662528433503,4
"PGD estimated + CovAdap, lambda=1.0",20260759,-106.06587074200311,0.0,54.187225341796875,0.1591485935005216,60
"PGD estimated + CovAdap, lambda=1.0",20260760,-45.8657025496165,0.0,3.3409390449523926,0.15122459584311915,60
"PGD estimated + CovAdap, lambda=1.0",20260761,48.56759711106618,1.0,0.3224959969520569,0.14664179504359814,9
"PGD estimated + CovAdap, lambda=1.0",20260762,47.8012517678241,1.0,0.22487075626850128,0.1585310432087621,10
"PGD estimated + CovAdap, lambda=1.0",20260763,-93.66048273444177,0.0,47.122806549072266,0.147884538141238,60
"PGD estimated + CovAdap, lambda=1.0",20260764,49.14692554871242,1.0,0.5867851972579956,0.12808464752541193,5
"PGD estimated + CovAdap, lambda=1.0",20260765,49.0956259816885,1.0,0.5658849477767944,0.08992139063512476,6
"PGD estimated + CovAdap, lambda=1.0",20260766,45.60978742688894,1.0,0.46033188700675964,0.2908885766275199,17
"PGD estimated + CovAdap, lambda=1.0",20260767,-101.60364874204001,0.0,61.924720764160156,0.14899547345251996,60
"PGD estimated + CovAdap, lambda=1.0",20260768,49.51837329566479,1.0,0.4555869698524475,0.0994167904667769,4
"PGD estimated + CovAdap, lambda=1.0",20260769,47.97633072237174,1.0,0.5301900506019592,0.11081401476640412,9
"PGD estimated + CovAdap, lambda=1.0",20260770,-22.164034813642502,0.0,4.430517196655273,0.12537543287475658,60
"PGD estimated + CovAdap, lambda=1.0",20260771,48.46452025075754,1.0,0.5889193415641785,0.2606537959673494,9
"PGD estimated + CovAdap, lambda=1.0",20260772,49.3329440827171,1.0,0.24704763293266296,0.09942263904724132,4
"PGD estimated + CovAdap, lambda=1.0",20260773,47.20731306821108,1.0,0.43933454155921936,0.11400192759662552,11
"PGD estimated + CovAdap, lambda=1.0",20260774,49.37850532929103,1.0,0.4022037982940674,0.12076435270900307,4
"PGD estimated + CovAdap, lambda=1.0",20260775,48.123736237486206,1.0,0.5790849924087524,0.12447688573387111,9
"PGD estimated + CovAdap, lambda=1.0",20260776,-76.70796751976013,0.0,31.08856964111328,0.15087660677827103,60
"PGD estimated + CovAdap, lambda=1.0",20260777,-66.39894123872122,0.0,30.01976203918457,0.13920971316641187,60
"PGD estimated + CovAdap, lambda=1.0",20260778,41.5021918664376,1.0,0.6210752725601196,0.12412422018287356,22
"PGD estimated + CovAdap, lambda=1.0",20260779,49.23339561124643,1.0,0.5544145703315735,0.1095919565885602,6
"PGD estimated + CovAdap, lambda=1.0",20260780,47.57113797465961,1.0,0.2720295786857605,0.11282779830646955,13
"PGD estimated + CovAdap, lambda=1.0",20260781,41.54636454333862,1.0,0.4617655575275421,0.17186473533671248,28
"PGD estimated + CovAdap, lambda=1.0",20260782,-60.67256889740625,0.0,36.52738952636719,0.17038405133958173,60
"PGD estimated + CovAdap, lambda=1.0",20260783,-28.63549348215262,0.0,8.335908889770508,0.19475155491918922,60
"PGD estimated + CovAdap, lambda=1.0",20260784,-56.792814652125045,0.0,21.55304527282715,0.14640498507011887,60
"PGD estimated + CovAdap, lambda=1.0",20260785,47.21961029867331,1.0,0.3060372471809387,0.15492029102305038,12
"PGD estimated + CovAdap, lambda=1.0",20260786,46.01104600727558,1.0,0.4669245481491089,0.21075609777520085,18
"PGD estimated + CovAdap, lambda=1.0",20260787,48.678241190811,1.0,0.48942044377326965,0.16352155788110395,9
"PGD estimated + CovAdap, lambda=1.0",20260788,49.832574881613255,1.0,0.3314777910709381,0.5037887643123955,2
"PGD estimated + CovAdap, lambda=1.0",20260789,49.02670997194946,1.0,0.10329058021306992,0.19884085458027093,7
"PGD estimated + CovAdap, lambda=1.0",20260790,49.694292118151985,1.0,0.28920042514801025,0.19115443608637775,3
"PGD estimated + CovAdap, lambda=1.0",20260791,48.860823740561806,1.0,0.5195646286010742,0.18364748963304353,6
"PGD estimated + CovAdap, lambda=1.0",20260792,49.5281352798144,1.0,0.5945717692375183,0.08539559133380817,4
"PGD estimated + CovAdap, lambda=1.0",20260793,47.27277475595474,1.0,0.4255383610725403,0.12727999839352394,12
"PGD estimated + CovAdap, lambda=1.0",20260794,-63.05078050494194,0.0,33.26934051513672,0.1679751447132267,60
"PGD estimated + CovAdap, lambda=1.0",20260795,-59.224118947982774,0.0,27.855676651000977,0.13379677639970583,60
"PGD estimated + CovAdap, lambda=1.0",20260796,48.554836740096405,1.0,0.5446399450302124,0.15218028847529771,5
"PGD estimated + CovAdap, lambda=1.0",20260797,47.020385491351284,1.0,0.3786925971508026,0.13539787809226486,12
"PGD estimated + CovAdap, lambda=1.0",20260798,-111.81800709168115,0.0,42.2382926940918,0.14840089060179118,60
"PGD estimated + CovAdap, lambda=1.0",20260799,-166.73759142557782,0.0,69.33985900878906,0.14556688932235104,60
"PGD estimated + CovAdap, lambda=1.0",20260800,48.886903093506895,1.0,0.23729126155376434,0.2007700258071054,7
"PGD estimated + CovAdap, lambda=1.0",20260801,47.922356521089874,1.0,0.6289363503456116,0.2111555956469526,7
"PGD estimated + CovAdap, lambda=1.0",20260802,-55.29717210928601,0.0,24.601165771484375,0.15696217609706203,60
"PGD estimated + CovAdap, lambda=1.0",20260803,43.84199445446332,1.0,0.6496419906616211,0.18099712042615848,42
"PGD estimated + CovAdap, lambda=1.0",20260804,48.120339592297874,1.0,0.5596150159835815,0.0966185429698087,7
"PGD estimated + CovAdap, lambda=1.0",20260805,-87.31909279028577,0.0,36.79791259765625,0.16728624530628078,60
"PGD estimated + CovAdap, lambda=1.0",20260806,49.658601964513466,1.0,0.5786886811256409,0.5065138791710507,3
"PGD estimated + CovAdap, lambda=1.0",20260807,47.76944477359454,1.0,0.5215256214141846,0.15041389756446763,20
"PGD estimated + CovAdap, lambda=1.0",20260808,43.10219946751992,1.0,0.38826867938041687,0.1766746913581748,17
"PGD estimated + CovAdap, lambda=1.0",20260809,47.83210550714284,1.0,0.0312812365591526,0.13321862447109065,15
"PGD estimated + CovAdap, lambda=1.0",20260810,43.12634325027466,1.0,0.6204134225845337,0.13051247373710775,16
"PGD estimated + CovAdap, lambda=1.0",20260811,48.40167454878489,1.0,0.4286138415336609,0.11434368232930019,7
"PGD estimated + CovAdap, lambda=1.0",20260812,49.38363501429558,1.0,0.47753995656967163,0.09776585683457312,5
"PGD estimated + CovAdap, lambda=1.0",20260813,47.98054108271996,1.0,0.21484574675559998,0.13264276914860215,13
"PGD estimated + CovAdap, lambda=1.0",20260814,46.39678763846556,1.0,0.5819002985954285,0.10994099467762507,11
"PGD estimated + CovAdap, lambda=1.0",20260815,49.175883673131466,1.0,0.34747645258903503,0.11856993817509828,5
"PGD estimated + CovAdap, lambda=1.0",20260816,36.26568218700898,1.0,0.00905959215015173,0.14079133463647853,37
"PGD estimated + CovAdap, lambda=1.0",20260817,35.876547177632645,1.0,0.5632655620574951,0.12147356009235723,28
"PGD estimated + CovAdap, lambda=1.0",20260818,49.207613895336785,1.0,0.5784945487976074,0.10373347420398543,4
"PGD estimated + CovAdap, lambda=1.0",20260819,47.37789920469125,1.0,0.5381516218185425,0.14141395894424663,10
"PGD estimated + CovAdap, lambda=1.0",20260820,-39.74790489673615,0.0,8.176018714904785,0.14691073194586843,60
"PGD estimated + CovAdap, lambda=1.0",20260821,45.817979400356606,1.0,0.5546558499336243,0.13993390612562878,14
"PGD estimated + CovAdap, lambda=1.0",20260822,-33.74937365452449,0.0,4.919785022735596,0.14837406729214322,60
"PGD estimated + CovAdap, lambda=1.0",20260823,48.99028033018112,1.0,0.6445928812026978,0.11887504046103926,7
"PGD estimated + CovAdap, lambda=1.0",20260824,43.48928845922152,1.0,0.4229450225830078,0.2073974872538928,21
"PGD estimated + CovAdap, lambda=1.0",20260825,48.07817916075388,1.0,0.6497921943664551,0.10126212488968078,7
"PGD estimated + CovAdap, lambda=1.0",20260826,44.05366609493891,1.0,0.5776486396789551,0.12001105643862194,21
"PGD estimated + CovAdap, lambda=1.0",20260827,47.34454721709092,1.0,0.5720458626747131,0.11269751610631079,9
"PGD estimated + CovAdap, lambda=1.0",20260828,6.943848888079309,1.0,0.6473779678344727,0.1812054327452773,56
"PGD estimated + CovAdap, lambda=1.0",20260829,48.892781292398766,1.0,0.3795716166496277,0.10170275875593351,5
"PGD estimated + CovAdap, lambda=1.0",20260830,47.28325724353393,1.0,0.4739750325679779,0.14976355119807983,16
"PGD estimated + CovAdap, lambda=1.0",20260831,43.369636066257954,1.0,0.4616475999355316,0.14651497574441114,21
"PGD estimated + CovAdap, lambda=1.0",20260832,49.169080689549446,1.0,0.6453173160552979,0.18489325042434895,7
"PGD estimated + CovAdap, lambda=1.0",20260833,-52.15838472048442,0.0,30.640382766723633,0.13617403612131543,60
"PGD estimated + CovAdap, lambda=1.0",20260834,49.346098056683935,1.0,0.23981784284114838,0.13014615878051314,5
"PGD estimated + CovAdap, lambda=1.0",20260835,47.5371390680472,1.0,0.5890097618103027,0.10659312992735882,12
"PGD estimated + CovAdap, lambda=1.0",20260836,49.50082706411679,1.0,0.552531361579895,0.09858813887504565,3
"PGD estimated + CovAdap, lambda=1.0",20260837,-71.89521129926047,0.0,25.630531311035156,0.15218939544367177,60
"PGD estimated + CovAdap, lambda=1.0",20260838,48.45427167912324,1.0,0.6247813105583191,0.09364902173391587,7
"PGD estimated + CovAdap, lambda=1.0",20260839,45.03509519000848,1.0,0.3990490436553955,0.19928516560615922,13
"PGD estimated + CovAdap, lambda=1.0",20260840,43.512890197336674,1.0,0.41061273217201233,0.14011396032141007,20
"PGD estimated + CovAdap, lambda=1.0",20260841,45.26321302851041,1.0,0.5674077868461609,0.23454505571529105,19
"PGD estimated + CovAdap, lambda=1.0",20260842,45.63963689406713,1.0,0.6404712200164795,0.15018739661450503,13
"PGD estimated + CovAdap, lambda=1.0",20260843,48.33255573362112,1.0,0.4931463897228241,0.11279750493190543,7
"PGD estimated + CovAdap, lambda=1.0",20260844,34.90822991728783,1.0,0.3574531674385071,0.16921581507020664,40
"PGD estimated + CovAdap, lambda=1.0",20260845,46.78863648325205,1.0,0.2148955762386322,0.16556425230288715,14
"PGD estimated + CovAdap, lambda=1.0",20260846,47.818738055725895,1.0,0.4424164593219757,0.12664201979670786,8
"PGD estimated + CovAdap, lambda=1.0",20260847,47.8157002578179,1.0,0.5799320340156555,0.13786063000656415,9
"PGD estimated + CovAdap, lambda=1.0",20260848,48.56601386765639,1.0,0.41624724864959717,0.12541296137757463,9
"PGD estimated + CovAdap, lambda=1.0",20260849,48.41621013482412,1.0,0.6182923913002014,0.11664848642832089,7
"PGD estimated + CovAdap, lambda=1.0",20260850,49.103125979503,1.0,0.5708439350128174,0.20264485346284003,4
"PGD estimated + CovAdap, lambda=1.0",20260851,43.93296079337597,1.0,0.594659686088562,0.12073327321277069,17
"PGD estimated + CovAdap, lambda=1.0",20260852,47.846729815006256,1.0,0.29432588815689087,0.19869898302046302,16
"PGD estimated + CovAdap, lambda=1.0",20260853,48.36282440523306,1.0,0.42268145084381104,0.11956962897173685,18
"PGD estimated + CovAdap, lambda=1.0",20260854,-56.10529319445291,0.0,8.30423641204834,0.15143049754905283,60
"PGD estimated + CovAdap, lambda=1.0",20260855,49.713311195373535,1.0,0.3972429037094116,0.08039574896791635,3
"PGD estimated + CovAdap, lambda=1.0",20260856,46.91649857660135,1.0,0.4619414210319519,0.14915204951271824,10
"PGD estimated + CovAdap, lambda=1.0",20260857,48.59024105966091,1.0,0.5853448510169983,0.11194192429197945,6
"PGD estimated + CovAdap, lambda=1.0",20260858,40.334424182772636,1.0,0.5825992226600647,0.16363000204043404,23
"PGD estimated + CovAdap, lambda=1.0",20260859,48.62286413336794,1.0,0.16956208646297455,0.1031380467857425,6
"PGD estimated + CovAdap, lambda=1.0",20260860,41.059148731331035,1.0,0.42292162775993347,0.146389355545701,29
"PGD estimated + CovAdap, lambda=1.0",20260861,44.54984883964062,1.0,0.6201167106628418,0.15106837475462953,14
"PGD estimated + CovAdap, lambda=1.0",20260862,48.7249980121851,1.0,0.5908153653144836,0.11080794843190345,6
"PGD estimated + CovAdap, lambda=1.0",20260863,49.684424785276256,1.0,0.23200753331184387,0.16497325595448156,3
"PGD estimated + CovAdap, lambda=1.0",20260864,49.66085313012203,1.0,0.47762617468833923,0.10962435510164854,3
"PGD estimated + CovAdap, lambda=1.0",20260865,49.152345004181065,1.0,0.41723397374153137,0.18169569374123068,8
"PGD estimated + CovAdap, lambda=1.0",20260866,-43.1647929251194,0.0,16.649925231933594,0.16514107223293387,60
"PGD estimated + CovAdap, lambda=1.0",20260867,45.79693894460797,1.0,0.09736622869968414,0.1925234875341905,12
"PGD estimated + CovAdap, lambda=1.0",20260868,45.828834538037576,1.0,0.08924490958452225,0.13464475992908295,10
"PGD estimated + CovAdap, lambda=1.0",20260869,46.53096894423167,1.0,0.6296601891517639,0.14389878001463008,22
"PGD estimated + CovAdap, lambda=1.0",20260870,-78.03784181674321,0.0,43.837982177734375,0.16957193545061233,60
"PGD estimated + CovAdap, lambda=1.0",20260871,48.05481248348951,1.0,0.48188158869743347,0.17688343183611568,7
"PGD estimated + CovAdap, lambda=1.0",20260872,-122.4246516227722,0.0,42.67985916137695,0.16857909026214565,60
"PGD estimated + CovAdap, lambda=1.0",20260873,-52.03818211952844,0.0,10.67262077331543,0.1573733446171954,60
"PGD estimated + CovAdap, lambda=1.0",20260874,41.163358430067696,1.0,0.588151752948761,0.14049785151774355,40
"PGD estimated + CovAdap, lambda=1.0",20260875,-152.08123473326364,0.0,62.999176025390625,0.17330810314863293,60
"PGD estimated + CovAdap, lambda=1.0",20260876,32.48648886382579,1.0,0.45924198627471924,0.18229403574449882,56
"PGD estimated + CovAdap, lambda=1.0",20260877,44.725907246271774,1.0,0.6182682514190674,0.09867587398482666,16
"PGD estimated + CovAdap, lambda=1.0",20260878,35.0778853247563,1.0,0.5433242917060852,0.1453822903055671,31
"PGD estimated + CovAdap, lambda=1.0",20260879,-38.73460528751215,0.0,9.897673606872559,0.1765666356183105,60
"PGD estimated + CovAdap, lambda=1.0",20260880,44.997405253350735,1.0,0.3867999017238617,0.16395436035769428,17
"PGD estimated + CovAdap, lambda=1.0",20260881,48.871782114108406,1.0,0.36596953868865967,0.17810626219932707,5
"PGD estimated + CovAdap, lambda=1.0",20260882,46.39177388635774,1.0,0.12458793073892593,0.4751727895260504,11
"PGD estimated + CovAdap, lambda=1.0",20260883,45.63521447777748,1.0,0.6004345417022705,0.12965337591438417,17
"PGD estimated + CovAdap, lambda=1.0",20260884,-36.587155878543854,0.0,9.671299934387207,0.1524487206309973,60
"PGD estimated + CovAdap, lambda=1.0",20260885,41.32082775235176,1.0,0.6412603259086609,0.1353229295857472,20
"PGD estimated + CovAdap, lambda=1.0",20260886,48.55112131933371,1.0,0.6312427520751953,0.1242698573440626,11
"PGD estimated + CovAdap, lambda=1.0",20260887,48.54584042727947,1.0,0.29426610469818115,0.10482183572853941,6
"PGD estimated + CovAdap, lambda=1.0",20260888,44.87042351067066,1.0,0.5099844932556152,0.13420479704397006,18
"PGD estimated + CovAdap, lambda=1.0",20260889,42.91605348264178,1.0,0.19398672878742218,0.15273694195048834,28
"PGD estimated + CovAdap, lambda=1.0",20260890,-134.35734555125237,0.0,56.633445739746094,0.14499509359694368,60
"PGD estimated + CovAdap, lambda=1.0",20260891,49.38902993003528,1.0,0.6448417901992798,0.09786723443349847,6
"PGD estimated + CovAdap, lambda=1.0",20260892,49.66736379762491,1.0,0.12574690580368042,0.12697198126045106,5
"PGD estimated + CovAdap, lambda=1.0",20260893,48.952782690525055,1.0,0.5277653932571411,0.0988139455804191,6
"PGD estimated + CovAdap, lambda=1.0",20260894,47.4931026250124,1.0,0.4714431166648865,0.2402878716629142,8
"PGD estimated + CovAdap, lambda=1.0",20260895,-111.32218116521837,0.0,44.24533462524414,0.14966369132026075,60
"PGD estimated + CovAdap, lambda=1.0",20260896,49.53725830217203,1.0,0.6178287863731384,0.22948430393863345,5
"PGD estimated + CovAdap, lambda=1.0",20260897,49.458459521333374,1.0,0.5497190952301025,0.15420799349647601,4
"PGD estimated + CovAdap, lambda=1.0",20260898,32.1237352391084,1.0,0.4733182191848755,0.1916631111693342,50
"PGD estimated + CovAdap, lambda=1.0",20260899,48.47082750995954,1.0,0.5391741991043091,0.08312828717983783,8
"PGD estimated + CovAdap, lambda=1.0",20260900,34.25334372123082,1.0,0.5640363693237305,0.16169735363149446,34
"PGD estimated + CovAdap, lambda=1.0",20260901,49.33428927262624,1.0,0.20824825763702393,0.1681862482983774,4
"PGD estimated + CovAdap, lambda=1.0",20260902,48.905766497055694,1.0,0.5791834592819214,0.13053265744013293,7
"PGD estimated + CovAdap, lambda=1.0",20260903,49.599483260263995,1.0,0.14384277164936066,0.1212325706033478,4
"PGD estimated + CovAdap, lambda=1.0",20260904,49.46512171626091,1.0,0.6184239387512207,0.10864491651368476,5
"PGD estimated + CovAdap, lambda=1.0",20260905,45.06013124187787,1.0,0.5516031384468079,0.13692448063391918,14
"PGD estimated + CovAdap, lambda=1.0",20260906,45.413874785105385,1.0,0.503930389881134,0.16945980259938778,19
"PGD estimated + CovAdap, lambda=1.0",20260907,-42.62363765637081,0.0,18.939929962158203,0.16760519018171155,60
"PGD estimated + CovAdap, lambda=1.0",20260908,45.862834105889,1.0,0.5515605807304382,0.1647575292727838,23
"PGD estimated + CovAdap, lambda=1.0",20260909,47.753870444993176,1.0,0.40979841351509094,0.11391174685541859,11
"PGD estimated + CovAdap, lambda=1.0",20260910,47.370089784264565,1.0,0.6468239426612854,0.13183392476341965,11
"PGD estimated + CovAdap, lambda=1.0",20260911,48.51295311500628,1.0,0.3523903787136078,0.147548988168732,6
"PGD estimated + CovAdap, lambda=1.0",20260912,-96.23573553562164,0.0,40.85550308227539,0.13654936107765153,60
"PGD estimated + CovAdap, lambda=1.0",20260913,49.31918055812518,1.0,0.612075924873352,0.1154407814582768,4
"PGD estimated + CovAdap, lambda=1.0",20260914,47.433134635289505,1.0,0.3928490877151489,0.12645974875688368,8
"PGD estimated + CovAdap, lambda=1.0",20260915,49.24237937231859,1.0,0.5089280009269714,0.1374950346438547,6
"PGD estimated + CovAdap, lambda=1.0",20260916,46.97172011683385,1.0,0.34032461047172546,0.18320138015185733,23
"PGD estimated + CovAdap, lambda=1.0",20260917,43.10504857202371,1.0,0.6236122846603394,0.14536887890633834,24
"PGD estimated + CovAdap, lambda=1.0",20260918,48.16522326475631,1.0,0.056456875056028366,0.2557604754530221,6
"PGD estimated + CovAdap, lambda=1.0",20260919,-69.23150889078777,0.0,29.692787170410156,0.15012085351371177,60
"PGD estimated + CovAdap, lambda=1.0",20260920,49.08608832707008,1.0,0.40797707438468933,0.17853437682098186,5
"PGD estimated + CovAdap, lambda=1.0",20260921,-103.02875741322838,0.0,23.001604080200195,0.15816218916021393,60
"PGD estimated + CovAdap, lambda=1.0",20260922,48.8491469596823,1.0,0.055869847536087036,0.08775906579557324,6
"PGD estimated + CovAdap, lambda=1.0",20260923,43.91351155936718,1.0,0.6451331973075867,0.12943905254436966,14
"PGD estimated + CovAdap, lambda=1.0",20260924,48.75939843058586,1.0,0.4598524570465088,0.12067245554987217,6
"PGD estimated + CovAdap, lambda=1.0",20260925,49.083128323157624,1.0,0.4655614495277405,0.12219792106041819,5
"PGD estimated + CovAdap, lambda=1.0",20260926,48.80336647729079,1.0,0.5818516612052917,0.13793384747364443,5
"PGD estimated + CovAdap, lambda=1.0",20260927,49.106365442276,1.0,0.38025087118148804,0.09060441587951477,7
"PGD estimated + CovAdap, lambda=1.0",20260928,-120.46843697627385,0.0,70.80292510986328,0.13313482986139127,60
"PGD estimated + CovAdap, lambda=1.0",20260929,45.60029459744692,1.0,0.3083997070789337,0.16620167715563783,16
"PGD estimated + CovAdap, lambda=1.0",20260930,49.40482768416405,1.0,0.47179114818573,0.1239389314980475,4
"PGD estimated + CovAdap, lambda=1.0",20260931,48.67138214160999,1.0,0.3369457423686981,0.1215396785070862,6
"PGD estimated + CovAdap, lambda=1.0",20260932,47.73519775271416,1.0,0.4315429925918579,0.12929353303065105,8
"PGD estimated + CovAdap, lambda=1.0",20260933,48.933232774337135,1.0,0.401697039604187,0.18769142421230303,4
"PGD estimated + CovAdap, lambda=1.0",20260934,47.159506472448506,1.0,0.4910993278026581,0.1272753086268588,9
"PGD estimated + CovAdap, lambda=1.0",20260935,41.99328518907229,1.0,0.4598844051361084,0.15782057073375927,23
"PGD estimated + CovAdap, lambda=1.0",20260936,44.24534937739372,1.0,0.5465370416641235,0.13399986345903883,20
"PGD estimated + CovAdap, lambda=1.0",20260937,-123.85800222555798,0.0,38.31917953491211,0.13421764272950712,60
"PGD estimated + CovAdap, lambda=1.0",20260938,48.61648084719976,1.0,0.30521106719970703,0.23008408993904936,6
"PGD estimated + CovAdap, lambda=1.0",20260939,40.84050680696964,1.0,0.5411167740821838,0.14491366780302858,20
"PGD estimated + CovAdap, lambda=1.0",20260940,47.41782084107399,1.0,0.535987377166748,0.13232660066610458,23
"PGD estimated + CovAdap, lambda=1.0",20260941,46.472877606749535,1.0,0.460116446018219,0.18985899941566664,16
"PGD estimated + CovAdap, lambda=1.0",20260942,46.803361202279724,1.0,0.5231600999832153,0.1710292447506112,10
"PGD estimated + CovAdap, lambda=1.0",20260943,41.46412325153749,1.0,0.43101367354393005,0.19479557572327455,32
"PGD estimated + CovAdap, lambda=1.0",20260944,48.63312446077665,1.0,0.5333389639854431,0.14103111284884504,9
"PGD estimated + CovAdap, lambda=1.0",20260945,47.715053034325436,1.0,0.4314654767513275,0.13941847695965845,15
"PGD estimated + CovAdap, lambda=1.0",20260946,48.13056372602781,1.0,0.5391494035720825,0.11226869696601297,10
"PGD estimated + CovAdap, lambda=1.0",20260947,48.41698497533798,1.0,0.5706695318222046,0.20977530756052593,10
"PGD estimated + CovAdap, lambda=1.0",20260948,47.47729260226091,1.0,0.36116230487823486,0.15760499841594167,9
"PGD estimated + CovAdap, lambda=1.0",20260949,48.3660563280185,1.0,0.560912013053894,0.14865140247770758,9
"PGD estimated + CovAdap, lambda=1.0",20260950,48.803073015064,1.0,0.2001226395368576,0.1322850145978482,7
"PGD estimated + CovAdap, lambda=1.0",20260951,49.4999482134978,1.0,0.4644208550453186,0.10292704010406109,5
"PGD estimated + CovAdap, lambda=1.0",20260952,48.7712049682935,1.0,0.5689572095870972,0.11637324577383938,7
"PGD estimated + CovAdap, lambda=1.0",20260953,48.39594051241875,1.0,0.5881012678146362,0.2402490530225259,7
"PGD estimated + CovAdap, lambda=1.0",20260954,47.799745728572205,1.0,0.6103308200836182,0.1676325380774823,7
"PGD estimated + CovAdap, lambda=1.0",20260955,47.929150293270744,1.0,0.48352670669555664,0.15872806077433738,15
"PGD estimated + CovAdap, lambda=1.0",20260956,48.54773498574893,1.0,0.5658611059188843,0.15380116991045514,6
"PGD estimated + CovAdap, lambda=1.0",20260957,43.935171479980156,1.0,0.5351444482803345,0.1572427046661997,22
"PGD estimated + CovAdap, lambda=1.0",20260958,48.23462058479587,1.0,0.18615765869617462,0.11650414485791816,12
"PGD estimated + CovAdap, lambda=1.0",20260959,-24.320775747299198,0.0,7.349842548370361,0.15592539804257333,60
"PGD estimated + CovAdap, lambda=1.0",20260960,48.604093208909035,1.0,0.49863773584365845,0.15683859630381086,7
"PGD estimated + CovAdap, lambda=1.0",20260961,48.92376441756884,1.0,0.4990953207015991,0.12260652054684469,5
"PGD estimated + CovAdap, lambda=1.0",20260962,46.99870793024699,1.0,0.4815194606781006,0.13142452655413925,13
"PGD estimated + CovAdap, lambda=1.0",20260963,46.62607283890247,1.0,0.5938020944595337,0.15215062759278353,25
"PGD estimated + CovAdap, lambda=1.0",20260964,49.12100906173388,1.0,0.6194539070129395,0.2138950161576774,4
"PGD estimated + CovAdap, lambda=1.0",20260965,47.223158902178206,1.0,0.2334011048078537,0.15811866045711548,14
"PGD estimated + CovAdap, lambda=1.0",20260966,49.13233328362306,1.0,0.4192650318145752,0.14666602731275669,7
"PGD estimated + CovAdap, lambda=1.0",20260967,49.41967849433422,1.0,0.33716070652008057,0.13388075488127818,6
"PGD estimated + CovAdap, lambda=1.0",20260968,-72.35392556587855,0.0,36.9473991394043,0.19597723796752467,60
"PGD estimated + CovAdap, lambda=1.0",20260969,-125.64470565319061,0.0,40.2225456237793,0.13887884325905453,60
"PGD estimated + CovAdap, lambda=1.0",20260970,-36.004060904184975,0.0,0.8752554655075073,0.14854234015513823,60
"PGD estimated + CovAdap, lambda=1.0",20260971,45.103328774372734,1.0,0.6397479772567749,0.1927920545003034,15
"PGD estimated + CovAdap, lambda=1.0",20260972,47.391836903989315,1.0,0.07560107111930847,0.1646266471754455,8
"PGD estimated + CovAdap, lambda=1.0",20260973,43.02108423908551,1.0,0.3474652171134949,0.20973483803084403,18
"PGD estimated + CovAdap, lambda=1.0",20260974,47.82091246545315,1.0,0.3881070017814636,0.15916965297374724,8
"PGD estimated + CovAdap, lambda=1.0",20260975,46.692254806558296,1.0,0.5162296891212463,0.1624420440450523,12
"PGD estimated + CovAdap, lambda=1.0",20260976,-106.04530462622641,0.0,53.943233489990234,0.15369563068667097,60
"PGD estimated + CovAdap, lambda=1.0",20260977,49.419376293818154,1.0,0.41734206676483154,0.10442392282621367,7
"PGD estimated + CovAdap, lambda=1.0",20260978,48.39541952311993,1.0,0.5067727565765381,0.1276647870572539,7
"PGD estimated + CovAdap, lambda=1.0",20260979,45.55288756390413,1.0,0.5191565155982971,0.1887919652008189,24
"PGD estimated + CovAdap, lambda=1.0",20260980,-58.78722691535949,0.0,16.661544799804688,0.16289411119820554,60
"PGD estimated + CovAdap, lambda=1.0",20260981,-74.95282741387685,0.0,9.095154762268066,0.17675143311143277,60
"PGD estimated + CovAdap, lambda=1.0",20260982,-29.227814217408497,0.0,8.207220077514648,0.1662711274847828,60
"PGD estimated + CovAdap, lambda=2.0",20260733,49.714711452523865,1.0,0.35967761278152466,0.15916848379501483,3
"PGD estimated + CovAdap, lambda=2.0",20260734,49.095220467696585,1.0,0.1296313852071762,0.08957897087972867,5
"PGD estimated + CovAdap, lambda=2.0",20260735,49.577093094587326,1.0,0.5418025851249695,0.1418387765910308,4
"PGD estimated + CovAdap, lambda=2.0",20260736,-63.84624658028285,0.0,15.155625343322754,0.14835902136349227,60
"PGD estimated + CovAdap, lambda=2.0",20260737,47.56455574929714,1.0,0.5909557938575745,0.11578552547957026,9
"PGD estimated + CovAdap, lambda=2.0",20260738,42.10274455820521,1.0,0.13872374594211578,0.16091401140048756,30
"PGD estimated + CovAdap, lambda=2.0",20260739,45.661406733095646,1.0,0.14098027348518372,0.1684447125678774,20
"PGD estimated + CovAdap, lambda=2.0",20260740,48.018503203988075,1.0,0.3976821303367615,0.11948750966459454,6
"PGD estimated + CovAdap, lambda=2.0",20260741,44.406604627768196,1.0,0.47432440519332886,0.1671087771169231,26
"PGD estimated + CovAdap, lambda=2.0",20260742,46.806591771543026,1.0,0.10618355870246887,0.5187475536319686,10
"PGD estimated + CovAdap, lambda=2.0",20260743,47.221203987797104,1.0,0.6344135403633118,0.1850609632377334,9
"PGD estimated + CovAdap, lambda=2.0",20260744,42.1731571611017,1.0,0.07682537287473679,0.1928221120431628,24
"PGD estimated + CovAdap, lambda=2.0",20260745,47.34002004315456,1.0,0.4900641143321991,0.09265386007302658,9
"PGD estimated + CovAdap, lambda=2.0",20260746,44.52885418136914,1.0,0.17328166961669922,0.1066026574400919,12
"PGD estimated + CovAdap, lambda=2.0",20260747,49.086723978320755,1.0,0.46652132272720337,0.1764678907260215,5
"PGD estimated + CovAdap, lambda=2.0",20260748,49.173474026223026,1.0,0.4041188657283783,0.11379221094654933,4
"PGD estimated + CovAdap, lambda=2.0",20260749,-124.52873867750165,0.0,60.640445709228516,0.1484201541026195,60
"PGD estimated + CovAdap, lambda=2.0",20260750,48.96517796566089,1.0,0.4884137213230133,0.20719211974057375,6
"PGD estimated + CovAdap, lambda=2.0",20260751,48.69211872170369,1.0,0.4898761808872223,0.11257261037063644,7
"PGD estimated + CovAdap, lambda=2.0",20260752,-96.4004972477754,0.0,47.13156509399414,0.14605902728826986,60
"PGD estimated + CovAdap, lambda=2.0",20260753,46.65923149883747,1.0,0.3915634751319885,0.16225709339422925,15
"PGD estimated + CovAdap, lambda=2.0",20260754,47.47410973316679,1.0,0.05404318496584892,0.13210987205329225,9
"PGD estimated + CovAdap, lambda=2.0",20260755,47.190323228637375,1.0,0.38284581899642944,0.15992540119360918,11
"PGD estimated + CovAdap, lambda=2.0",20260756,47.934570456544556,1.0,0.49291372299194336,0.14349688538079458,8
"PGD estimated + CovAdap, lambda=2.0",20260757,45.8446321884791,1.0,0.4119046926498413,0.20413500505961277,12
"PGD estimated + CovAdap, lambda=2.0",20260758,49.56504236161709,1.0,0.3716866970062256,0.4192465735369378,4
"PGD estimated + CovAdap, lambda=2.0",20260759,-106.08390070994696,0.0,54.18953323364258,0.16216949157627905,60
"PGD estimated + CovAdap, lambda=2.0",20260760,-45.8279221256574,0.0,3.2305800914764404,0.14825963820694418,60
"PGD estimated + CovAdap, lambda=2.0",20260761,48.595796167850494,1.0,0.6499670743942261,0.14487423905619332,8
"PGD estimated + CovAdap, lambda=2.0",20260762,47.80723181863626,1.0,0.22466695308685303,0.15291058360407347,10
"PGD estimated + CovAdap, lambda=2.0",20260763,-93.66085617740949,0.0,47.12268829345703,0.14941092482671944,60
"PGD estimated + CovAdap, lambda=2.0",20260764,49.14692554871242,1.0,0.5867851972579956,0.12808464752541193,5
"PGD estimated + CovAdap, lambda=2.0",20260765,49.0956259816885,1.0,0.5658849477767944,0.08992139063512476,6
"PGD estimated + CovAdap, lambda=2.0",20260766,45.763223350048065,1.0,0.35379254817962646,0.2699927478670109,17
"PGD estimated + CovAdap, lambda=2.0",20260767,-101.58312956492107,0.0,61.9249382019043,0.1513469622785411,60
"PGD estimated + CovAdap, lambda=2.0",20260768,49.51837329566479,1.0,0.4555869698524475,0.0994167904667769,4
"PGD estimated + CovAdap, lambda=2.0",20260769,47.97633072237174,1.0,0.5301900506019592,0.11081401476640412,9
"PGD estimated + CovAdap, lambda=2.0",20260770,-22.172090649604794,0.0,4.430479526519775,0.12595449262263397,60
"PGD estimated + CovAdap, lambda=2.0",20260771,48.47174999117851,1.0,0.5959112644195557,0.2409003876378167,9
"PGD estimated + CovAdap, lambda=2.0",20260772,49.3329440827171,1.0,0.24704763293266296,0.09942263904724132,4
"PGD estimated + CovAdap, lambda=2.0",20260773,47.20476508885622,1.0,0.4420948326587677,0.1106101652101433,11
"PGD estimated + CovAdap, lambda=2.0",20260774,49.37850532929103,1.0,0.4022037982940674,0.12076435270900307,4
"PGD estimated + CovAdap, lambda=2.0",20260775,48.12634821732839,1.0,0.5715640187263489,0.1235412133461275,9
"PGD estimated + CovAdap, lambda=2.0",20260776,-76.71634022394817,0.0,31.08624839782715,0.14722799904984915,60
"PGD estimated + CovAdap, lambda=2.0",20260777,-66.39819824695587,0.0,30.019765853881836,0.14605531917000084,60
"PGD estimated + CovAdap, lambda=2.0",20260778,41.501950750748314,1.0,0.6210789084434509,0.12501279203492954,22
"PGD estimated + CovAdap, lambda=2.0",20260779,49.23339561124643,1.0,0.5544145703315735,0.1095919565885602,6
"PGD estimated + CovAdap, lambda=2.0",20260780,47.57113797465961,1.0,0.2720295786857605,0.11282779830646955,13
"PGD estimated + CovAdap, lambda=2.0",20260781,41.5836864138643,1.0,0.42710641026496887,0.16809461938163045,28
"PGD estimated + CovAdap, lambda=2.0",20260782,-60.677641729513816,0.0,36.52896499633789,0.1731146240168195,60
"PGD estimated + CovAdap, lambda=2.0",20260783,-28.20531143248081,0.0,8.26391887664795,0.18782774155608514,60
"PGD estimated + CovAdap, lambda=2.0",20260784,-56.79950487613679,0.0,21.553030014038086,0.1420824770336031,60
"PGD estimated + CovAdap, lambda=2.0",20260785,47.22068115323782,1.0,0.30580249428749084,0.15259751984184114,12
"PGD estimated + CovAdap, lambda=2.0",20260786,45.988133013248444,1.0,0.522258996963501,0.21349758591037427,18
"PGD estimated + CovAdap, lambda=2.0",20260787,48.679057175914444,1.0,0.48831993341445923,0.16501039538640183,9
"PGD estimated + CovAdap, lambda=2.0",20260788,49.84614314387242,1.0,0.35250571370124817,0.4887412756574786,2
"PGD estimated + CovAdap, lambda=2.0",20260789,49.02871419737737,1.0,0.1029033362865448,0.19325970472968335,7
"PGD estimated + CovAdap, lambda=2.0",20260790,49.68946707993746,1.0,0.31525149941444397,0.18439536952678137,3
"PGD estimated + CovAdap, lambda=2.0",20260791,48.868126345177494,1.0,0.4821160137653351,0.17804504480158256,6
"PGD estimated + CovAdap, lambda=2.0",20260792,49.5281352798144,1.0,0.5945717692375183,0.08539559133380817,4
"PGD estimated + CovAdap, lambda=2.0",20260793,47.27277475595474,1.0,0.4255383610725403,0.12727999839352394,12
"PGD estimated + CovAdap, lambda=2.0",20260794,-63.05920430024464,0.0,33.26981735229492,0.16554691163025154,60
"PGD estimated + CovAdap, lambda=2.0",20260795,-59.22118898232778,0.0,27.855342864990234,0.13462798690342614,60
"PGD estimated + CovAdap, lambda=2.0",20260796,48.56029170751572,1.0,0.5416305065155029,0.1324646125100824,5
"PGD estimated + CovAdap, lambda=2.0",20260797,47.011941266556576,1.0,0.40459439158439636,0.1341720855137551,12
"PGD estimated + CovAdap, lambda=2.0",20260798,-111.82317743698756,0.0,42.2425651550293,0.14770880370813294,60
"PGD estimated + CovAdap, lambda=2.0",20260799,-166.74816008408868,0.0,69.3423080444336,0.14740783156993376,60
"PGD estimated + CovAdap, lambda=2.0",20260800,48.891734140614666,1.0,0.22174546122550964,0.19667657208703052,7
"PGD estimated + CovAdap, lambda=2.0",20260801,47.92655449608962,1.0,0.6063043475151062,0.20154185862465404,7
"PGD estimated + CovAdap, lambda=2.0",20260802,-55.28380676110585,0.0,24.597320556640625,0.1569704030579852,60
"PGD estimated + CovAdap, lambda=2.0",20260803,43.887099499503776,1.0,0.6477153301239014,0.18272664081187312,42
"PGD estimated + CovAdap, lambda=2.0",20260804,48.120339592297874,1.0,0.5596150159835815,0.0966185429698087,7
"PGD estimated + CovAdap, lambda=2.0",20260805,-87.31017780303955,0.0,36.79887008666992,0.17068070304841837,60
"PGD estimated + CovAdap, lambda=2.0",20260806,49.664493898550674,1.0,0.5256848335266113,0.6138446449110715,3
"PGD estimated + CovAdap, lambda=2.0",20260807,47.765854512651764,1.0,0.5215258002281189,0.15159789987935984,20
"PGD estimated + CovAdap, lambda=2.0",20260808,43.10427368183931,1.0,0.38923531770706177,0.1719104310686333,17
"PGD estimated + CovAdap, lambda=2.0",20260809,47.83210550714284,1.0,0.0312812365591526,0.13321862447109065,15
"PGD estimated + CovAdap, lambda=2.0",20260810,43.12634325027466,1.0,0.6204134225845337,0.13051247373710775,16
"PGD estimated + CovAdap, lambda=2.0",20260811,48.39579303562641,1.0,0.44577473402023315,0.11751945977161087,7
"PGD estimated + CovAdap, lambda=2.0",20260812,49.38363501429558,1.0,0.47753995656967163,0.09776585683457312,5
"PGD estimated + CovAdap, lambda=2.0",20260813,47.982826280097164,1.0,0.2132880985736847,0.1323700772827385,13
"PGD estimated + CovAdap, lambda=2.0",20260814,46.39678763846556,1.0,0.5819002985954285,0.10994099467762507,11
"PGD estimated + CovAdap, lambda=2.0",20260815,49.175883673131466,1.0,0.34747645258903503,0.11856993817509828,5
"PGD estimated + CovAdap, lambda=2.0",20260816,36.25582759734243,1.0,0.04409567639231682,0.14163106027334937,37
"PGD estimated + CovAdap, lambda=2.0",20260817,35.87644033630689,1.0,0.5632647275924683,0.12601362799813556,28
"PGD estimated + CovAdap, lambda=2.0",20260818,49.207613895336785,1.0,0.5784945487976074,0.10373347420398543,4
"PGD estimated + CovAdap, lambda=2.0",20260819,47.369092201193176,1.0,0.6275678277015686,0.13360494336724643,10
"PGD estimated + CovAdap, lambda=2.0",20260820,-39.7527032494545,0.0,8.175997734069824,0.14528846423954178,60
"PGD estimated + CovAdap, lambda=2.0",20260821,45.822602570056915,1.0,0.5317889451980591,0.14149402092815994,14
"PGD estimated + CovAdap, lambda=2.0",20260822,-33.746044397354126,0.0,4.919872760772705,0.14700835066936815,60
"PGD estimated + CovAdap, lambda=2.0",20260823,48.9872791916132,1.0,0.6438168883323669,0.12127263851779799,7
"PGD estimated + CovAdap, lambda=2.0",20260824,43.483111706872776,1.0,0.43910202383995056,0.21541100946710473,21
"PGD estimated + CovAdap, lambda=2.0",20260825,48.07817916075388,1.0,0.6497921943664551,0.10126212488968078,7
"PGD estimated + CovAdap, lambda=2.0",20260826,44.05366609493891,1.0,0.5776486396789551,0.12001105643862194,21
"PGD estimated + CovAdap, lambda=2.0",20260827,47.34340301156044,1.0,0.5830641984939575,0.1072295119334698,9
"PGD estimated + CovAdap, lambda=2.0",20260828,6.951677441596978,1.0,0.6492079496383667,0.17793553774596413,56
"PGD estimated + CovAdap, lambda=2.0",20260829,48.892781292398766,1.0,0.3795716166496277,0.10170275875593351,5
"PGD estimated + CovAdap, lambda=2.0",20260830,47.291771682600185,1.0,0.4683469831943512,0.14718884819982425,16
"PGD estimated + CovAdap, lambda=2.0",20260831,43.37118309487899,1.0,0.4616176187992096,0.14449924648542622,21
"PGD estimated + CovAdap, lambda=2.0",20260832,49.145415385564164,1.0,0.2759811282157898,0.1866751487784326,8
"PGD estimated + CovAdap, lambda=2.0",20260833,-52.16136986017228,0.0,30.64044761657715,0.1370466517014214,60
"PGD estimated + CovAdap, lambda=2.0",20260834,49.346098056683935,1.0,0.23981784284114838,0.13014615878051314,5
"PGD estimated + CovAdap, lambda=2.0",20260835,47.5371390680472,1.0,0.5890097618103027,0.10659312992735882,12
"PGD estimated + CovAdap, lambda=2.0",20260836,49.50082706411679,1.0,0.552531361579895,0.09858813887504565,3
"PGD estimated + CovAdap, lambda=2.0",20260837,-71.89610230922699,0.0,25.629426956176758,0.15192631322372127,60
"PGD estimated + CovAdap, lambda=2.0",20260838,48.45427167912324,1.0,0.6247813105583191,0.09364902173391587,7
"PGD estimated + CovAdap, lambda=2.0",20260839,45.03934995830059,1.0,0.39909833669662476,0.1855914435505422,13
"PGD estimated + CovAdap, lambda=2.0",20260840,43.75496234496435,1.0,0.6208169460296631,0.1368704333784993,16
"PGD estimated + CovAdap, lambda=2.0",20260841,45.29935600360235,1.0,0.5346920490264893,0.221127696277076,19
"PGD estimated + CovAdap, lambda=2.0",20260842,45.63971440990766,1.0,0.6407254934310913,0.15085349157303252,13
"PGD estimated + CovAdap, lambda=2.0",20260843,48.33255573362112,1.0,0.4931463897228241,0.11279750493190543,7
"PGD estimated + CovAdap, lambda=2.0",20260844,34.945273414254196,1.0,0.35818105936050415,0.16697110864671053,40
"PGD estimated + CovAdap, lambda=2.0",20260845,46.781860921531916,1.0,0.2130667120218277,0.17226203434370557,14
"PGD estimated + CovAdap, lambda=2.0",20260846,47.818738055725895,1.0,0.4424164593219757,0.12664201979670786,8
"PGD estimated + CovAdap, lambda=2.0",20260847,47.816085025668144,1.0,0.5495861172676086,0.1349619518571081,9
"PGD estimated + CovAdap, lambda=2.0",20260848,48.55003132422765,1.0,0.41590726375579834,0.12569227950131792,9
"PGD estimated + CovAdap, lambda=2.0",20260849,48.41621013482412,1.0,0.6182923913002014,0.11664848642832089,7
"PGD estimated + CovAdap, lambda=2.0",20260850,49.10236028333505,1.0,0.5669869780540466,0.20441779499852747,4
"PGD estimated + CovAdap, lambda=2.0",20260851,43.93296079337597,1.0,0.594659686088562,0.12073327321277069,17
"PGD estimated + CovAdap, lambda=2.0",20260852,47.88605245451132,1.0,0.6355761289596558,0.1931906608046832,15
"PGD estimated + CovAdap, lambda=2.0",20260853,48.36282440523306,1.0,0.42268145084381104,0.11956962897173685,18
"PGD estimated + CovAdap, lambda=2.0",20260854,-56.105459332466125,0.0,8.303784370422363,0.14857285338763038,60
"PGD estimated + CovAdap, lambda=2.0",20260855,49.713311195373535,1.0,0.3972429037094116,0.08039574896791635,3
"PGD estimated + CovAdap, lambda=2.0",20260856,46.91697332262993,1.0,0.4609774351119995,0.1504240809562763,10
"PGD estimated + CovAdap, lambda=2.0",20260857,48.59353764355183,1.0,0.5781282782554626,0.1112232092989386,6
"PGD estimated + CovAdap, lambda=2.0",20260858,40.33774642646313,1.0,0.5810383558273315,0.1615383417501296,23
"PGD estimated + CovAdap, lambda=2.0",20260859,48.62286413336794,1.0,0.16956208646297455,0.1031380467857425,6
"PGD estimated + CovAdap, lambda=2.0",20260860,41.06127315262954,1.0,0.42291462421417236,0.14206248397845356,29
"PGD estimated + CovAdap, lambda=2.0",20260861,44.550749242305756,1.0,0.6177520155906677,0.15198702738203332,14
"PGD estimated + CovAdap, lambda=2.0",20260862,48.7249980121851,1.0,0.5908153653144836,0.11080794843190345,6
"PGD estimated + CovAdap, lambda=2.0",20260863,49.684424785276256,1.0,0.23200753331184387,0.16497325595448156,3
"PGD estimated + CovAdap, lambda=2.0",20260864,49.66085313012203,1.0,0.47762617468833923,0.10962435510164854,3
"PGD estimated + CovAdap, lambda=2.0",20260865,49.15243586401145,1.0,0.41827666759490967,0.18169108213569277,8
"PGD estimated + CovAdap, lambda=2.0",20260866,-43.1369097828865,0.0,16.607433319091797,0.16245129419280094,60
"PGD estimated + CovAdap, lambda=2.0",20260867,45.796746754397944,1.0,0.08764369785785675,0.19706089671381535,12
"PGD estimated + CovAdap, lambda=2.0",20260868,45.82744079517822,1.0,0.09938899427652359,0.14137005671832956,10
"PGD estimated + CovAdap, lambda=2.0",20260869,46.526630103588104,1.0,0.6295037865638733,0.14457050233763857,22
"PGD estimated + CovAdap, lambda=2.0",20260870,-77.96490871906282,0.0,43.814449310302734,0.1710857297998019,60
"PGD estimated + CovAdap, lambda=2.0",20260871,48.05482643842697,1.0,0.4741731882095337,0.1777679043644978,7
"PGD estimated + CovAdap, lambda=2.0",20260872,-122.42862689495087,0.0,42.68031311035156,0.1696078280462494,60
"PGD estimated + CovAdap, lambda=2.0",20260873,-52.020198822021484,0.0,10.672616958618164,0.15566558657617344,60
"PGD estimated + CovAdap, lambda=2.0",20260874,41.15856999158859,1.0,0.603868842124939,0.14164719412974908,40
"PGD estimated + CovAdap, lambda=2.0",20260875,-151.52355154355365,0.0,62.866825103759766,0.17366806867675263,60
"PGD estimated + CovAdap, lambda=2.0",20260876,32.790883498887226,1.0,0.4333252012729645,0.17921799281373874,56
"PGD estimated + CovAdap, lambda=2.0",20260877,44.725907246271774,1.0,0.6182682514190674,0.09867587398482666,16
"PGD estimated + CovAdap, lambda=2.0",20260878,35.08915931483109,1.0,0.4961000084877014,0.1453095315379706,31
"PGD estimated + CovAdap, lambda=2.0",20260879,-38.728203828136124,0.0,9.895791053771973,0.17573987286097564,60
"PGD estimated + CovAdap, lambda=2.0",20260880,44.99218058834473,1.0,0.39545515179634094,0.1595857065818405,17
"PGD estimated + CovAdap, lambda=2.0",20260881,48.87166457623243,1.0,0.36388686299324036,0.18296979821131015,5
"PGD estimated + CovAdap, lambda=2.0",20260882,46.427764127651855,1.0,0.6358077526092529,0.47775242883264635,10
"PGD estimated + CovAdap, lambda=2.0",20260883,45.63446255028248,1.0,0.6004237532615662,0.12907278893956775,17
"PGD estimated + CovAdap, lambda=2.0",20260884,-36.38736802339553,0.0,9.605831146240234,0.14745668264343484,60
"PGD estimated + CovAdap, lambda=2.0",20260885,41.322932958602905,1.0,0.6314150094985962,0.13548984507179368,20
"PGD estimated + CovAdap, lambda=2.0",20260886,48.55112131933371,1.0,0.6312427520751953,0.1242698573440626,11
"PGD estimated + CovAdap, lambda=2.0",20260887,48.54164569824934,1.0,0.28640016913414,0.09271046580526328,6
"PGD estimated + CovAdap, lambda=2.0",20260888,44.87676299115022,1.0,0.5099735856056213,0.12984622582595026,18
"PGD estimated + CovAdap, lambda=2.0",20260889,42.93112389743328,1.0,0.6493527293205261,0.1483531823918074,27
"PGD estimated + CovAdap, lambda=2.0",20260890,-134.37846530477205,0.0,56.641143798828125,0.14801756687983872,60
"PGD estimated + CovAdap, lambda=2.0",20260891,49.38902993003528,1.0,0.6448417901992798,0.09786723443349847,6
"PGD estimated + CovAdap, lambda=2.0",20260892,49.66736379762491,1.0,0.12574690580368042,0.12697198126045106,5
"PGD estimated + CovAdap, lambda=2.0",20260893,48.952782690525055,1.0,0.5277653932571411,0.0988139455804191,6
"PGD estimated + CovAdap, lambda=2.0",20260894,47.48873555660248,1.0,0.47470176219940186,0.2570003280479179,8
"PGD estimated + CovAdap, lambda=2.0",20260895,-111.30562617381415,0.0,44.23128128051758,0.15001252457398245,60
"PGD estimated + CovAdap, lambda=2.0",20260896,49.42549081643423,1.0,0.4911503195762634,0.1975661324518869,7
"PGD estimated + CovAdap, lambda=2.0",20260897,49.454610188802086,1.0,0.5699326992034912,0.14708136384021567,4
"PGD estimated + CovAdap, lambda=2.0",20260898,32.299400297304,1.0,0.360638290643692,0.18570308943564595,50
"PGD estimated + CovAdap, lambda=2.0",20260899,48.47082750995954,1.0,0.5391741991043091,0.08312828717983783,8
"PGD estimated + CovAdap, lambda=2.0",20260900,34.2990952283144,1.0,0.5551593899726868,0.1579686079787212,34
"PGD estimated + CovAdap, lambda=2.0",20260901,49.321180855234466,1.0,0.2943693995475769,0.17189371485064212,4
"PGD estimated + CovAdap, lambda=2.0",20260902,48.908244435985885,1.0,0.5753719210624695,0.13349664609481834,7
"PGD estimated + CovAdap, lambda=2.0",20260903,49.599483260263995,1.0,0.14384277164936066,0.1212325706033478,4
"PGD estimated + CovAdap, lambda=2.0",20260904,49.46512171626091,1.0,0.6184239387512207,0.10864491651368476,5
"PGD estimated + CovAdap, lambda=2.0",20260905,45.0560155659914,1.0,0.5737404823303223,0.1480307075354273,14
"PGD estimated + CovAdap, lambda=2.0",20260906,45.41802834967772,1.0,0.5025458931922913,0.17042963428199973,19
"PGD estimated + CovAdap, lambda=2.0",20260907,-42.56049440304437,0.0,18.894607543945312,0.16465028171944207,60
"PGD estimated + CovAdap, lambda=2.0",20260908,45.862869511048004,1.0,0.5694554448127747,0.1636083926186758,23
"PGD estimated + CovAdap, lambda=2.0",20260909,47.753870444993176,1.0,0.40979841351509094,0.11391174685541859,11
"PGD estimated + CovAdap, lambda=2.0",20260910,47.370089784264565,1.0,0.6468239426612854,0.13183392476341965,11
"PGD estimated + CovAdap, lambda=2.0",20260911,48.51287969698508,1.0,0.3523637354373932,0.1486385161602323,6
"PGD estimated + CovAdap, lambda=2.0",20260912,-96.27277767658232,0.0,40.86077880859375,0.13580141802097837,60
"PGD estimated + CovAdap, lambda=2.0",20260913,49.31918055812518,1.0,0.612075924873352,0.1154407814582768,4
"PGD estimated + CovAdap, lambda=2.0",20260914,47.43314931044976,1.0,0.39267298579216003,0.12370843613027943,8
"PGD estimated + CovAdap, lambda=2.0",20260915,49.236266861359276,1.0,0.5822781324386597,0.13881586953985106,6
"PGD estimated + CovAdap, lambda=2.0",20260916,47.002445151408516,1.0,0.34027165174484253,0.18458999037900575,23
"PGD estimated + CovAdap, lambda=2.0",20260917,43.104761232932404,1.0,0.6235832571983337,0.14845070062950486,24
"PGD estimated + CovAdap, lambda=2.0",20260918,48.1590359415859,1.0,0.09533976763486862,0.2526448628733769,6
"PGD estimated + CovAdap, lambda=2.0",20260919,-69.27058724562328,0.0,29.703563690185547,0.1511458297562956,60
"PGD estimated + CovAdap, lambda=2.0",20260920,49.0790616646409,1.0,0.4684394299983978,0.18563876485524455,5
"PGD estimated + CovAdap, lambda=2.0",20260921,-103.02079494794212,0.0,23.00435447692871,0.15746745424734038,60
"PGD estimated + CovAdap, lambda=2.0",20260922,48.8491469596823,1.0,0.055869847536087036,0.08775906579557324,6
"PGD estimated + CovAdap, lambda=2.0",20260923,43.91351155936718,1.0,0.6451331973075867,0.12943905254436966,14
"PGD estimated + CovAdap, lambda=2.0",20260924,48.75939843058586,1.0,0.4598524570465088,0.12067245554987217,6
"PGD estimated + CovAdap, lambda=2.0",20260925,49.083128323157624,1.0,0.4655614495277405,0.12219792106041819,5
"PGD estimated + CovAdap, lambda=2.0",20260926,48.80336647729079,1.0,0.5818516612052917,0.13793384747364443,5
"PGD estimated + CovAdap, lambda=2.0",20260927,49.10532423108816,1.0,0.3803494870662689,0.0879811478742231,7
"PGD estimated + CovAdap, lambda=2.0",20260928,-120.46841790278752,0.0,70.80290222167969,0.13405812400173767,60
"PGD estimated + CovAdap, lambda=2.0",20260929,45.60550673802693,1.0,0.30801206827163696,0.16156043214798804,16
"PGD estimated + CovAdap, lambda=2.0",20260930,49.41135188688835,1.0,0.4820135533809662,0.11325568229721808,4
"PGD estimated + CovAdap, lambda=2.0",20260931,48.67138214160999,1.0,0.3369457423686981,0.1215396785070862,6
"PGD estimated + CovAdap, lambda=2.0",20260932,47.73247155298789,1.0,0.45603862404823303,0.13273755477556765,8
"PGD estimated + CovAdap, lambda=2.0",20260933,48.93368383993705,1.0,0.3989138901233673,0.18939932571559168,4
"PGD estimated + CovAdap, lambda=2.0",20260934,47.16412422557672,1.0,0.47699111700057983,0.12584204070631175,9
"PGD estimated + CovAdap, lambda=2.0",20260935,41.99980800350507,1.0,0.4606180191040039,0.1588019744328984,23
"PGD estimated + CovAdap, lambda=2.0",20260936,44.24534937739372,1.0,0.5465370416641235,0.13399986345903883,20
"PGD estimated + CovAdap, lambda=2.0",20260937,-123.8741062084834,0.0,38.32024002075195,0.1325320833785467,60
"PGD estimated + CovAdap, lambda=2.0",20260938,48.616673198839024,1.0,0.3010258972644806,0.2329378585106883,6
"PGD estimated + CovAdap, lambda=2.0",20260939,40.84230864048004,1.0,0.481630802154541,0.13909677396485834,20
"PGD estimated + CovAdap, lambda=2.0",20260940,47.422422498464584,1.0,0.5359870195388794,0.13094739173072095,23
"PGD estimated + CovAdap, lambda=2.0",20260941,46.47616613159577,1.0,0.457803875207901,0.17374442782534716,16
"PGD estimated + CovAdap, lambda=2.0",20260942,46.810025334358215,1.0,0.5103664398193359,0.1784204203625211,10
"PGD estimated + CovAdap, lambda=2.0",20260943,42.507184018691376,1.0,0.6040254831314087,0.18140476792387622,31
"PGD estimated + CovAdap, lambda=2.0",20260944,48.63312446077665,1.0,0.5333389639854431,0.14103111284884504,9
"PGD estimated + CovAdap, lambda=2.0",20260945,47.71601638694604,1.0,0.428994357585907,0.13772788015227072,15
"PGD estimated + CovAdap, lambda=2.0",20260946,48.13056372602781,1.0,0.5391494035720825,0.11226869696601297,10
"PGD estimated + CovAdap, lambda=2.0",20260947,48.40990665555,1.0,0.5752531290054321,0.22207797214412167,10
"PGD estimated + CovAdap, lambda=2.0",20260948,47.48606292406718,1.0,0.33722829818725586,0.15499935980683877,9
"PGD estimated + CovAdap, lambda=2.0",20260949,48.37294673919678,1.0,0.5566670894622803,0.14487426088948785,9
"PGD estimated + CovAdap, lambda=2.0",20260950,48.803073015064,1.0,0.2001226395368576,0.1322850145978482,7
"PGD estimated + CovAdap, lambda=2.0",20260951,49.4999482134978,1.0,0.4644208550453186,0.10292704010406109,5
"PGD estimated + CovAdap, lambda=2.0",20260952,48.7712049682935,1.0,0.5689572095870972,0.11637324577383938,7
"PGD estimated + CovAdap, lambda=2.0",20260953,48.39571442206701,1.0,0.5881502628326416,0.23817049221012568,7
"PGD estimated + CovAdap, lambda=2.0",20260954,47.81456117828687,1.0,0.5742219686508179,0.1495874522913658,7
"PGD estimated + CovAdap, lambda=2.0",20260955,47.931888714432716,1.0,0.4723826050758362,0.15696505440940725,15
"PGD estimated + CovAdap, lambda=2.0",20260956,48.54259086151918,1.0,0.6277479529380798,0.15124781388701405,6
"PGD estimated + CovAdap, lambda=2.0",20260957,43.993341003855065,1.0,0.640598475933075,0.15664472576607547,21
"PGD estimated + CovAdap, lambda=2.0",20260958,48.23462058479587,1.0,0.18615765869617462,0.11650414485791816,12
"PGD estimated + CovAdap, lambda=2.0",20260959,-24.328414281209305,0.0,7.354107856750488,0.15740865467052642,60
"PGD estimated + CovAdap, lambda=2.0",20260960,48.60704620182514,1.0,0.5121721029281616,0.15354752392440799,7
"PGD estimated + CovAdap, lambda=2.0",20260961,48.92376441756884,1.0,0.4990953207015991,0.12260652054684469,5
"PGD estimated + CovAdap, lambda=2.0",20260962,46.995680667459965,1.0,0.48236986994743347,0.13136727572466203,13
"PGD estimated + CovAdap, lambda=2.0",20260963,46.627940982580185,1.0,0.5925521850585938,0.1539022565124011,25
"PGD estimated + CovAdap, lambda=2.0",20260964,49.12033797800541,1.0,0.6218060851097107,0.21156801934905287,4
"PGD estimated + CovAdap, lambda=2.0",20260965,47.219885711868606,1.0,0.2780334949493408,0.16819032974316087,14
"PGD estimated + CovAdap, lambda=2.0",20260966,49.131352695326015,1.0,0.43103209137916565,0.14525127937894483,7
"PGD estimated + CovAdap, lambda=2.0",20260967,49.4212366019686,1.0,0.3349599540233612,0.1332918011165999,6
"PGD estimated + CovAdap, lambda=2.0",20260968,-72.36801668008167,0.0,36.9517707824707,0.19488371054244666,60
"PGD estimated + CovAdap, lambda=2.0",20260969,-125.64892343680064,0.0,40.23186111450195,0.13862926809610052,60
"PGD estimated + CovAdap, lambda=2.0",20260970,-36.00601791838807,0.0,0.8752407431602478,0.14835684877311184,60
"PGD estimated + CovAdap, lambda=2.0",20260971,45.10782416164875,1.0,0.6432686448097229,0.18205874351032872,15
"PGD estimated + CovAdap, lambda=2.0",20260972,47.38545519361893,1.0,0.22042831778526306,0.1545165664214258,8
"PGD estimated + CovAdap, lambda=2.0",20260973,43.02321214477221,1.0,0.34743088483810425,0.20724486127989158,18
"PGD estimated + CovAdap, lambda=2.0",20260974,47.82091246545315,1.0,0.3881070017814636,0.15916965297374724,8
"PGD estimated + CovAdap, lambda=2.0",20260975,46.70566407839457,1.0,0.5001074075698853,0.1557084495008962,12
"PGD estimated + CovAdap, lambda=2.0",20260976,-106.02853418389957,0.0,53.93941116333008,0.16343738488846807,60
"PGD estimated + CovAdap, lambda=2.0",20260977,49.419376293818154,1.0,0.41734206676483154,0.10442392282621367,7
"PGD estimated + CovAdap, lambda=2.0",20260978,48.39541952311993,1.0,0.5067727565765381,0.1276647870572539,7
"PGD estimated + CovAdap, lambda=2.0",20260979,45.49231617152691,1.0,0.28506410121917725,0.18686080129334898,25
"PGD estimated + CovAdap, lambda=2.0",20260980,-58.79402025540669,0.0,16.665857315063477,0.16516621123488454,60
"PGD estimated + CovAdap, lambda=2.0",20260981,49.16841217378776,1.0,0.5116016268730164,0.40033033813950397,6
"PGD estimated + CovAdap, lambda=2.0",20260982,-29.05699964364369,0.0,8.14647388458252,0.16454199056555138,60
"Random contour, no defense",20260733,49.544591553509235,1.0,0.471688836812973,0.30556591585928106,4
"Random contour, no defense",20260734,49.095220467696585,1.0,0.1296313852071762,0.08957897087972867,5
"Random contour, no defense",20260735,49.577093094587326,1.0,0.5418025851249695,0.1418387765910308,4
"Random contour, no defense",20260736,-63.84247118234634,0.0,15.139174461364746,0.18778864872882733,60
"Random contour, no defense",20260737,47.56455574929714,1.0,0.5909557938575745,0.11578552547957026,9
"Random contour, no defense",20260738,42.0606186799705,1.0,0.13619796931743622,0.1702405496672956,30
"Random contour, no defense",20260739,45.49958320582906,1.0,0.24217168986797333,0.2510126212275068,20
"Random contour, no defense",20260740,48.007452135284744,1.0,0.5311266779899597,0.17372067050601356,6
"Random contour, no defense",20260741,44.40346998721361,1.0,0.48212578892707825,0.2221989163919014,26
"Random contour, no defense",20260742,47.281955505410835,1.0,0.48547297716140747,0.46424638267101026,10
"Random contour, no defense",20260743,47.56187187631925,1.0,0.5156193971633911,0.45002628351362495,8
"Random contour, no defense",20260744,42.18739955623945,1.0,0.2754296064376831,0.29498256654911753,24
"Random contour, no defense",20260745,47.34002004315456,1.0,0.4900641143321991,0.09265386007302658,9
"Random contour, no defense",20260746,44.52885418136914,1.0,0.17328166961669922,0.1066026574400919,12
"Random contour, no defense",20260747,49.113920060296856,1.0,0.37910887598991394,0.285043955273037,5
"Random contour, no defense",20260748,49.173474026223026,1.0,0.4041188657283783,0.11379221094654933,4
"Random contour, no defense",20260749,-124.951926668485,0.0,60.754249572753906,0.16636237135084095,60
"Random contour, no defense",20260750,48.77265387525161,1.0,0.4405512511730194,0.34000057667351796,9
"Random contour, no defense",20260751,48.69211872170369,1.0,0.4898761808872223,0.11257261037063644,7
"Random contour, no defense",20260752,-97.65325661997002,0.0,47.32305908203125,0.191665862613093,60
"Random contour, no defense",20260753,46.678479447960854,1.0,0.3880653977394104,0.22825469526663467,15
"Random contour, no defense",20260754,47.4777055606246,1.0,0.0649462640285492,0.19332409469128076,9
"Random contour, no defense",20260755,47.159110782047115,1.0,0.40529635548591614,0.21877859228896213,11
"Random contour, no defense",20260756,47.88149277617534,1.0,0.40040329098701477,0.2668983045199247,9
"Random contour, no defense",20260757,45.818862698972225,1.0,0.4395240843296051,0.33572121881544503,12
"Random contour, no defense",20260758,49.562137914200626,1.0,0.40241381525993347,0.45313221765453565,4
"Random contour, no defense",20260759,-105.87286774317421,0.0,54.16151428222656,0.27327171306696735,60
"Random contour, no defense",20260760,-45.76450506846107,0.0,3.06632137298584,0.1582592934385084,60
"Random contour, no defense",20260761,48.59784703950087,1.0,0.6463388800621033,0.226978312415737,8
"Random contour, no defense",20260762,47.83161443968614,1.0,0.22375380992889404,0.17299418672176275,10
"Random contour, no defense",20260763,-93.65164082249005,0.0,47.10335922241211,0.19140751592243993,60
"Random contour, no defense",20260764,49.14692554871242,1.0,0.5867851972579956,0.12808464752541193,5
"Random contour, no defense",20260765,49.0956259816885,1.0,0.5658849477767944,0.08992139063512476,6
"Random contour, no defense",20260766,45.47521304090817,1.0,0.6133066415786743,0.3127781156398149,19
"Random contour, no defense",20260767,-101.66104265054067,0.0,61.930206298828125,0.226972741872926,60
"Random contour, no defense",20260768,49.51837329566479,1.0,0.4555869698524475,0.0994167904667769,4
"Random contour, no defense",20260769,47.97633072237174,1.0,0.5301900506019592,0.11081401476640412,9
"Random contour, no defense",20260770,-22.129471908013027,0.0,4.4330644607543945,0.14155257705214727,60
"Random contour, no defense",20260771,48.376381762325764,1.0,0.442206472158432,0.3783004880437607,11
"Random contour, no defense",20260772,49.3329440827171,1.0,0.24704763293266296,0.09942263904724132,4
"Random contour, no defense",20260773,47.189954432348415,1.0,0.4580152928829193,0.16403179654705002,11
"Random contour, no defense",20260774,49.37850532929103,1.0,0.4022037982940674,0.12076435270900307,4
"Random contour, no defense",20260775,48.1383672952652,1.0,0.45551788806915283,0.19451757528061686,9
"Random contour, no defense",20260776,-76.74615399042766,0.0,31.08437156677246,0.17936959667826094,60
"Random contour, no defense",20260777,-66.3959005276362,0.0,30.019807815551758,0.18932464284339673,60
"Random contour, no defense",20260778,41.4999814927578,1.0,0.6211056113243103,0.1415587678772643,22
"Random contour, no defense",20260779,49.23339561124643,1.0,0.5544145703315735,0.1095919565885602,6
"Random contour, no defense",20260780,47.57113797465961,1.0,0.2720295786857605,0.11282779830646955,13
"Random contour, no defense",20260781,41.01304813101888,1.0,0.232859268784523,0.23445220930226213,33
"Random contour, no defense",20260782,-61.014227847258255,0.0,36.62010192871094,0.2546581918445753,60
"Random contour, no defense",20260783,-28.599149813254677,0.0,8.280352592468262,0.2604634147191039,60
"Random contour, no defense",20260784,-56.832084019978836,0.0,21.55295181274414,0.16444574614606572,60
"Random contour, no defense",20260785,47.204887134333454,1.0,0.27804800868034363,0.158385797539197,12
"Random contour, no defense",20260786,-89.74706457555294,0.0,51.9187126159668,0.2400442455735886,60
"Random contour, no defense",20260787,48.741341173648834,1.0,0.5797240138053894,0.23926482467368895,8
"Random contour, no defense",20260788,49.8142636368672,1.0,0.624866247177124,0.744245263085987,3
"Random contour, no defense",20260789,49.01643745725353,1.0,0.19943736493587494,0.3740992670854239,7
"Random contour, no defense",20260790,49.55756763120492,1.0,0.5714128613471985,0.3465574301922148,4
"Random contour, no defense",20260791,48.89187076066931,1.0,0.19401158392429352,0.28229487755478666,6
"Random contour, no defense",20260792,49.5281352798144,1.0,0.5945717692375183,0.08539559133380817,4
"Random contour, no defense",20260793,47.27277475595474,1.0,0.4255383610725403,0.12727999839352394,12
"Random contour, no defense",20260794,-63.13354493180912,0.0,33.26889419555664,0.20151454654864573,60
"Random contour, no defense",20260795,-59.81441223621366,0.0,28.220308303833008,0.14773308847112615,60
"Random contour, no defense",20260796,48.58743614951769,1.0,0.5005817413330078,0.3030470371853357,5
"Random contour, no defense",20260797,46.976084115604564,1.0,0.4611681401729584,0.21119606662348747,12
"Random contour, no defense",20260798,-111.8154246211052,0.0,42.235877990722656,0.18322738795491236,60
"Random contour, no defense",20260799,-166.75442953904468,0.0,69.3443374633789,0.2440453850917742,60
"Random contour, no defense",20260800,48.794900961220264,1.0,0.31763747334480286,0.24771055301603098,7
"Random contour, no defense",20260801,46.718995743741594,1.0,0.24098099768161774,0.2670989042580536,20
"Random contour, no defense",20260802,-55.41408216953278,0.0,24.53586769104004,0.20781989141044954,60
"Random contour, no defense",20260803,46.665595871706806,1.0,0.3958452641963959,0.47611362374145927,14
"Random contour, no defense",20260804,48.120339592297874,1.0,0.5596150159835815,0.0966185429698087,7
"Random contour, no defense",20260805,-87.12964685757954,0.0,36.76713562011719,0.2623910113397082,60
"Random contour, no defense",20260806,49.57951945066452,1.0,0.5131073594093323,1.4958015106645144,4
"Random contour, no defense",20260807,47.79595303038756,1.0,0.521537721157074,0.20147592285221597,20
"Random contour, no defense",20260808,43.13377862920364,1.0,0.3213947117328644,0.23909639067054986,17
"Random contour, no defense",20260809,47.83210550714284,1.0,0.0312812365591526,0.13321862447109065,15
"Random contour, no defense",20260810,43.12634325027466,1.0,0.6204134225845337,0.13051247373710775,16
"Random contour, no defense",20260811,48.34286272525787,1.0,0.6353916525840759,0.18974831315179447,7
"Random contour, no defense",20260812,49.38363501429558,1.0,0.47753995656967163,0.09776585683457312,5
"Random contour, no defense",20260813,47.98796372115612,1.0,0.22591787576675415,0.19866173879159782,13
"Random contour, no defense",20260814,46.39678763846556,1.0,0.5819002985954285,0.10994099467762507,11
"Random contour, no defense",20260815,49.175883673131466,1.0,0.34747645258903503,0.11856993817509828,5
"Random contour, no defense",20260816,36.20596872021755,1.0,0.2269701063632965,0.1825950773113097,37
"Random contour, no defense",20260817,35.83240446448326,1.0,0.5642225742340088,0.24796589266159552,28
"Random contour, no defense",20260818,49.207613895336785,1.0,0.5784945487976074,0.10373347420398543,4
"Random contour, no defense",20260819,46.858349069952965,1.0,0.5889025926589966,0.29533680219738667,15
"Random contour, no defense",20260820,-40.01779464880625,0.0,8.231471061706543,0.2044011651882344,60
"Random contour, no defense",20260821,45.822125777602196,1.0,0.5182403922080994,0.18088192420121277,14
"Random contour, no defense",20260822,-33.799412329991654,0.0,4.920444488525391,0.20502964999463913,60
"Random contour, no defense",20260823,48.99326735983292,1.0,0.33528950810432434,0.22700894731821838,7
"Random contour, no defense",20260824,43.18172920495272,1.0,0.4428958594799042,0.3990919959721663,21
"Random contour, no defense",20260825,48.07817916075388,1.0,0.6497921943664551,0.10126212488968078,7
"Random contour, no defense",20260826,44.05366609493891,1.0,0.5776486396789551,0.12001105643862194,21
"Random contour, no defense",20260827,47.335671489437416,1.0,0.6128386855125427,0.15454499525897503,9
"Random contour, no defense",20260828,-49.482980673511825,0.0,1.3468847274780273,0.21574837373053796,60
"Random contour, no defense",20260829,48.892781292398766,1.0,0.3795716166496277,0.10170275875593351,5
"Random contour, no defense",20260830,47.42729842414458,1.0,0.46062180399894714,0.17527183174400104,15
"Random contour, no defense",20260831,43.379457664986454,1.0,0.4509108364582062,0.14722367245437648,21
"Random contour, no defense",20260832,49.03576867779096,1.0,0.6378602385520935,0.22824648840570946,9
"Random contour, no defense",20260833,-52.1812632282575,0.0,30.64202880859375,0.15691574892354065,60
"Random contour, no defense",20260834,49.346098056683935,1.0,0.23981784284114838,0.13014615878051314,5
"Random contour, no defense",20260835,47.5371390680472,1.0,0.5890097618103027,0.10659312992735882,12
"Random contour, no defense",20260836,49.50082706411679,1.0,0.552531361579895,0.09858813887504565,3
"Random contour, no defense",20260837,-71.89188067118326,0.0,25.622596740722656,0.18603355475350325,60
"Random contour, no defense",20260838,48.45427167912324,1.0,0.6247813105583191,0.09364902173391587,7
"Random contour, no defense",20260839,45.03005363792181,1.0,0.39931073784828186,0.24479896906110116,13
"Random contour, no defense",20260840,43.79237932215134,1.0,0.21082481741905212,0.2081455108543232,16
"Random contour, no defense",20260841,45.62732083226244,1.0,0.2411026805639267,0.3262457960392768,15
"Random contour, no defense",20260842,45.63944010436535,1.0,0.6415160298347473,0.16302641966516368,13
"Random contour, no defense",20260843,48.33255573362112,1.0,0.4931463897228241,0.11279750493190543,7
"Random contour, no defense",20260844,31.084816455841064,1.0,0.5050157308578491,0.23620374643773268,47
"Random contour, no defense",20260845,46.86654357115428,1.0,0.6182703971862793,0.246740634216894,12
"Random contour, no defense",20260846,47.818738055725895,1.0,0.4424164593219757,0.12664201979670786,8
"Random contour, no defense",20260847,46.55689320464929,1.0,0.49553775787353516,0.15078765983026268,21
"Random contour, no defense",20260848,48.37530396630367,1.0,0.40825626254081726,0.21168633319484167,9
"Random contour, no defense",20260849,48.41621013482412,1.0,0.6182923913002014,0.11664848642832089,7
"Random contour, no defense",20260850,49.104009702801704,1.0,0.5324848294258118,0.35249588936704457,4
"Random contour, no defense",20260851,43.93296079337597,1.0,0.594659686088562,0.12073327321277069,17
"Random contour, no defense",20260852,48.05692973732948,1.0,0.5471586585044861,0.18006960987895976,13
"Random contour, no defense",20260853,48.36282440523306,1.0,0.42268145084381104,0.11956962897173685,18
"Random contour, no defense",20260854,-56.10278085867563,0.0,8.303916931152344,0.17215744733109606,60
"Random contour, no defense",20260855,49.713311195373535,1.0,0.3972429037094116,0.08039574896791635,3
"Random contour, no defense",20260856,46.92460715522369,1.0,0.45821669697761536,0.33190075695605215,10
"Random contour, no defense",20260857,48.70057021826506,1.0,0.3197002112865448,0.18513643056370124,6
"Random contour, no defense",20260858,40.370469053586326,1.0,0.5227078199386597,0.21398930629660964,23
"Random contour, no defense",20260859,48.62286413336794,1.0,0.16956208646297455,0.1031380467857425,6
"Random contour, no defense",20260860,41.06298999488354,1.0,0.4229363203048706,0.14636726664843452,29
"Random contour, no defense",20260861,44.58573218435049,1.0,0.1537853181362152,0.20451332945554143,14
"Random contour, no defense",20260862,48.7249980121851,1.0,0.5908153653144836,0.11080794843190345,6
"Random contour, no defense",20260863,49.684424785276256,1.0,0.23200753331184387,0.16497325595448156,3
"Random contour, no defense",20260864,49.66085313012203,1.0,0.47762617468833923,0.10962435510164854,3
"Random contour, no defense",20260865,49.15825155377388,1.0,0.39032089710235596,0.22195541269761038,8
"Random contour, no defense",20260866,-42.835827459891625,0.0,16.191394805908203,0.18723302362678773,60
"Random contour, no defense",20260867,45.75214830289284,1.0,0.4240393340587616,0.33331114582996235,12
"Random contour, no defense",20260868,45.75324432055156,1.0,0.5105010271072388,0.23592103945636572,10
"Random contour, no defense",20260869,46.492308005690575,1.0,0.6349063515663147,0.1661024449139639,22
"Random contour, no defense",20260870,-77.67191567023595,0.0,43.699981689453125,0.2634304435618506,60
"Random contour, no defense",20260871,48.00520804524422,1.0,0.3153952956199646,0.32944149604594386,8
"Random contour, no defense",20260872,-122.46173954010011,0.0,42.69131851196289,0.20078831116668236,60
"Random contour, no defense",20260873,-51.99278710285821,0.0,10.672733306884766,0.1900420280014451,60
"Random contour, no defense",20260874,41.14828159660101,1.0,0.42812106013298035,0.1832809341087708,40
"Random contour, no defense",20260875,-147.82067879041034,0.0,61.95100784301758,0.23736891030934823,60
"Random contour, no defense",20260876,31.440567851066586,1.0,0.5467813611030579,0.24015036009388244,56
"Random contour, no defense",20260877,44.725907246271774,1.0,0.6182682514190674,0.09867587398482666,16
"Random contour, no defense",20260878,35.09680196891228,1.0,0.4102705419063568,0.1649020539383087,31
"Random contour, no defense",20260879,-38.78008120755355,0.0,9.890393257141113,0.30240010441042614,60
"Random contour, no defense",20260880,45.023807138204575,1.0,0.5966733694076538,0.18085228861594246,16
"Random contour, no defense",20260881,48.88537962486346,1.0,0.3270283043384552,0.2176760610575022,5
"Random contour, no defense",20260882,45.357033843795456,1.0,0.5580661296844482,0.324545682544809,21
"Random contour, no defense",20260883,45.63583283623059,1.0,0.6005899310112,0.15117351901695925,17
"Random contour, no defense",20260884,-36.31749679644902,0.0,9.6026029586792,0.17002883702203792,60
"Random contour, no defense",20260885,41.2694696734349,1.0,0.3192073106765747,0.21890360695620875,21
"Random contour, no defense",20260886,48.55112131933371,1.0,0.6312427520751953,0.1242698573440626,11
"Random contour, no defense",20260887,48.49866726001104,1.0,0.25859206914901733,0.20573891890159787,6
"Random contour, no defense",20260888,44.844001765052475,1.0,0.5104689002037048,0.15845920348577494,18
"Random contour, no defense",20260889,42.90746368716161,1.0,0.33596083521842957,0.21110243485275385,28
"Random contour, no defense",20260890,-134.9074039955934,0.0,56.83353042602539,0.17431007386676162,60
"Random contour, no defense",20260891,49.38902993003528,1.0,0.6448417901992798,0.09786723443349847,6
"Random contour, no defense",20260892,49.66736379762491,1.0,0.12574690580368042,0.12697198126045106,5
"Random contour, no defense",20260893,48.952782690525055,1.0,0.5277653932571411,0.0988139455804191,6
"Random contour, no defense",20260894,47.40730452040831,1.0,0.6158917546272278,0.5971597451191436,8
"Random contour, no defense",20260895,-111.10652583837509,0.0,44.05989456176758,0.18287962365516425,60
"Random contour, no defense",20260896,49.38495623071989,1.0,0.5610353350639343,0.21109650963708035,7
"Random contour, no defense",20260897,49.35966083904108,1.0,0.5584739446640015,0.22869317273274845,5
"Random contour, no defense",20260898,30.94060825059812,1.0,0.48647937178611755,0.27043605132859094,52
"Random contour, no defense",20260899,48.47082750995954,1.0,0.5391741991043091,0.08312828717983783,8
"Random contour, no defense",20260900,34.313387885689735,1.0,0.5534208416938782,0.18807300390185588,34
"Random contour, no defense",20260901,49.36037179330985,1.0,0.5816380381584167,0.31137965382067434,3
"Random contour, no defense",20260902,48.51232512046894,1.0,0.4692796766757965,0.16085721945477327,12
"Random contour, no defense",20260903,49.599483260263995,1.0,0.14384277164936066,0.1212325706033478,4
"Random contour, no defense",20260904,49.46512171626091,1.0,0.6184239387512207,0.10864491651368476,5
"Random contour, no defense",20260905,44.950236087044075,1.0,0.5344627499580383,0.31699465152624196,14
"Random contour, no defense",20260906,45.556067203481994,1.0,0.6485980153083801,0.23307309333068252,17
"Random contour, no defense",20260907,-42.465520163377136,0.0,18.797399520874023,0.2433388733180715,60
"Random contour, no defense",20260908,46.096245716015495,1.0,0.4609580636024475,0.22710482125399928,21
"Random contour, no defense",20260909,47.753870444993176,1.0,0.40979841351509094,0.11391174685541859,11
"Random contour, no defense",20260910,47.370089784264565,1.0,0.6468239426612854,0.13183392476341965,11
"Random contour, no defense",20260911,48.48440558214982,1.0,0.29700785875320435,0.2616999956532023,6
"Random contour, no defense",20260912,-96.39933141072589,0.0,40.86952209472656,0.1476778773777441,60
"Random contour, no defense",20260913,49.31918055812518,1.0,0.612075924873352,0.1154407814582768,4
"Random contour, no defense",20260914,47.297693990170956,1.0,0.36424776911735535,0.19921760401356461,10
"Random contour, no defense",20260915,49.118667977551624,1.0,0.32956036925315857,0.1975815486981095,8
"Random contour, no defense",20260916,48.534479742248855,1.0,0.6380204558372498,0.19672472462073395,7
"Random contour, no defense",20260917,43.10092349847158,1.0,0.6242258548736572,0.19385744161886234,24
"Random contour, no defense",20260918,48.080562050143875,1.0,0.5913339257240295,0.3004518768267445,6
"Random contour, no defense",20260919,-70.69170717398325,0.0,30.117691040039062,0.17855837115033585,60
"Random contour, no defense",20260920,49.0571426252524,1.0,0.643200695514679,0.19783642441163504,5
"Random contour, no defense",20260921,-103.0218936602275,0.0,23.024444580078125,0.21408615324867578,60
"Random contour, no defense",20260922,48.8491469596823,1.0,0.055869847536087036,0.08775906579557324,6
"Random contour, no defense",20260923,43.91351155936718,1.0,0.6451331973075867,0.12943905254436966,14
"Random contour, no defense",20260924,48.75939843058586,1.0,0.4598524570465088,0.12067245554987217,6
"Random contour, no defense",20260925,49.083128323157624,1.0,0.4655614495277405,0.12219792106041819,5
"Random contour, no defense",20260926,48.80336647729079,1.0,0.5818516612052917,0.13793384747364443,5
"Random contour, no defense",20260927,49.05600478500128,1.0,0.4375847280025482,0.20641893499949596,7
"Random contour, no defense",20260928,-120.46839024623236,0.0,70.8028335571289,0.16012655650571378,60
"Random contour, no defense",20260929,45.610145005087055,1.0,0.30511215329170227,0.2114914755326059,16
"Random contour, no defense",20260930,48.994216303030655,1.0,0.5225983262062073,0.2419084699690913,10
"Random contour, no defense",20260931,48.67138214160999,1.0,0.3369457423686981,0.1215396785070862,6
"Random contour, no defense",20260932,47.739827866355576,1.0,0.38305073976516724,0.18020134394991116,8
"Random contour, no defense",20260933,48.91047473003467,1.0,0.42472609877586365,0.2294963232677502,4
"Random contour, no defense",20260934,47.145618980129555,1.0,0.5080594420433044,0.20645188937083248,9
"Random contour, no defense",20260935,41.850002673765026,1.0,0.4596770107746124,0.21118182844014763,23
"Random contour, no defense",20260936,44.24534937739372,1.0,0.5465370416641235,0.13399986345903883,20
"Random contour, no defense",20260937,-123.92455430825551,0.0,38.31730651855469,0.15558609366665668,60
"Random contour, no defense",20260938,48.57372174412012,1.0,0.2606489956378937,0.2692507450801646,6
"Random contour, no defense",20260939,-25.571785916884732,0.0,4.190575122833252,0.3512337515542488,60
"Random contour, no defense",20260940,47.54531945288181,1.0,0.5359734892845154,0.15662713054405042,23
"Random contour, no defense",20260941,46.01591847836971,1.0,0.3048233389854431,0.4105740190469769,16
"Random contour, no defense",20260942,46.891345386703804,1.0,0.5618337988853455,0.33452740294659933,9
"Random contour, no defense",20260943,45.129154751698174,1.0,0.48756712675094604,0.2646949238357532,21
"Random contour, no defense",20260944,48.63312446077665,1.0,0.5333389639854431,0.14103111284884504,9
"Random contour, no defense",20260945,47.68006679415703,1.0,0.44063007831573486,0.16745104431766014,15
"Random contour, no defense",20260946,48.13056372602781,1.0,0.5391494035720825,0.11226869696601297,10
"Random contour, no defense",20260947,48.34234130879243,1.0,0.6446121335029602,0.3720833215036524,10
"Random contour, no defense",20260948,47.512734577059746,1.0,0.30003178119659424,0.2326554641670532,9
"Random contour, no defense",20260949,48.18731904526552,1.0,0.40169602632522583,0.2750906367441866,10
"Random contour, no defense",20260950,48.803073015064,1.0,0.2001226395368576,0.1322850145978482,7
"Random contour, no defense",20260951,49.4999482134978,1.0,0.4644208550453186,0.10292704010406109,5
"Random contour, no defense",20260952,48.7712049682935,1.0,0.5689572095870972,0.11637324577383938,7
"Random contour, no defense",20260953,48.39079190790653,1.0,0.5974351763725281,0.20350768546801845,7
"Random contour, no defense",20260954,47.84514358639717,1.0,0.5010092258453369,0.1979723710701827,7
"Random contour, no defense",20260955,47.983378474911056,1.0,0.43013525009155273,0.16001457052301024,15
"Random contour, no defense",20260956,48.30159072577953,1.0,0.5732753872871399,0.2717410322478565,9
"Random contour, no defense",20260957,43.81652269264062,1.0,0.5948646068572998,0.3048591896707596,22
"Random contour, no defense",20260958,48.23462058479587,1.0,0.18615765869617462,0.11650414485791816,12
"Random contour, no defense",20260959,-24.310398409763973,0.0,7.2994914054870605,0.2041284285288586,60
"Random contour, no defense",20260960,48.54251345992088,1.0,0.5589169859886169,0.26072729328469535,7
"Random contour, no defense",20260961,48.92376441756884,1.0,0.4990953207015991,0.12260652054684469,5
"Random contour, no defense",20260962,46.93063563108444,1.0,0.5592280626296997,0.1682857014206731,13
"Random contour, no defense",20260963,46.62831722199917,1.0,0.5934998393058777,0.257426678040056,25
"Random contour, no defense",20260964,48.985525776942566,1.0,0.40791040658950806,0.19421274306228878,6
"Random contour, no defense",20260965,47.61330265800159,1.0,0.5600779056549072,0.42381002496560843,8
"Random contour, no defense",20260966,49.14652014647921,1.0,0.2490226775407791,0.1771110043644051,7
"Random contour, no defense",20260967,49.46001641949018,1.0,0.5977028608322144,0.20725478973396436,5
"Random contour, no defense",20260968,-72.45050382614136,0.0,37.04608917236328,0.2840732375556147,60
"Random contour, no defense",20260969,-125.8224948644638,0.0,40.37006759643555,0.20038003723195102,60
"Random contour, no defense",20260970,-35.99149378140767,0.0,0.8752744197845459,0.21342893387671502,60
"Random contour, no defense",20260971,45.02472839566568,1.0,0.10292752832174301,0.2218163678590511,17
"Random contour, no defense",20260972,47.36936618139346,1.0,0.4342699944972992,0.18759752640572758,8
"Random contour, no defense",20260973,43.012078707416855,1.0,0.3468780517578125,0.3201470045194184,18
"Random contour, no defense",20260974,47.82091246545315,1.0,0.3881070017814636,0.15916965297374724,8
"Random contour, no defense",20260975,46.63755838572979,1.0,0.5677199363708496,0.2185058734302404,12
"Random contour, no defense",20260976,-106.76735120018324,0.0,54.107627868652344,0.26032748030454267,60
"Random contour, no defense",20260977,49.419376293818154,1.0,0.41734206676483154,0.10442392282621367,7
"Random contour, no defense",20260978,48.39541952311993,1.0,0.5067727565765381,0.1276647870572539,7
"Random contour, no defense",20260979,44.66504062215487,1.0,0.34657543897628784,0.2819659732260371,28
"Random contour, no defense",20260980,-58.929933786392205,0.0,16.735401153564453,0.2246457141438681,60
"Random contour, no defense",20260981,49.48942308872938,1.0,0.48608657717704773,0.4801552389412863,5
"Random contour, no defense",20260982,-29.14305638273557,0.0,7.965852737426758,0.23923112674699876,60
"Random contour + CovAdap, lambda=0.5",20260733,49.702209216852985,1.0,0.42492684721946716,0.1894127476387614,3
"Random contour + CovAdap, lambda=0.5",20260734,49.095220467696585,1.0,0.1296313852071762,0.08957897087972867,5
"Random contour + CovAdap, lambda=0.5",20260735,49.577093094587326,1.0,0.5418025851249695,0.1418387765910308,4
"Random contour + CovAdap, lambda=0.5",20260736,-63.82526703675588,0.0,15.140905380249023,0.17315704535363693,60
"Random contour + CovAdap, lambda=0.5",20260737,47.56455574929714,1.0,0.5909557938575745,0.11578552547957026,9
"Random contour + CovAdap, lambda=0.5",20260738,42.082923013716936,1.0,0.13718415796756744,0.15531875217415586,30
"Random contour + CovAdap, lambda=0.5",20260739,45.61117368439833,1.0,0.14804989099502563,0.17652951641657103,20
"Random contour + CovAdap, lambda=0.5",20260740,48.01444498697917,1.0,0.45534801483154297,0.14110083769561568,6
"Random contour + CovAdap, lambda=0.5",20260741,44.39627195894718,1.0,0.4754135012626648,0.18163510752453546,26
"Random contour + CovAdap, lambda=0.5",20260742,47.34881677975257,1.0,0.3757440149784088,0.35659939981277783,10
"Random contour + CovAdap, lambda=0.5",20260743,47.55565135677656,1.0,0.5259361267089844,0.44495434805843115,8
"Random contour + CovAdap, lambda=0.5",20260744,42.18648870786031,1.0,0.17997419834136963,0.22720440245745874,24
"Random contour + CovAdap, lambda=0.5",20260745,47.34002004315456,1.0,0.4900641143321991,0.09265386007302658,9
"Random contour + CovAdap, lambda=0.5",20260746,44.52885418136914,1.0,0.17328166961669922,0.1066026574400919,12
"Random contour + CovAdap, lambda=0.5",20260747,49.09771331648032,1.0,0.4398950934410095,0.19459414791804544,5
"Random contour + CovAdap, lambda=0.5",20260748,49.173474026223026,1.0,0.4041188657283783,0.11379221094654933,4
"Random contour + CovAdap, lambda=0.5",20260749,-124.57342374324799,0.0,60.6677360534668,0.15052682510517,60
"Random contour + CovAdap, lambda=0.5",20260750,48.96441462635994,1.0,0.4975737929344177,0.20189951465472944,6
"Random contour + CovAdap, lambda=0.5",20260751,48.69211872170369,1.0,0.4898761808872223,0.11257261037063644,7
"Random contour + CovAdap, lambda=0.5",20260752,-96.91573897997539,0.0,47.16717529296875,0.17813492848381493,60
"Random contour + CovAdap, lambda=0.5",20260753,46.67146015663942,1.0,0.3897823691368103,0.1913607916179033,15
"Random contour + CovAdap, lambda=0.5",20260754,47.477635630096,1.0,0.06500204652547836,0.18246315836124866,9
"Random contour + CovAdap, lambda=0.5",20260755,47.178682078917824,1.0,0.39389342069625854,0.1501864217577785,11
"Random contour + CovAdap, lambda=0.5",20260756,47.935954270263515,1.0,0.4763079583644867,0.16284904132895067,8
"Random contour + CovAdap, lambda=0.5",20260757,45.848879079023995,1.0,0.3422447443008423,0.2679169461039747,12
"Random contour + CovAdap, lambda=0.5",20260758,49.556727439165115,1.0,0.3663010001182556,0.4261744665022753,4
"Random contour + CovAdap, lambda=0.5",20260759,-106.07700292269386,0.0,54.18829345703125,0.25557935685420685,60
"Random contour + CovAdap, lambda=0.5",20260760,-45.76533220211665,0.0,3.068084716796875,0.15695270357491992,60
"Random contour + CovAdap, lambda=0.5",20260761,48.59788207709789,1.0,0.6469401121139526,0.18895667950136152,8
"Random contour + CovAdap, lambda=0.5",20260762,47.825900841504335,1.0,0.223770871758461,0.15199584419940332,10
"Random contour + CovAdap, lambda=0.5",20260763,-93.65321982900302,0.0,47.1049690246582,0.18552626339294648,60
"Random contour + CovAdap, lambda=0.5",20260764,49.14692554871242,1.0,0.5867851972579956,0.12808464752541193,5
"Random contour + CovAdap, lambda=0.5",20260765,49.0956259816885,1.0,0.5658849477767944,0.08992139063512476,6
"Random contour + CovAdap, lambda=0.5",20260766,45.642278626561165,1.0,0.6418125629425049,0.2680844350857026,17
"Random contour + CovAdap, lambda=0.5",20260767,-101.62550703684488,0.0,61.929664611816406,0.21569603654857394,60
"Random contour + CovAdap, lambda=0.5",20260768,49.51837329566479,1.0,0.4555869698524475,0.0994167904667769,4
"Random contour + CovAdap, lambda=0.5",20260769,47.97633072237174,1.0,0.5301900506019592,0.11081401476640412,9
"Random contour + CovAdap, lambda=0.5",20260770,-22.197498659292858,0.0,4.430397033691406,0.12851524263106207,60
"Random contour + CovAdap, lambda=0.5",20260771,48.537058571974434,1.0,0.534386157989502,0.32907321691629365,10
"Random contour + CovAdap, lambda=0.5",20260772,49.3329440827171,1.0,0.24704763293266296,0.09942263904724132,4
"Random contour + CovAdap, lambda=0.5",20260773,47.198542741437755,1.0,0.449433833360672,0.13531166597437247,11
"Random contour + CovAdap, lambda=0.5",20260774,49.37850532929103,1.0,0.4022037982940674,0.12076435270900307,4
"Random contour + CovAdap, lambda=0.5",20260775,48.13728463153044,1.0,0.5286627411842346,0.14588269001399937,9
"Random contour + CovAdap, lambda=0.5",20260776,-76.74350953102112,0.0,31.084280014038086,0.16961611141921146,60
"Random contour + CovAdap, lambda=0.5",20260777,-66.39648413658142,0.0,30.01986312866211,0.18494821556925883,60
"Random contour + CovAdap, lambda=0.5",20260778,41.500330020984016,1.0,0.6210980415344238,0.13339004995652087,22
"Random contour + CovAdap, lambda=0.5",20260779,49.23339561124643,1.0,0.5544145703315735,0.1095919565885602,6
"Random contour + CovAdap, lambda=0.5",20260780,47.57113797465961,1.0,0.2720295786857605,0.11282779830646955,13
"Random contour + CovAdap, lambda=0.5",20260781,41.53775293876727,1.0,0.47050127387046814,0.21121602308870702,28
"Random contour + CovAdap, lambda=0.5",20260782,-60.8174236814181,0.0,36.56608963012695,0.2342745838852642,60
"Random contour + CovAdap, lambda=0.5",20260783,-28.525449906786285,0.0,8.201066970825195,0.2328031779895397,60
"Random contour + CovAdap, lambda=0.5",20260784,-56.828866481781,0.0,21.552967071533203,0.16082349221801426,60
"Random contour + CovAdap, lambda=0.5",20260785,47.217794766028724,1.0,0.30047178268432617,0.14778294173491402,12
"Random contour + CovAdap, lambda=0.5",20260786,46.01011575510104,1.0,0.4701847732067108,0.23561420437891234,18
"Random contour + CovAdap, lambda=0.5",20260787,48.727680097023644,1.0,0.634676456451416,0.19410001932025375,8
"Random contour + CovAdap, lambda=0.5",20260788,49.86955647170544,1.0,0.5678088665008545,0.7516675387708392,2
"Random contour + CovAdap, lambda=0.5",20260789,49.02497657636802,1.0,0.13492059707641602,0.24628126354255125,7
"Random contour + CovAdap, lambda=0.5",20260790,49.6386152903239,1.0,0.6291201114654541,0.2561351415649266,3
"Random contour + CovAdap, lambda=0.5",20260791,48.914576068520546,1.0,0.5979686379432678,0.19508430384065029,5
"Random contour + CovAdap, lambda=0.5",20260792,49.5281352798144,1.0,0.5945717692375183,0.08539559133380817,4
"Random contour + CovAdap, lambda=0.5",20260793,47.27277475595474,1.0,0.4255383610725403,0.12727999839352394,12
"Random contour + CovAdap, lambda=0.5",20260794,-63.10795742273329,0.0,33.269229888916016,0.1837869546910089,60
"Random contour + CovAdap, lambda=0.5",20260795,-59.69174679120382,0.0,28.143949508666992,0.13875311584373967,60
"Random contour + CovAdap, lambda=0.5",20260796,48.58573059737682,1.0,0.5052469372749329,0.28239075770404115,5
"Random contour + CovAdap, lambda=0.5",20260797,46.98839498559634,1.0,0.42854100465774536,0.15575774131211667,12
"Random contour + CovAdap, lambda=0.5",20260798,-111.82003726561867,0.0,42.23708724975586,0.1677778498391334,60
"Random contour + CovAdap, lambda=0.5",20260799,-166.75987617174786,0.0,69.34537506103516,0.23645616662806504,60
"Random contour + CovAdap, lambda=0.5",20260800,48.87032330036163,1.0,0.2099771499633789,0.18319406053390397,7
"Random contour + CovAdap, lambda=0.5",20260801,46.87908318142096,1.0,0.622018575668335,0.20599166026200244,19
"Random contour + CovAdap, lambda=0.5",20260802,-55.293610652287796,0.0,24.546123504638672,0.20236177692705618,60
"Random contour + CovAdap, lambda=0.5",20260803,43.92980173726877,1.0,0.6440296173095703,0.2333492445948211,42
"Random contour + CovAdap, lambda=0.5",20260804,48.120339592297874,1.0,0.5596150159835815,0.0966185429698087,7
"Random contour + CovAdap, lambda=0.5",20260805,-87.13483293851216,0.0,36.768699645996094,0.2560644153363562,60
"Random contour + CovAdap, lambda=0.5",20260806,49.612686698635414,1.0,0.2546970844268799,1.2434483921992472,4
"Random contour + CovAdap, lambda=0.5",20260807,47.75753399729729,1.0,0.5215280652046204,0.1699189944658087,20
"Random contour + CovAdap, lambda=0.5",20260808,43.125912296275295,1.0,0.34473803639411926,0.21639397181647957,17
"Random contour + CovAdap, lambda=0.5",20260809,47.83210550714284,1.0,0.0312812365591526,0.13321862447109065,15
"Random contour + CovAdap, lambda=0.5",20260810,43.12634325027466,1.0,0.6204134225845337,0.13051247373710775,16
"Random contour + CovAdap, lambda=0.5",20260811,48.37661385039489,1.0,0.5155099630355835,0.13507064221312298,7
"Random contour + CovAdap, lambda=0.5",20260812,49.38363501429558,1.0,0.47753995656967163,0.09776585683457312,5
"Random contour + CovAdap, lambda=0.5",20260813,47.99399088074764,1.0,0.21837225556373596,0.14204457355697694,13
"Random contour + CovAdap, lambda=0.5",20260814,46.39678763846556,1.0,0.5819002985954285,0.10994099467762507,11
"Random contour + CovAdap, lambda=0.5",20260815,49.175883673131466,1.0,0.34747645258903503,0.11856993817509828,5
"Random contour + CovAdap, lambda=0.5",20260816,36.223296644787,1.0,0.1459996998310089,0.16156061357420337,37
"Random contour + CovAdap, lambda=0.5",20260817,35.83306021988392,1.0,0.5642110705375671,0.24654630287429505,28
"Random contour + CovAdap, lambda=0.5",20260818,49.207613895336785,1.0,0.5784945487976074,0.10373347420398543,4
"Random contour + CovAdap, lambda=0.5",20260819,47.277319714426994,1.0,0.5707862973213196,0.15855997237342007,11
"Random contour + CovAdap, lambda=0.5",20260820,-39.80920245250067,0.0,8.179973602294922,0.18111987535914917,60
"Random contour + CovAdap, lambda=0.5",20260821,45.826542158921555,1.0,0.5022240281105042,0.1578136045392537,14
"Random contour + CovAdap, lambda=0.5",20260822,-33.7741973400116,0.0,4.9200897216796875,0.17397546183518847,60
"Random contour + CovAdap, lambda=0.5",20260823,48.986707558234535,1.0,0.5617246031761169,0.15698221194190612,7
"Random contour + CovAdap, lambda=0.5",20260824,43.264460300405815,1.0,0.4657783508300781,0.2831946537194426,21
"Random contour + CovAdap, lambda=0.5",20260825,48.07817916075388,1.0,0.6497921943664551,0.10126212488968078,7
"Random contour + CovAdap, lambda=0.5",20260826,44.05366609493891,1.0,0.5776486396789551,0.12001105643862194,21
"Random contour + CovAdap, lambda=0.5",20260827,47.338598161935806,1.0,0.6043388843536377,0.11765716426427475,9
"Random contour + CovAdap, lambda=0.5",20260828,-49.461093872785575,0.0,1.328836441040039,0.20204345174372726,60
"Random contour + CovAdap, lambda=0.5",20260829,48.892781292398766,1.0,0.3795716166496277,0.10170275875593351,5
"Random contour + CovAdap, lambda=0.5",20260830,47.38514762620131,1.0,0.5930450558662415,0.1483037027283784,15
"Random contour + CovAdap, lambda=0.5",20260831,43.378406738241516,1.0,0.4550777077674866,0.13846353392538463,21
"Random contour + CovAdap, lambda=0.5",20260832,49.17323334018389,1.0,0.595485508441925,0.18298361357179874,7
"Random contour + CovAdap, lambda=0.5",20260833,-52.17406588792801,0.0,30.641157150268555,0.1486344696072481,60
"Random contour + CovAdap, lambda=0.5",20260834,49.346098056683935,1.0,0.23981784284114838,0.13014615878051314,5
"Random contour + CovAdap, lambda=0.5",20260835,47.5371390680472,1.0,0.5890097618103027,0.10659312992735882,12
"Random contour + CovAdap, lambda=0.5",20260836,49.50082706411679,1.0,0.552531361579895,0.09858813887504565,3
"Random contour + CovAdap, lambda=0.5",20260837,-71.89262235164642,0.0,25.62331199645996,0.1827408903782596,60
"Random contour + CovAdap, lambda=0.5",20260838,48.45427167912324,1.0,0.6247813105583191,0.09364902173391587,7
"Random contour + CovAdap, lambda=0.5",20260839,45.03750363985698,1.0,0.3991948962211609,0.22346690370766795,13
"Random contour + CovAdap, lambda=0.5",20260840,43.78646358599266,1.0,0.2711985409259796,0.16387458687722134,16
"Random contour + CovAdap, lambda=0.5",20260841,45.63364812731743,1.0,0.437946081161499,0.2548297971896388,15
"Random contour + CovAdap, lambda=0.5",20260842,45.63962139189243,1.0,0.6416794061660767,0.1521974511579236,13
"Random contour + CovAdap, lambda=0.5",20260843,48.33255573362112,1.0,0.4931463897228241,0.11279750493190543,7
"Random contour + CovAdap, lambda=0.5",20260844,34.7188296665748,1.0,0.35496240854263306,0.21737043047359278,40
"Random contour + CovAdap, lambda=0.5",20260845,46.85049383342266,1.0,0.6459880471229553,0.2283860623952336,12
"Random contour + CovAdap, lambda=0.5",20260846,47.818738055725895,1.0,0.4424164593219757,0.12664201979670786,8
"Random contour + CovAdap, lambda=0.5",20260847,47.810082306464516,1.0,0.6197885274887085,0.1467167628904938,9
"Random contour + CovAdap, lambda=0.5",20260848,48.43475000808637,1.0,0.4125750958919525,0.15635897704728405,9
"Random contour + CovAdap, lambda=0.5",20260849,48.41621013482412,1.0,0.6182923913002014,0.11664848642832089,7
"Random contour + CovAdap, lambda=0.5",20260850,49.10247995952765,1.0,0.5480355620384216,0.27400952181984173,4
"Random contour + CovAdap, lambda=0.5",20260851,43.93296079337597,1.0,0.594659686088562,0.12073327321277069,17
"Random contour + CovAdap, lambda=0.5",20260852,47.94207058350245,1.0,0.4180108904838562,0.1791531679962236,15
"Random contour + CovAdap, lambda=0.5",20260853,48.36282440523306,1.0,0.42268145084381104,0.11956962897173685,18
"Random contour + CovAdap, lambda=0.5",20260854,-56.10330828030905,0.0,8.30385684967041,0.16685376738502036,60
"Random contour + CovAdap, lambda=0.5",20260855,49.713311195373535,1.0,0.3972429037094116,0.08039574896791635,3
"Random contour + CovAdap, lambda=0.5",20260856,46.92299454907576,1.0,0.46043282747268677,0.2704088038838314,10
"Random contour + CovAdap, lambda=0.5",20260857,48.62294668455918,1.0,0.508994996547699,0.11056730078467347,6
"Random contour + CovAdap, lambda=0.5",20260858,40.34694064656894,1.0,0.5654501914978027,0.1886805284493094,23
"Random contour + CovAdap, lambda=0.5",20260859,48.62286413336794,1.0,0.16956208646297455,0.1031380467857425,6
"Random contour + CovAdap, lambda=0.5",20260860,41.06385277956724,1.0,0.42291101813316345,0.14403720172964887,29
"Random contour + CovAdap, lambda=0.5",20260861,44.56132519245148,1.0,0.5722529292106628,0.15960257718451396,14
"Random contour + CovAdap, lambda=0.5",20260862,48.7249980121851,1.0,0.5908153653144836,0.11080794843190345,6
"Random contour + CovAdap, lambda=0.5",20260863,49.684424785276256,1.0,0.23200753331184387,0.16497325595448156,3
"Random contour + CovAdap, lambda=0.5",20260864,49.66085313012203,1.0,0.47762617468833923,0.10962435510164854,3
"Random contour + CovAdap, lambda=0.5",20260865,49.17398352921009,1.0,0.25402987003326416,0.18170562438201918,8
"Random contour + CovAdap, lambda=0.5",20260866,-42.84720936417579,0.0,16.193899154663086,0.18084999137052576,60
"Random contour + CovAdap, lambda=0.5",20260867,45.76891268789768,1.0,0.29738563299179077,0.2992841904408201,12
"Random contour + CovAdap, lambda=0.5",20260868,45.7550185273091,1.0,0.5023221373558044,0.2334841942082567,10
"Random contour + CovAdap, lambda=0.5",20260869,46.50281975169977,1.0,0.6330147385597229,0.15071284748541894,22
"Random contour + CovAdap, lambda=0.5",20260870,-77.52301249901454,0.0,43.65706253051758,0.2347115411497159,60
"Random contour + CovAdap, lambda=0.5",20260871,48.04777438441912,1.0,0.5635364055633545,0.24183966354844505,7
"Random contour + CovAdap, lambda=0.5",20260872,-122.46303947766623,0.0,42.691314697265625,0.19756547638221822,60
"Random contour + CovAdap, lambda=0.5",20260873,-51.991074542204565,0.0,10.672712326049805,0.17790820230134968,60
"Random contour + CovAdap, lambda=0.5",20260874,41.1451260894537,1.0,0.5279168486595154,0.1602903936275538,40
"Random contour + CovAdap, lambda=0.5",20260875,-147.85164217154187,0.0,61.958900451660156,0.23401139445775324,60
"Random contour + CovAdap, lambda=0.5",20260876,32.33325647066036,1.0,0.4688378870487213,0.20156632640314,56
"Random contour + CovAdap, lambda=0.5",20260877,44.725907246271774,1.0,0.6182682514190674,0.09867587398482666,16
"Random contour + CovAdap, lambda=0.5",20260878,35.09983352323373,1.0,0.45413124561309814,0.15035050847889597,31
"Random contour + CovAdap, lambda=0.5",20260879,-38.74283223847548,0.0,9.890311241149902,0.2689603698386666,60
"Random contour + CovAdap, lambda=0.5",20260880,45.00365407268207,1.0,0.37716251611709595,0.1409201418516076,17
"Random contour + CovAdap, lambda=0.5",20260881,48.883278680344425,1.0,0.333785742521286,0.19671432836536884,5
"Random contour + CovAdap, lambda=0.5",20260882,45.48737679918607,1.0,0.61933434009552,0.2723386910298818,20
"Random contour + CovAdap, lambda=0.5",20260883,45.63451952238878,1.0,0.6004693508148193,0.12776664349479738,17
"Random contour + CovAdap, lambda=0.5",20260884,-36.304506758848824,0.0,9.59885025024414,0.16258771870460595,60
"Random contour + CovAdap, lambda=0.5",20260885,41.28213048477968,1.0,0.3087170124053955,0.17514529808257334,21
"Random contour + CovAdap, lambda=0.5",20260886,48.55112131933371,1.0,0.6312427520751953,0.1242698573440626,11
"Random contour + CovAdap, lambda=0.5",20260887,48.504926616946854,1.0,0.260753870010376,0.16572648443264063,6
"Random contour + CovAdap, lambda=0.5",20260888,44.870632310708366,1.0,0.5101287961006165,0.13538936425116171,18
"Random contour + CovAdap, lambda=0.5",20260889,42.90793045361837,1.0,0.26306796073913574,0.16397078738352538,28
"Random contour + CovAdap, lambda=0.5",20260890,-134.90194937586782,0.0,56.83155059814453,0.17264073232226138,60
"Random contour + CovAdap, lambda=0.5",20260891,49.38902993003528,1.0,0.6448417901992798,0.09786723443349847,6
"Random contour + CovAdap, lambda=0.5",20260892,49.66736379762491,1.0,0.12574690580368042,0.12697198126045106,5
"Random contour + CovAdap, lambda=0.5",20260893,48.952782690525055,1.0,0.5277653932571411,0.0988139455804191,6
"Random contour + CovAdap, lambda=0.5",20260894,47.428141678373024,1.0,0.5830860733985901,0.5089767881797085,8
"Random contour + CovAdap, lambda=0.5",20260895,-111.10592613617578,0.0,44.05930709838867,0.1812558709701315,60
"Random contour + CovAdap, lambda=0.5",20260896,49.404949486255646,1.0,0.5351325273513794,0.1815188370145398,7
"Random contour + CovAdap, lambda=0.5",20260897,49.38374304026365,1.0,0.44726529717445374,0.15508585099014632,5
"Random contour + CovAdap, lambda=0.5",20260898,31.00278695176045,1.0,0.4387490451335907,0.2162441988831053,52
"Random contour + CovAdap, lambda=0.5",20260899,48.47082750995954,1.0,0.5391741991043091,0.08312828717983783,8
"Random contour + CovAdap, lambda=0.5",20260900,34.31485830247402,1.0,0.5499644875526428,0.17180581930289013,34
"Random contour + CovAdap, lambda=0.5",20260901,49.3269575064381,1.0,0.2549973428249359,0.18975237270633857,4
"Random contour + CovAdap, lambda=0.5",20260902,48.88844222327074,1.0,0.6227889060974121,0.11779769972718968,7
"Random contour + CovAdap, lambda=0.5",20260903,49.599483260263995,1.0,0.14384277164936066,0.1212325706033478,4
"Random contour + CovAdap, lambda=0.5",20260904,49.46512171626091,1.0,0.6184239387512207,0.10864491651368476,5
"Random contour + CovAdap, lambda=0.5",20260905,44.934159050385155,1.0,0.5489861965179443,0.28922268019020925,14
"Random contour + CovAdap, lambda=0.5",20260906,45.42153077324232,1.0,0.5006108283996582,0.1898328812865284,19
"Random contour + CovAdap, lambda=0.5",20260907,-42.457493921120964,0.0,18.78803253173828,0.21745309688772807,60
"Random contour + CovAdap, lambda=0.5",20260908,45.737040579319,1.0,0.5807029008865356,0.18045488071937257,25
"Random contour + CovAdap, lambda=0.5",20260909,47.753870444993176,1.0,0.40979841351509094,0.11391174685541859,11
"Random contour + CovAdap, lambda=0.5",20260910,47.370089784264565,1.0,0.6468239426612854,0.13183392476341965,11
"Random contour + CovAdap, lambda=0.5",20260911,48.48917018125455,1.0,0.3046601712703705,0.2452296934834428,6
"Random contour + CovAdap, lambda=0.5",20260912,-96.39386673768362,0.0,40.86948776245117,0.1445303263956005,60
"Random contour + CovAdap, lambda=0.5",20260913,49.31918055812518,1.0,0.612075924873352,0.1154407814582768,4
"Random contour + CovAdap, lambda=0.5",20260914,47.432190738618374,1.0,0.40417584776878357,0.129646774593059,8
"Random contour + CovAdap, lambda=0.5",20260915,49.13457363347212,1.0,0.3094772696495056,0.14448758616044838,8
"Random contour + CovAdap, lambda=0.5",20260916,48.54286913573742,1.0,0.5373477339744568,0.15455628078742878,7
"Random contour + CovAdap, lambda=0.5",20260917,43.10285444060962,1.0,0.6240425109863281,0.1650904545643123,24
"Random contour + CovAdap, lambda=0.5",20260918,48.113553854326405,1.0,0.40058478713035583,0.23457884210028293,6
"Random contour + CovAdap, lambda=0.5",20260919,-69.78979468345644,0.0,29.858644485473633,0.17020010688811318,60
"Random contour + CovAdap, lambda=0.5",20260920,49.03928627322117,1.0,0.27200260758399963,0.18856581218129095,6
"Random contour + CovAdap, lambda=0.5",20260921,-103.02135928471881,0.0,23.022661209106445,0.2117125239253638,60
"Random contour + CovAdap, lambda=0.5",20260922,48.8491469596823,1.0,0.055869847536087036,0.08775906579557324,6
"Random contour + CovAdap, lambda=0.5",20260923,43.91351155936718,1.0,0.6451331973075867,0.12943905254436966,14
"Random contour + CovAdap, lambda=0.5",20260924,48.75939843058586,1.0,0.4598524570465088,0.12067245554987217,6
"Random contour + CovAdap, lambda=0.5",20260925,49.083128323157624,1.0,0.4655614495277405,0.12219792106041819,5
"Random contour + CovAdap, lambda=0.5",20260926,48.80336647729079,1.0,0.5818516612052917,0.13793384747364443,5
"Random contour + CovAdap, lambda=0.5",20260927,49.09915459652742,1.0,0.3840499520301819,0.10770010296684053,7
"Random contour + CovAdap, lambda=0.5",20260928,-120.46838897466661,0.0,70.8028335571289,0.15988106673422423,60
"Random contour + CovAdap, lambda=0.5",20260929,45.613323663671814,1.0,0.3066057562828064,0.17328321665872726,16
"Random contour + CovAdap, lambda=0.5",20260930,49.42344678441683,1.0,0.6169688701629639,0.21914874091106892,4
"Random contour + CovAdap, lambda=0.5",20260931,48.67138214160999,1.0,0.3369457423686981,0.1215396785070862,6
"Random contour + CovAdap, lambda=0.5",20260932,47.73965734243393,1.0,0.3876323699951172,0.14037279742589898,8
"Random contour + CovAdap, lambda=0.5",20260933,48.93384366482496,1.0,0.3889126479625702,0.17978395315905465,4
"Random contour + CovAdap, lambda=0.5",20260934,47.150414238373436,1.0,0.4974774122238159,0.190118062644161,9
"Random contour + CovAdap, lambda=0.5",20260935,41.96596451103688,1.0,0.45829111337661743,0.1695629878442174,23
"Random contour + CovAdap, lambda=0.5",20260936,44.24534937739372,1.0,0.5465370416641235,0.13399986345903883,20
"Random contour + CovAdap, lambda=0.5",20260937,-123.92409209410349,0.0,38.3173942565918,0.15426779376874938,60
"Random contour + CovAdap, lambda=0.5",20260938,48.57556835313638,1.0,0.2605096697807312,0.26915316776379244,6
"Random contour + CovAdap, lambda=0.5",20260939,40.805420493086174,1.0,0.5985648036003113,0.19026583253713825,20
"Random contour + CovAdap, lambda=0.5",20260940,47.44115339716276,1.0,0.5359840393066406,0.13185626677780532,23
"Random contour + CovAdap, lambda=0.5",20260941,46.47586430360873,1.0,0.4540092647075653,0.22439839429168798,16
"Random contour + CovAdap, lambda=0.5",20260942,46.84364092350006,1.0,0.4551313519477844,0.27126575465984426,10
"Random contour + CovAdap, lambda=0.5",20260943,45.08623319864273,1.0,0.5375671982765198,0.22357442162405147,21
"Random contour + CovAdap, lambda=0.5",20260944,48.63312446077665,1.0,0.5333389639854431,0.14103111284884504,9
"Random contour + CovAdap, lambda=0.5",20260945,47.70311410228412,1.0,0.4328208565711975,0.1400480423286138,15
"Random contour + CovAdap, lambda=0.5",20260946,48.13056372602781,1.0,0.5391494035720825,0.11226869696601297,10
"Random contour + CovAdap, lambda=0.5",20260947,48.38490833838781,1.0,0.6090545058250427,0.2857328437725282,10
"Random contour + CovAdap, lambda=0.5",20260948,47.509953970710434,1.0,0.3019675612449646,0.2011187841182238,9
"Random contour + CovAdap, lambda=0.5",20260949,48.308157943189144,1.0,0.42218950390815735,0.1578463601752858,10
"Random contour + CovAdap, lambda=0.5",20260950,48.803073015064,1.0,0.2001226395368576,0.1322850145978482,7
"Random contour + CovAdap, lambda=0.5",20260951,49.4999482134978,1.0,0.4644208550453186,0.10292704010406109,5
"Random contour + CovAdap, lambda=0.5",20260952,48.7712049682935,1.0,0.5689572095870972,0.11637324577383938,7
"Random contour + CovAdap, lambda=0.5",20260953,48.39591719210148,1.0,0.5911278128623962,0.19295649355083302,7
"Random contour + CovAdap, lambda=0.5",20260954,47.84412198265393,1.0,0.5041042566299438,0.1928892353911436,7
"Random contour + CovAdap, lambda=0.5",20260955,47.97273125002781,1.0,0.4469136893749237,0.1459745897536438,15
"Random contour + CovAdap, lambda=0.5",20260956,48.3364198555549,1.0,0.5723919868469238,0.22582930104755905,9
"Random contour + CovAdap, lambda=0.5",20260957,43.919200241565704,1.0,0.5331053733825684,0.20405190174687735,22
"Random contour + CovAdap, lambda=0.5",20260958,48.23462058479587,1.0,0.18615765869617462,0.11650414485791816,12
"Random contour + CovAdap, lambda=0.5",20260959,-24.28372645378113,0.0,7.341992378234863,0.16913747336129395,60
"Random contour + CovAdap, lambda=0.5",20260960,48.598839332660035,1.0,0.45957279205322266,0.16443970486942935,7
"Random contour + CovAdap, lambda=0.5",20260961,48.92376441756884,1.0,0.4990953207015991,0.12260652054684469,5
"Random contour + CovAdap, lambda=0.5",20260962,46.960833206772804,1.0,0.501460611820221,0.13417730520374427,13
"Random contour + CovAdap, lambda=0.5",20260963,46.633991892139115,1.0,0.5886905789375305,0.19037459660847808,25
"Random contour + CovAdap, lambda=0.5",20260964,48.99542861183484,1.0,0.4025842547416687,0.17370275385683706,6
"Random contour + CovAdap, lambda=0.5",20260965,47.61282880604267,1.0,0.5613225102424622,0.42056074918219305,8
"Random contour + CovAdap, lambda=0.5",20260966,49.140159348646804,1.0,0.3253522515296936,0.137380214618304,7
"Random contour + CovAdap, lambda=0.5",20260967,49.47049462298552,1.0,0.47196441888809204,0.126882484421191,5
"Random contour + CovAdap, lambda=0.5",20260968,-72.42164262135823,0.0,37.047359466552734,0.2598984003048559,60
"Random contour + CovAdap, lambda=0.5",20260969,-125.82079724470772,0.0,40.36933517456055,0.19845973630674027,60
"Random contour + CovAdap, lambda=0.5",20260970,-36.00121262669563,0.0,0.8752233982086182,0.18697007336033986,60
"Random contour + CovAdap, lambda=0.5",20260971,45.107855424284935,1.0,0.6371732354164124,0.1774338226620894,15
"Random contour + CovAdap, lambda=0.5",20260972,47.36934620141983,1.0,0.4316829442977905,0.1748884068305701,8
"Random contour + CovAdap, lambda=0.5",20260973,43.01394153634707,1.0,0.34712493419647217,0.2771338916472462,18
"Random contour + CovAdap, lambda=0.5",20260974,47.82091246545315,1.0,0.3881070017814636,0.15916965297374724,8
"Random contour + CovAdap, lambda=0.5",20260975,46.67146378258864,1.0,0.5250082612037659,0.19117158890371008,12
"Random contour + CovAdap, lambda=0.5",20260976,-106.14303264021873,0.0,53.96728515625,0.2247982461267522,60
"Random contour + CovAdap, lambda=0.5",20260977,49.419376293818154,1.0,0.41734206676483154,0.10442392282621367,7
"Random contour + CovAdap, lambda=0.5",20260978,48.39541952311993,1.0,0.5067727565765381,0.1276647870572539,7
"Random contour + CovAdap, lambda=0.5",20260979,45.18874281520645,1.0,0.15538348257541656,0.20934385568871997,27
"Random contour + CovAdap, lambda=0.5",20260980,-58.9262387752533,0.0,16.734037399291992,0.22091443400642144,60
"Random contour + CovAdap, lambda=0.5",20260981,49.478419030706085,1.0,0.5736066699028015,0.4003309662031066,5
"Random contour + CovAdap, lambda=0.5",20260982,-28.953033347924553,0.0,8.017670631408691,0.19623256393211722,60
"Random contour + CovAdap, lambda=1.0",20260733,49.7123806749781,1.0,0.38822081685066223,0.1701826779756326,3
"Random contour + CovAdap, lambda=1.0",20260734,49.095220467696585,1.0,0.1296313852071762,0.08957897087972867,5
"Random contour + CovAdap, lambda=1.0",20260735,49.577093094587326,1.0,0.5418025851249695,0.1418387765910308,4
"Random contour + CovAdap, lambda=1.0",20260736,-63.82283200820288,0.0,15.142001152038574,0.17114124137409234,60
"Random contour + CovAdap, lambda=1.0",20260737,47.56455574929714,1.0,0.5909557938575745,0.11578552547957026,9
"Random contour + CovAdap, lambda=1.0",20260738,42.089028322448335,1.0,0.13753123581409454,0.15551866772962647,30
"Random contour + CovAdap, lambda=1.0",20260739,45.63925011704365,1.0,0.13526514172554016,0.17011609786945633,20
"Random contour + CovAdap, lambda=1.0",20260740,48.01653077453375,1.0,0.4293372333049774,0.1289062807817091,6
"Random contour + CovAdap, lambda=1.0",20260741,44.397525022427246,1.0,0.47396308183670044,0.1732034483991436,26
"Random contour + CovAdap, lambda=1.0",20260742,47.35894241432349,1.0,0.3642474412918091,0.3306576601038186,10
"Random contour + CovAdap, lambda=1.0",20260743,47.54978664716085,1.0,0.5351707935333252,0.44018540135259865,8
"Random contour + CovAdap, lambda=1.0",20260744,42.18491792927186,1.0,0.1414203941822052,0.21452301969018353,24
"Random contour + CovAdap, lambda=1.0",20260745,47.34002004315456,1.0,0.4900641143321991,0.09265386007302658,9
"Random contour + CovAdap, lambda=1.0",20260746,44.52885418136914,1.0,0.17328166961669922,0.1066026574400919,12
"Random contour + CovAdap, lambda=1.0",20260747,49.089547745883465,1.0,0.4621666371822357,0.18384480992277663,5
"Random contour + CovAdap, lambda=1.0",20260748,49.173474026223026,1.0,0.4041188657283783,0.11379221094654933,4
"Random contour + CovAdap, lambda=1.0",20260749,-124.56074535846707,0.0,60.664608001708984,0.14993011613888488,60
"Random contour + CovAdap, lambda=1.0",20260750,48.96615827331941,1.0,0.47665002942085266,0.20231828214577094,6
"Random contour + CovAdap, lambda=1.0",20260751,48.69211872170369,1.0,0.4898761808872223,0.11257261037063644,7
"Random contour + CovAdap, lambda=1.0",20260752,-96.85249716540179,0.0,47.15606689453125,0.17579199952422106,60
"Random contour + CovAdap, lambda=1.0",20260753,46.668760277330875,1.0,0.39031174778938293,0.18032282917297884,15
"Random contour + CovAdap, lambda=1.0",20260754,47.47757654637098,1.0,0.06499835848808289,0.1744061030390186,9
"Random contour + CovAdap, lambda=1.0",20260755,47.18341725071271,1.0,0.39123010635375977,0.14020551950982255,11
"Random contour + CovAdap, lambda=1.0",20260756,47.93917868286371,1.0,0.4376150071620941,0.15348882457586932,8
"Random contour + CovAdap, lambda=1.0",20260757,45.85665741066138,1.0,0.3160589933395386,0.2481757574895728,12
"Random contour + CovAdap, lambda=1.0",20260758,49.55629899849494,1.0,0.3649475872516632,0.4247416362674777,4
"Random contour + CovAdap, lambda=1.0",20260759,-106.11369305849075,0.0,54.19307327270508,0.250076367268632,60
"Random contour + CovAdap, lambda=1.0",20260760,-45.766048928101846,0.0,3.0696191787719727,0.15580429520286515,60
"Random contour + CovAdap, lambda=1.0",20260761,48.59781119724114,1.0,0.6472460627555847,0.17205367912520245,8
"Random contour + CovAdap, lambda=1.0",20260762,47.82277966166536,1.0,0.22390340268611908,0.14260180594061547,10
"Random contour + CovAdap, lambda=1.0",20260763,-93.65436547001204,0.0,47.10637283325195,0.1827824212526893,60
"Random contour + CovAdap, lambda=1.0",20260764,49.14692554871242,1.0,0.5867851972579956,0.12808464752541193,5
"Random contour + CovAdap, lambda=1.0",20260765,49.0956259816885,1.0,0.5658849477767944,0.08992139063512476,6
"Random contour + CovAdap, lambda=1.0",20260766,45.65801181395849,1.0,0.6005394458770752,0.24871460818132102,17
"Random contour + CovAdap, lambda=1.0",20260767,-101.6046764055888,0.0,61.92949295043945,0.21144943926862936,60
"Random contour + CovAdap, lambda=1.0",20260768,49.51837329566479,1.0,0.4555869698524475,0.0994167904667769,4
"Random contour + CovAdap, lambda=1.0",20260769,47.97633072237174,1.0,0.5301900506019592,0.11081401476640412,9
"Random contour + CovAdap, lambda=1.0",20260770,-22.198786467313766,0.0,4.430281639099121,0.12800711602802264,60
"Random contour + CovAdap, lambda=1.0",20260771,48.56167696913083,1.0,0.49860644340515137,0.3114241307326799,10
"Random contour + CovAdap, lambda=1.0",20260772,49.3329440827171,1.0,0.24704763293266296,0.09942263904724132,4
"Random contour + CovAdap, lambda=1.0",20260773,47.201019110778965,1.0,0.44683918356895447,0.12237983156085391,11
"Random contour + CovAdap, lambda=1.0",20260774,49.37850532929103,1.0,0.4022037982940674,0.12076435270900307,4
"Random contour + CovAdap, lambda=1.0",20260775,48.13575505713622,1.0,0.5425333976745605,0.13320397792524089,9
"Random contour + CovAdap, lambda=1.0",20260776,-76.74440332253775,0.0,31.084064483642578,0.16581421208106117,60
"Random contour + CovAdap, lambda=1.0",20260777,-66.39694444338481,0.0,30.019914627075195,0.18309548259030198,60
"Random contour + CovAdap, lambda=1.0",20260778,41.50054340561231,1.0,0.6210960745811462,0.12965430045937812,22
"Random contour + CovAdap, lambda=1.0",20260779,49.23339561124643,1.0,0.5544145703315735,0.1095919565885602,6
"Random contour + CovAdap, lambda=1.0",20260780,47.57113797465961,1.0,0.2720295786857605,0.11282779830646955,13
"Random contour + CovAdap, lambda=1.0",20260781,41.5729363138477,1.0,0.4368673861026764,0.2023337418174463,28
"Random contour + CovAdap, lambda=1.0",20260782,-60.77406879266102,0.0,36.554656982421875,0.22798823770565776,60
"Random contour + CovAdap, lambda=1.0",20260783,-28.434333016475044,0.0,8.187759399414062,0.22578705668512072,60
"Random contour + CovAdap, lambda=1.0",20260784,-56.82720605532327,0.0,21.552980422973633,0.15831663367356633,60
"Random contour + CovAdap, lambda=1.0",20260785,47.219748531778656,1.0,0.30243945121765137,0.14775075810959343,12
"Random contour + CovAdap, lambda=1.0",20260786,46.011018847425774,1.0,0.47787654399871826,0.21811222824578683,18
"Random contour + CovAdap, lambda=1.0",20260787,48.724625776211425,1.0,0.6447704434394836,0.18455970536011193,8
"Random contour + CovAdap, lambda=1.0",20260788,49.86798957486947,1.0,0.5429041981697083,0.694759857004259,2
"Random contour + CovAdap, lambda=1.0",20260789,49.02708878554404,1.0,0.11890948563814163,0.21821145220743293,7
"Random contour + CovAdap, lambda=1.0",20260790,49.654929791887604,1.0,0.5275785326957703,0.22079811468489155,3
"Random contour + CovAdap, lambda=1.0",20260791,48.91395179927349,1.0,0.6054598689079285,0.18255603840056733,5
"Random contour + CovAdap, lambda=1.0",20260792,49.5281352798144,1.0,0.5945717692375183,0.08539559133380817,4
"Random contour + CovAdap, lambda=1.0",20260793,47.27277475595474,1.0,0.4255383610725403,0.12727999839352394,12
"Random contour + CovAdap, lambda=1.0",20260794,-63.101533532142646,0.0,33.26953887939453,0.17848156811260316,60
"Random contour + CovAdap, lambda=1.0",20260795,-59.59343759218851,0.0,28.084598541259766,0.13754875215708384,60
"Random contour + CovAdap, lambda=1.0",20260796,48.58434249957402,1.0,0.5088678598403931,0.2658145887027602,5
"Random contour + CovAdap, lambda=1.0",20260797,46.99023452401161,1.0,0.43247514963150024,0.14191713686451576,12
"Random contour + CovAdap, lambda=1.0",20260798,-111.82184598843259,0.0,42.23827362060547,0.1636481929619846,60
"Random contour + CovAdap, lambda=1.0",20260799,-166.7643257379532,0.0,69.34623718261719,0.2314096567483344,60
"Random contour + CovAdap, lambda=1.0",20260800,48.88599552586675,1.0,0.2026887685060501,0.1778826836210745,7
"Random contour + CovAdap, lambda=1.0",20260801,47.976059238115944,1.0,0.6435147523880005,0.18925043079050616,6
"Random contour + CovAdap, lambda=1.0",20260802,-55.26270250479379,0.0,24.549211502075195,0.20096764115606894,60
"Random contour + CovAdap, lambda=1.0",20260803,43.93128825724125,1.0,0.6456519365310669,0.2152589589855216,42
"Random contour + CovAdap, lambda=1.0",20260804,48.120339592297874,1.0,0.5596150159835815,0.0966185429698087,7
"Random contour + CovAdap, lambda=1.0",20260805,-87.14035542805989,0.0,36.7702751159668,0.25129739063252354,60
"Random contour + CovAdap, lambda=1.0",20260806,49.63387875072658,1.0,0.11463191360235214,0.9935222332507978,4
"Random contour + CovAdap, lambda=1.0",20260807,47.753903572758034,1.0,0.5215273499488831,0.16280430661732065,20
"Random contour + CovAdap, lambda=1.0",20260808,43.12162228176991,1.0,0.3555072844028473,0.20546899158068385,17
"Random contour + CovAdap, lambda=1.0",20260809,47.83210550714284,1.0,0.0312812365591526,0.13321862447109065,15
"Random contour + CovAdap, lambda=1.0",20260810,43.12634325027466,1.0,0.6204134225845337,0.13051247373710775,16
"Random contour + CovAdap, lambda=1.0",20260811,48.37978165845077,1.0,0.5046792030334473,0.1313353911080976,7
"Random contour + CovAdap, lambda=1.0",20260812,49.38363501429558,1.0,0.47753995656967163,0.09776585683457312,5
"Random contour + CovAdap, lambda=1.0",20260813,47.99233388528228,1.0,0.21701990067958832,0.13522119190770537,13
"Random contour + CovAdap, lambda=1.0",20260814,46.39678763846556,1.0,0.5819002985954285,0.10994099467762507,11
"Random contour + CovAdap, lambda=1.0",20260815,49.175883673131466,1.0,0.34747645258903503,0.11856993817509828,5
"Random contour + CovAdap, lambda=1.0",20260816,36.23078124783933,1.0,0.11690526455640793,0.15597906761267083,37
"Random contour + CovAdap, lambda=1.0",20260817,35.83367465933164,1.0,0.5642006397247314,0.24518707845891424,28
"Random contour + CovAdap, lambda=1.0",20260818,49.207613895336785,1.0,0.5784945487976074,0.10373347420398543,4
"Random contour + CovAdap, lambda=1.0",20260819,47.29014626145363,1.0,0.5185297131538391,0.1424033718339415,11
"Random contour + CovAdap, lambda=1.0",20260820,-39.79143430789313,0.0,8.177218437194824,0.17247285839581147,60
"Random contour + CovAdap, lambda=1.0",20260821,45.82802331199249,1.0,0.49667707085609436,0.15222070008758334,14
"Random contour + CovAdap, lambda=1.0",20260822,-33.76671948035559,0.0,4.920020580291748,0.16576032671421267,60
"Random contour + CovAdap, lambda=1.0",20260823,48.98005869487922,1.0,0.618369996547699,0.1437896862853301,7
"Random contour + CovAdap, lambda=1.0",20260824,43.319482343892254,1.0,0.46591535210609436,0.26048187963954333,21
"Random contour + CovAdap, lambda=1.0",20260825,48.07817916075388,1.0,0.6497921943664551,0.10126212488968078,7
"Random contour + CovAdap, lambda=1.0",20260826,44.05366609493891,1.0,0.5776486396789551,0.12001105643862194,21
"Random contour + CovAdap, lambda=1.0",20260827,47.339665830135345,1.0,0.601036548614502,0.10587796148892328,9
"Random contour + CovAdap, lambda=1.0",20260828,-49.4501648445924,0.0,1.3178985118865967,0.19848198282468285,60
"Random contour + CovAdap, lambda=1.0",20260829,48.892781292398766,1.0,0.3795716166496277,0.10170275875593351,5
"Random contour + CovAdap, lambda=1.0",20260830,47.366805613040924,1.0,0.6236172914505005,0.1455821227092237,15
"Random contour + CovAdap, lambda=1.0",20260831,43.37751785169045,1.0,0.4566821753978729,0.13791695164676487,21
"Random contour + CovAdap, lambda=1.0",20260832,49.172012120485306,1.0,0.6101401448249817,0.18336550907234267,7
"Random contour + CovAdap, lambda=1.0",20260833,-52.17127758264541,0.0,30.640914916992188,0.1450337968938903,60
"Random contour + CovAdap, lambda=1.0",20260834,49.346098056683935,1.0,0.23981784284114838,0.13014615878051314,5
"Random contour + CovAdap, lambda=1.0",20260835,47.5371390680472,1.0,0.5890097618103027,0.10659312992735882,12
"Random contour + CovAdap, lambda=1.0",20260836,49.50082706411679,1.0,0.552531361579895,0.09858813887504565,3
"Random contour + CovAdap, lambda=1.0",20260837,-71.89317484696704,0.0,25.62388038635254,0.18190745230388863,60
"Random contour + CovAdap, lambda=1.0",20260838,48.45427167912324,1.0,0.6247813105583191,0.09364902173391587,7
"Random contour + CovAdap, lambda=1.0",20260839,45.04110546410084,1.0,0.399131178855896,0.21057257350099368,13
"Random contour + CovAdap, lambda=1.0",20260840,43.77913151433071,1.0,0.35337790846824646,0.1519746275248331,16
"Random contour + CovAdap, lambda=1.0",20260841,45.624933103720345,1.0,0.5174376964569092,0.24494909961264216,15
"Random contour + CovAdap, lambda=1.0",20260842,45.639677211642265,1.0,0.6418207287788391,0.14815456317853587,13
"Random contour + CovAdap, lambda=1.0",20260843,48.33255573362112,1.0,0.4931463897228241,0.11279750493190543,7
"Random contour + CovAdap, lambda=1.0",20260844,34.8886999587218,1.0,0.3571320176124573,0.2015193931564614,40
"Random contour + CovAdap, lambda=1.0",20260845,46.768362267563745,1.0,0.2187054306268692,0.21119737822637724,14
"Random contour + CovAdap, lambda=1.0",20260846,47.818738055725895,1.0,0.4424164593219757,0.12664201979670786,8
"Random contour + CovAdap, lambda=1.0",20260847,47.81321514646213,1.0,0.5828373432159424,0.1376586626129799,9
"Random contour + CovAdap, lambda=1.0",20260848,48.455441335837044,1.0,0.41369038820266724,0.1428464557274528,9
"Random contour + CovAdap, lambda=1.0",20260849,48.41621013482412,1.0,0.6182923913002014,0.11664848642832089,7
"Random contour + CovAdap, lambda=1.0",20260850,49.101870174209274,1.0,0.5543214678764343,0.24897214297741085,4
"Random contour + CovAdap, lambda=1.0",20260851,43.93296079337597,1.0,0.594659686088562,0.12073327321277069,17
"Random contour + CovAdap, lambda=1.0",20260852,47.932194866240025,1.0,0.46752533316612244,0.17704482090359458,15
"Random contour + CovAdap, lambda=1.0",20260853,48.36282440523306,1.0,0.42268145084381104,0.11956962897173685,18
"Random contour + CovAdap, lambda=1.0",20260854,-56.10379779338835,0.0,8.303802490234375,0.1638761868871879,60
"Random contour + CovAdap, lambda=1.0",20260855,49.713311195373535,1.0,0.3972429037094116,0.08039574896791635,3
"Random contour + CovAdap, lambda=1.0",20260856,46.92206025868654,1.0,0.4608849585056305,0.2412141328532647,10
"Random contour + CovAdap, lambda=1.0",20260857,48.60982968906562,1.0,0.5386068224906921,0.10723565592472933,6
"Random contour + CovAdap, lambda=1.0",20260858,40.340923527876534,1.0,0.5781955718994141,0.1789039847380492,23
"Random contour + CovAdap, lambda=1.0",20260859,48.62286413336794,1.0,0.16956208646297455,0.1031380467857425,6
"Random contour + CovAdap, lambda=1.0",20260860,41.06428172439337,1.0,0.422899454832077,0.1424598670144006,29
"Random contour + CovAdap, lambda=1.0",20260861,44.55588414271673,1.0,0.6049594879150391,0.15623177906634278,14
"Random contour + CovAdap, lambda=1.0",20260862,48.7249980121851,1.0,0.5908153653144836,0.11080794843190345,6
"Random contour + CovAdap, lambda=1.0",20260863,49.684424785276256,1.0,0.23200753331184387,0.16497325595448156,3
"Random contour + CovAdap, lambda=1.0",20260864,49.66085313012203,1.0,0.47762617468833923,0.10962435510164854,3
"Random contour + CovAdap, lambda=1.0",20260865,49.17335910846789,1.0,0.27023807168006897,0.17795015061190284,8
"Random contour + CovAdap, lambda=1.0",20260866,-42.84931865334511,0.0,16.195112228393555,0.1792595539806609,60
"Random contour + CovAdap, lambda=1.0",20260867,45.77710076918204,1.0,0.23462620377540588,0.2849797959199109,12
"Random contour + CovAdap, lambda=1.0",20260868,45.756604405740894,1.0,0.4949640929698944,0.23118190678341835,10
"Random contour + CovAdap, lambda=1.0",20260869,46.50696827471256,1.0,0.6319200992584229,0.14842569343013043,22
"Random contour + CovAdap, lambda=1.0",20260870,-77.56390174229941,0.0,43.67001724243164,0.22440868188643434,60
"Random contour + CovAdap, lambda=1.0",20260871,48.05243097742399,1.0,0.5129806995391846,0.21720169630070046,7
"Random contour + CovAdap, lambda=1.0",20260872,-122.4639824231466,0.0,42.69129943847656,0.19582817134488376,60
"Random contour + CovAdap, lambda=1.0",20260873,-51.990761439005524,0.0,10.672718048095703,0.17632235002720528,60
"Random contour + CovAdap, lambda=1.0",20260874,41.14852567513783,1.0,0.5474981069564819,0.1539072620809197,40
"Random contour + CovAdap, lambda=1.0",20260875,-147.88209116458893,0.0,61.966644287109375,0.2310062169408069,60
"Random contour + CovAdap, lambda=1.0",20260876,32.54755511383215,1.0,0.46207576990127563,0.18969689737778467,56
"Random contour + CovAdap, lambda=1.0",20260877,44.725907246271774,1.0,0.6182682514190674,0.09867587398482666,16
"Random contour + CovAdap, lambda=1.0",20260878,35.09990068525075,1.0,0.4675038158893585,0.14797582086188793,31
"Random contour + CovAdap, lambda=1.0",20260879,-38.73406026264032,0.0,9.889862060546875,0.2437048398470515,60
"Random contour + CovAdap, lambda=1.0",20260880,44.99460180848837,1.0,0.39370647072792053,0.1404761488985846,17
"Random contour + CovAdap, lambda=1.0",20260881,48.88155798614025,1.0,0.33620208501815796,0.18620944950529578,5
"Random contour + CovAdap, lambda=1.0",20260882,45.51785644888878,1.0,0.584678590297699,0.2569239033009184,20
"Random contour + CovAdap, lambda=1.0",20260883,45.63406083981196,1.0,0.6004566550254822,0.12401996913382832,17
"Random contour + CovAdap, lambda=1.0",20260884,-36.29474796851476,0.0,9.595545768737793,0.15830341016630886,60
"Random contour + CovAdap, lambda=1.0",20260885,41.31283820668856,1.0,0.6494618654251099,0.16218979724337063,20
"Random contour + CovAdap, lambda=1.0",20260886,48.55112131933371,1.0,0.6312427520751953,0.1242698573440626,11
"Random contour + CovAdap, lambda=1.0",20260887,48.50856945166985,1.0,0.2624156177043915,0.1425933188814584,6
"Random contour + CovAdap, lambda=1.0",20260888,44.87571859856446,1.0,0.510068416595459,0.13095491003552748,18
"Random contour + CovAdap, lambda=1.0",20260889,42.906194627285004,1.0,0.24737203121185303,0.1569233082980591,28
"Random contour + CovAdap, lambda=1.0",20260890,-134.89661038915315,0.0,56.829612731933594,0.17129060250029712,60
"Random contour + CovAdap, lambda=1.0",20260891,49.38902993003528,1.0,0.6448417901992798,0.09786723443349847,6
"Random contour + CovAdap, lambda=1.0",20260892,49.66736379762491,1.0,0.12574690580368042,0.12697198126045106,5
"Random contour + CovAdap, lambda=1.0",20260893,48.952782690525055,1.0,0.5277653932571411,0.0988139455804191,6
"Random contour + CovAdap, lambda=1.0",20260894,47.4393359820048,1.0,0.5629558563232422,0.4690892957449826,8
"Random contour + CovAdap, lambda=1.0",20260895,-111.10551446676257,0.0,44.058902740478516,0.17985676299347544,60
"Random contour + CovAdap, lambda=1.0",20260896,49.40619653463364,1.0,0.5309973955154419,0.1847275797733761,7
"Random contour + CovAdap, lambda=1.0",20260897,49.393352237840496,1.0,0.4153599441051483,0.14341342785206873,5
"Random contour + CovAdap, lambda=1.0",20260898,31.033641765515007,1.0,0.42060762643814087,0.20898674505660988,52
"Random contour + CovAdap, lambda=1.0",20260899,48.47082750995954,1.0,0.5391741991043091,0.08312828717983783,8
"Random contour + CovAdap, lambda=1.0",20260900,34.315982853372894,1.0,0.5498151183128357,0.16529033429724732,34
"Random contour + CovAdap, lambda=1.0",20260901,49.314779805640384,1.0,0.3491987884044647,0.18134894568787857,4
"Random contour + CovAdap, lambda=1.0",20260902,48.89600885907809,1.0,0.6097242832183838,0.12098212463939184,7
"Random contour + CovAdap, lambda=1.0",20260903,49.599483260263995,1.0,0.14384277164936066,0.1212325706033478,4
"Random contour + CovAdap, lambda=1.0",20260904,49.46512171626091,1.0,0.6184239387512207,0.10864491651368476,5
"Random contour + CovAdap, lambda=1.0",20260905,44.93058388928573,1.0,0.5787630677223206,0.27965610260181206,14
"Random contour + CovAdap, lambda=1.0",20260906,45.41680161654949,1.0,0.4998018741607666,0.1852613601690099,19
"Random contour + CovAdap, lambda=1.0",20260907,-42.466445346673325,0.0,18.79627799987793,0.20864672666062836,60
"Random contour + CovAdap, lambda=1.0",20260908,45.72505001723766,1.0,0.5762758851051331,0.17356370677219657,25
"Random contour + CovAdap, lambda=1.0",20260909,47.753870444993176,1.0,0.40979841351509094,0.11391174685541859,11
"Random contour + CovAdap, lambda=1.0",20260910,47.370089784264565,1.0,0.6468239426612854,0.13183392476341965,11
"Random contour + CovAdap, lambda=1.0",20260911,48.493049787978336,1.0,0.3109249174594879,0.2326327237389367,6
"Random contour + CovAdap, lambda=1.0",20260912,-96.38867219289146,0.0,40.86948776245117,0.1425346589692706,60
"Random contour + CovAdap, lambda=1.0",20260913,49.31918055812518,1.0,0.612075924873352,0.1154407814582768,4
"Random contour + CovAdap, lambda=1.0",20260914,47.432870162030056,1.0,0.396022766828537,0.12531436090234566,8
"Random contour + CovAdap, lambda=1.0",20260915,49.13809182494879,1.0,0.30880001187324524,0.14109849906314254,8
"Random contour + CovAdap, lambda=1.0",20260916,48.53887777030468,1.0,0.5852441191673279,0.14590573034868431,7
"Random contour + CovAdap, lambda=1.0",20260917,43.103570913275085,1.0,0.6239538192749023,0.15882968851727178,24
"Random contour + CovAdap, lambda=1.0",20260918,48.125083299974605,1.0,0.3242914378643036,0.23456354419585967,6
"Random contour + CovAdap, lambda=1.0",20260919,-69.59667046864827,0.0,29.80260467529297,0.16727518024654947,60
"Random contour + CovAdap, lambda=1.0",20260920,49.03845359633366,1.0,0.2746400535106659,0.19959356842027412,6
"Random contour + CovAdap, lambda=1.0",20260921,-103.02089214324953,0.0,23.021263122558594,0.20956806607385756,60
"Random contour + CovAdap, lambda=1.0",20260922,48.8491469596823,1.0,0.055869847536087036,0.08775906579557324,6
"Random contour + CovAdap, lambda=1.0",20260923,43.91351155936718,1.0,0.6451331973075867,0.12943905254436966,14
"Random contour + CovAdap, lambda=1.0",20260924,48.75939843058586,1.0,0.4598524570465088,0.12067245554987217,6
"Random contour + CovAdap, lambda=1.0",20260925,49.083128323157624,1.0,0.4655614495277405,0.12219792106041819,5
"Random contour + CovAdap, lambda=1.0",20260926,48.80336647729079,1.0,0.5818516612052917,0.13793384747364443,5
"Random contour + CovAdap, lambda=1.0",20260927,49.10147722810507,1.0,0.38225701451301575,0.0986018891359706,7
"Random contour + CovAdap, lambda=1.0",20260928,-120.4683880209923,0.0,70.8028335571289,0.159640801177266,60
"Random contour + CovAdap, lambda=1.0",20260929,45.61299181729555,1.0,0.30713942646980286,0.1634026270034788,16
"Random contour + CovAdap, lambda=1.0",20260930,49.424417585134506,1.0,0.5800372362136841,0.18524389469305283,4
"Random contour + CovAdap, lambda=1.0",20260931,48.67138214160999,1.0,0.3369457423686981,0.1215396785070862,6
"Random contour + CovAdap, lambda=1.0",20260932,47.735096956292786,1.0,0.4330928921699524,0.13755583956762396,8
"Random contour + CovAdap, lambda=1.0",20260933,48.9348037391901,1.0,0.3836061358451843,0.18288101732319478,4
"Random contour + CovAdap, lambda=1.0",20260934,47.153718777000904,1.0,0.4903433620929718,0.17884757343663993,9
"Random contour + CovAdap, lambda=1.0",20260935,41.985109704236194,1.0,0.4600581228733063,0.1654000058040453,23
"Random contour + CovAdap, lambda=1.0",20260936,44.24534937739372,1.0,0.5465370416641235,0.13399986345903883,20
"Random contour + CovAdap, lambda=1.0",20260937,-123.92364013195035,0.0,38.31747055053711,0.15306686061723454,60
"Random contour + CovAdap, lambda=1.0",20260938,48.57722010960181,1.0,0.26039937138557434,0.2691931914718874,6
"Random contour + CovAdap, lambda=1.0",20260939,40.81371474266052,1.0,0.5294829607009888,0.17882814064106023,20
"Random contour + CovAdap, lambda=1.0",20260940,47.433875665068626,1.0,0.5359843969345093,0.13046361490335343,23
"Random contour + CovAdap, lambda=1.0",20260941,46.47444068143765,1.0,0.45172008872032166,0.19753435969639518,16
"Random contour + CovAdap, lambda=1.0",20260942,46.838451735675335,1.0,0.46178582310676575,0.2548303605357831,10
"Random contour + CovAdap, lambda=1.0",20260943,45.06575160225232,1.0,0.558355450630188,0.21403958993270789,21
"Random contour + CovAdap, lambda=1.0",20260944,48.63312446077665,1.0,0.5333389639854431,0.14103111284884504,9
"Random contour + CovAdap, lambda=1.0",20260945,47.70837681988875,1.0,0.43137484788894653,0.13594252787128477,15
"Random contour + CovAdap, lambda=1.0",20260946,48.13056372602781,1.0,0.5391494035720825,0.11226869696601297,10
"Random contour + CovAdap, lambda=1.0",20260947,48.38630928595861,1.0,0.6076145768165588,0.2806650480669266,10
"Random contour + CovAdap, lambda=1.0",20260948,47.50730644663175,1.0,0.30626028776168823,0.1859905070958246,9
"Random contour + CovAdap, lambda=1.0",20260949,48.36230702201526,1.0,0.6462229490280151,0.14938819552774388,9
"Random contour + CovAdap, lambda=1.0",20260950,48.803073015064,1.0,0.2001226395368576,0.1322850145978482,7
"Random contour + CovAdap, lambda=1.0",20260951,49.4999482134978,1.0,0.4644208550453186,0.10292704010406109,5
"Random contour + CovAdap, lambda=1.0",20260952,48.7712049682935,1.0,0.5689572095870972,0.11637324577383938,7
"Random contour + CovAdap, lambda=1.0",20260953,48.39606536428134,1.0,0.5901079177856445,0.2023675179810034,7
"Random contour + CovAdap, lambda=1.0",20260954,47.84320555627346,1.0,0.5068523287773132,0.1884448885846597,7
"Random contour + CovAdap, lambda=1.0",20260955,47.964926302433014,1.0,0.4500024914741516,0.14688615896533544,15
"Random contour + CovAdap, lambda=1.0",20260956,48.344275057315826,1.0,0.5729782581329346,0.21410582040908974,9
"Random contour + CovAdap, lambda=1.0",20260957,43.98020696143309,1.0,0.6422937512397766,0.1890848648267561,21
"Random contour + CovAdap, lambda=1.0",20260958,48.23462058479587,1.0,0.18615765869617462,0.11650414485791816,12
"Random contour + CovAdap, lambda=1.0",20260959,-24.293903271357223,0.0,7.348464012145996,0.16495137546929178,60
"Random contour + CovAdap, lambda=1.0",20260960,48.603017657995224,1.0,0.50169438123703,0.15721376215230867,7
"Random contour + CovAdap, lambda=1.0",20260961,48.92376441756884,1.0,0.4990953207015991,0.12260652054684469,5
"Random contour + CovAdap, lambda=1.0",20260962,46.966471130649246,1.0,0.4972275495529175,0.12880117399850607,13
"Random contour + CovAdap, lambda=1.0",20260963,46.63374791542689,1.0,0.5886791348457336,0.17619463417751946,25
"Random contour + CovAdap, lambda=1.0",20260964,49.0022140070796,1.0,0.39988431334495544,0.16398215708506347,6
"Random contour + CovAdap, lambda=1.0",20260965,47.61237969994545,1.0,0.5624980926513672,0.41743878824503233,8
"Random contour + CovAdap, lambda=1.0",20260966,49.13884418954452,1.0,0.3411341607570648,0.13356831301275168,7
"Random contour + CovAdap, lambda=1.0",20260967,49.46183277169863,1.0,0.5759066343307495,0.13207214983953558,5
"Random contour + CovAdap, lambda=1.0",20260968,-72.41199243068696,0.0,37.04838943481445,0.24790300865219592,60
"Random contour + CovAdap, lambda=1.0",20260969,-125.81929751237234,0.0,40.36867904663086,0.19693975557299775,60
"Random contour + CovAdap, lambda=1.0",20260970,-36.005103280146926,0.0,0.8752062916755676,0.1771238460202523,60
"Random contour + CovAdap, lambda=1.0",20260971,45.11108926932017,1.0,0.6361008882522583,0.16699433331370672,15
"Random contour + CovAdap, lambda=1.0",20260972,47.369435173769794,1.0,0.4288423955440521,0.1651829927548772,8
"Random contour + CovAdap, lambda=1.0",20260973,43.015835508704185,1.0,0.34722256660461426,0.25572969407497215,18
"Random contour + CovAdap, lambda=1.0",20260974,47.82091246545315,1.0,0.3881070017814636,0.15916965297374724,8
"Random contour + CovAdap, lambda=1.0",20260975,46.68594340980053,1.0,0.5100811123847961,0.17875911769001931,12
"Random contour + CovAdap, lambda=1.0",20260976,-106.11146121223767,0.0,53.95954132080078,0.21833944453664442,60
"Random contour + CovAdap, lambda=1.0",20260977,49.419376293818154,1.0,0.41734206676483154,0.10442392282621367,7
"Random contour + CovAdap, lambda=1.0",20260978,48.39541952311993,1.0,0.5067727565765381,0.1276647870572539,7
"Random contour + CovAdap, lambda=1.0",20260979,45.27420955399673,1.0,0.6369528770446777,0.19977091992184223,26
"Random contour + CovAdap, lambda=1.0",20260980,-58.92301535606385,0.0,16.73274040222168,0.21774616624024884,60
"Random contour + CovAdap, lambda=1.0",20260981,49.46446944773197,1.0,0.6272668242454529,0.37437899299609284,5
"Random contour + CovAdap, lambda=1.0",20260982,-28.937019209067024,0.0,8.046201705932617,0.18481960515138637,60
"Random contour + CovAdap, lambda=2.0",20260733,49.71794296552737,1.0,0.3682332932949066,0.15942812596789646,3
"Random contour + CovAdap, lambda=2.0",20260734,49.095220467696585,1.0,0.1296313852071762,0.08957897087972867,5
"Random contour + CovAdap, lambda=2.0",20260735,49.577093094587326,1.0,0.5418025851249695,0.1418387765910308,4
"Random contour + CovAdap, lambda=2.0",20260736,-63.82163345813751,0.0,15.143479347229004,0.16933865656720185,60
"Random contour + CovAdap, lambda=2.0",20260737,47.56455574929714,1.0,0.5909557938575745,0.11578552547957026,9
"Random contour + CovAdap, lambda=2.0",20260738,42.09427888443073,1.0,0.13778868317604065,0.15704376966520028,30
"Random contour + CovAdap, lambda=2.0",20260739,45.660926805188254,1.0,0.12696407735347748,0.16803578595360408,20
"Random contour + CovAdap, lambda=2.0",20260740,48.01784214625756,1.0,0.4095322787761688,0.11940300458796084,6
"Random contour + CovAdap, lambda=2.0",20260741,44.39845102280378,1.0,0.4730053246021271,0.1684507517830243,26
"Random contour + CovAdap, lambda=2.0",20260742,47.366369999945164,1.0,0.3566083610057831,0.3066610368121114,10
"Random contour + CovAdap, lambda=2.0",20260743,47.539187570412956,1.0,0.5507487058639526,0.43144456923310703,8
"Random contour + CovAdap, lambda=2.0",20260744,42.18311485337715,1.0,0.10963866859674454,0.2056265997872034,24
"Random contour + CovAdap, lambda=2.0",20260745,47.34002004315456,1.0,0.4900641143321991,0.09265386007302658,9
"Random contour + CovAdap, lambda=2.0",20260746,44.52885418136914,1.0,0.17328166961669922,0.1066026574400919,12
"Random contour + CovAdap, lambda=2.0",20260747,49.0824323768417,1.0,0.47962823510169983,0.1779052985846618,5
"Random contour + CovAdap, lambda=2.0",20260748,49.173474026223026,1.0,0.4041188657283783,0.11379221094654933,4
"Random contour + CovAdap, lambda=2.0",20260749,-124.55564979712169,0.0,60.66304397583008,0.15063747057239846,60
"Random contour + CovAdap, lambda=2.0",20260750,48.967096415658794,1.0,0.4653923213481903,0.203967578154858,6
"Random contour + CovAdap, lambda=2.0",20260751,48.69211872170369,1.0,0.4898761808872223,0.11257261037063644,7
"Random contour + CovAdap, lambda=2.0",20260752,-96.80976874629656,0.0,47.151145935058594,0.1735800783755098,60
"Random contour + CovAdap, lambda=2.0",20260753,46.66584029793739,1.0,0.39073991775512695,0.17284852783301705,15
"Random contour + CovAdap, lambda=2.0",20260754,47.477478467548885,1.0,0.06490715593099594,0.16326704337019693,9
"Random contour + CovAdap, lambda=2.0",20260755,47.186845545967415,1.0,0.38918304443359375,0.1418714103051635,11
"Random contour + CovAdap, lambda=2.0",20260756,47.94046765565872,1.0,0.42214733362197876,0.14745482902665893,8
"Random contour + CovAdap, lambda=2.0",20260757,45.88634103536606,1.0,0.6133419871330261,0.24216790096010507,11
"Random contour + CovAdap, lambda=2.0",20260758,49.55606103191773,1.0,0.3642483651638031,0.42396703419978093,4
"Random contour + CovAdap, lambda=2.0",20260759,-106.14070308208466,0.0,54.19666290283203,0.24500432902038702,60
"Random contour + CovAdap, lambda=2.0",20260760,-45.767229100068406,0.0,3.072134256362915,0.15387941331953636,60
"Random contour + CovAdap, lambda=2.0",20260761,48.597689817349114,1.0,0.6475611329078674,0.1571607844423319,8
"Random contour + CovAdap, lambda=2.0",20260762,47.81936198845506,1.0,0.22409696877002716,0.1364239262874346,10
"Random contour + CovAdap, lambda=2.0",20260763,-93.65606873234113,0.0,47.10867691040039,0.17980968017764304,60
"Random contour + CovAdap, lambda=2.0",20260764,49.14692554871242,1.0,0.5867851972579956,0.12808464752541193,5
"Random contour + CovAdap, lambda=2.0",20260765,49.0956259816885,1.0,0.5658849477767944,0.08992139063512476,6
"Random contour + CovAdap, lambda=2.0",20260766,45.67360866069794,1.0,0.5722103714942932,0.23781386460210835,17
"Random contour + CovAdap, lambda=2.0",20260767,-101.58193798859915,0.0,61.92949295043945,0.2064330668855703,60
"Random contour + CovAdap, lambda=2.0",20260768,49.51837329566479,1.0,0.4555869698524475,0.0994167904667769,4
"Random contour + CovAdap, lambda=2.0",20260769,47.97633072237174,1.0,0.5301900506019592,0.11081401476640412,9
"Random contour + CovAdap, lambda=2.0",20260770,-22.197070350249604,0.0,4.430272102355957,0.12769669083335664,60
"Random contour + CovAdap, lambda=2.0",20260771,48.617557580272354,1.0,0.6371098160743713,0.3153964575834115,9
"Random contour + CovAdap, lambda=2.0",20260772,49.3329440827171,1.0,0.24704763293266296,0.09942263904724132,4
"Random contour + CovAdap, lambda=2.0",20260773,47.20201756308476,1.0,0.44562068581581116,0.11048031826527013,11
"Random contour + CovAdap, lambda=2.0",20260774,49.37850532929103,1.0,0.4022037982940674,0.12076435270900307,4
"Random contour + CovAdap, lambda=2.0",20260775,48.13392863670985,1.0,0.5498237013816833,0.12582976321634676,9
"Random contour + CovAdap, lambda=2.0",20260776,-76.74667429924011,0.0,31.083656311035156,0.16214188921926295,60
"Random contour + CovAdap, lambda=2.0",20260777,-66.39686914285025,0.0,30.01970863342285,0.18204630708165,60
"Random contour + CovAdap, lambda=2.0",20260778,41.50079433619976,1.0,0.6210933327674866,0.1267224663458322,22
"Random contour + CovAdap, lambda=2.0",20260779,49.23339561124643,1.0,0.5544145703315735,0.1095919565885602,6
"Random contour + CovAdap, lambda=2.0",20260780,47.57113797465961,1.0,0.2720295786857605,0.11282779830646955,13
"Random contour + CovAdap, lambda=2.0",20260781,41.62977236012618,1.0,0.6429726481437683,0.1969617963173792,27
"Random contour + CovAdap, lambda=2.0",20260782,-60.74571138620376,0.0,36.54723358154297,0.22212780545285823,60
"Random contour + CovAdap, lambda=2.0",20260783,-28.311736697951947,0.0,8.191094398498535,0.21885810725226246,60
"Random contour + CovAdap, lambda=2.0",20260784,-56.825420260429375,0.0,21.553016662597656,0.1547628171920084,60
"Random contour + CovAdap, lambda=2.0",20260785,47.22063573946556,1.0,0.3034205138683319,0.14847863947271264,12
"Random contour + CovAdap, lambda=2.0",20260786,46.00938336302837,1.0,0.4845784604549408,0.2076278991820875,18
"Random contour + CovAdap, lambda=2.0",20260787,48.68222971012195,1.0,0.48318710923194885,0.17292437586012735,9
"Random contour + CovAdap, lambda=2.0",20260788,49.86545015374819,1.0,0.5317721366882324,0.6515983446441851,2
"Random contour + CovAdap, lambda=2.0",20260789,49.029143699134394,1.0,0.10688474029302597,0.20183795784435052,7
"Random contour + CovAdap, lambda=2.0",20260790,49.66704067091147,1.0,0.4513412117958069,0.1979778084276916,3
"Random contour + CovAdap, lambda=2.0",20260791,48.91336773335934,1.0,0.6124686598777771,0.17435805143622532,5
"Random contour + CovAdap, lambda=2.0",20260792,49.5281352798144,1.0,0.5945717692375183,0.08539559133380817,4
"Random contour + CovAdap, lambda=2.0",20260793,47.27277475595474,1.0,0.4255383610725403,0.12727999839352394,12
"Random contour + CovAdap, lambda=2.0",20260794,-63.09684268633525,0.0,33.269832611083984,0.17368937267134518,60
"Random contour + CovAdap, lambda=2.0",20260795,-59.45584030946096,0.0,28.001386642456055,0.1366023886251078,60
"Random contour + CovAdap, lambda=2.0",20260796,48.58221797645092,1.0,0.514097273349762,0.2407211712851737,5
"Random contour + CovAdap, lambda=2.0",20260797,46.99383509904146,1.0,0.4333115518093109,0.1337501793735412,12
"Random contour + CovAdap, lambda=2.0",20260798,-111.82378504673638,0.0,42.2403564453125,0.15947237739153172,60
"Random contour + CovAdap, lambda=2.0",20260799,-166.77118134498593,0.0,69.34758758544922,0.2246036093897348,60
"Random contour + CovAdap, lambda=2.0",20260800,48.89449460183581,1.0,0.2028149515390396,0.1801924140423843,7
"Random contour + CovAdap, lambda=2.0",20260801,47.97799504299959,1.0,0.6342057585716248,0.17484384229830618,6
"Random contour + CovAdap, lambda=2.0",20260802,-55.247120022773736,0.0,24.551563262939453,0.19859013840299322,60
"Random contour + CovAdap, lambda=2.0",20260803,43.93714965879917,1.0,0.6466609239578247,0.20271138335818886,42
"Random contour + CovAdap, lambda=2.0",20260804,48.120339592297874,1.0,0.5596150159835815,0.0966185429698087,7
"Random contour + CovAdap, lambda=2.0",20260805,-87.15080086390176,0.0,36.773189544677734,0.24426392195625393,60
"Random contour + CovAdap, lambda=2.0",20260806,49.646472457796335,1.0,0.13477595150470734,0.8574953175700235,4
"Random contour + CovAdap, lambda=2.0",20260807,47.756598850091294,1.0,0.5215269923210144,0.15800595237373635,20
"Random contour + CovAdap, lambda=2.0",20260808,43.117034800350666,1.0,0.3660888373851776,0.1938993437986818,17
"Random contour + CovAdap, lambda=2.0",20260809,47.83210550714284,1.0,0.0312812365591526,0.13321862447109065,15
"Random contour + CovAdap, lambda=2.0",20260810,43.12634325027466,1.0,0.6204134225845337,0.13051247373710775,16
"Random contour + CovAdap, lambda=2.0",20260811,48.38159676889578,1.0,0.49850893020629883,0.12930175667128288,7
"Random contour + CovAdap, lambda=2.0",20260812,49.38363501429558,1.0,0.47753995656967163,0.09776585683457312,5
"Random contour + CovAdap, lambda=2.0",20260813,47.98988335827987,1.0,0.21611088514328003,0.1319780901800264,13
"Random contour + CovAdap, lambda=2.0",20260814,46.39678763846556,1.0,0.5819002985954285,0.10994099467762507,11
"Random contour + CovAdap, lambda=2.0",20260815,49.175883673131466,1.0,0.34747645258903503,0.11856993817509828,5
"Random contour + CovAdap, lambda=2.0",20260816,36.23508449395497,1.0,0.10610699653625488,0.15146985517087924,37
"Random contour + CovAdap, lambda=2.0",20260817,35.834790140390396,1.0,0.5641865730285645,0.24263336652136122,28
"Random contour + CovAdap, lambda=2.0",20260818,49.207613895336785,1.0,0.5784945487976074,0.10373347420398543,4
"Random contour + CovAdap, lambda=2.0",20260819,47.30273209760586,1.0,0.47365280985832214,0.13340043688134057,11
"Random contour + CovAdap, lambda=2.0",20260820,-39.78156334161758,0.0,8.176301956176758,0.16480612016994547,60
"Random contour + CovAdap, lambda=2.0",20260821,45.82921558370193,1.0,0.49210938811302185,0.14876424324178955,14
"Random contour + CovAdap, lambda=2.0",20260822,-33.76039236783981,0.0,4.919975757598877,0.15924406288690662,60
"Random contour + CovAdap, lambda=2.0",20260823,47.9808914711078,1.0,0.5187154412269592,0.14168275338948735,17
"Random contour + CovAdap, lambda=2.0",20260824,43.39942646523317,1.0,0.464594304561615,0.2545504096281936,21
"Random contour + CovAdap, lambda=2.0",20260825,48.07817916075388,1.0,0.6497921943664551,0.10126212488968078,7
"Random contour + CovAdap, lambda=2.0",20260826,44.05366609493891,1.0,0.5776486396789551,0.12001105643862194,21
"Random contour + CovAdap, lambda=2.0",20260827,47.340593472123146,1.0,0.5978431105613708,0.09890461135425387,9
"Random contour + CovAdap, lambda=2.0",20260828,-49.4402971714735,0.0,1.3068331480026245,0.19555560427002605,60
"Random contour + CovAdap, lambda=2.0",20260829,48.892781292398766,1.0,0.3795716166496277,0.10170275875593351,5
"Random contour + CovAdap, lambda=2.0",20260830,47.35348096489906,1.0,0.6445013880729675,0.14564688260196307,15
"Random contour + CovAdap, lambda=2.0",20260831,43.37632781267166,1.0,0.45810264348983765,0.13886140801716196,21
"Random contour + CovAdap, lambda=2.0",20260832,49.170346250136696,1.0,0.6301305890083313,0.1846419694548657,7
"Random contour + CovAdap, lambda=2.0",20260833,-52.17136172453563,0.0,30.64084243774414,0.14199174456423444,60
"Random contour + CovAdap, lambda=2.0",20260834,49.346098056683935,1.0,0.23981784284114838,0.13014615878051314,5
"Random contour + CovAdap, lambda=2.0",20260835,47.5371390680472,1.0,0.5890097618103027,0.10659312992735882,12
"Random contour + CovAdap, lambda=2.0",20260836,49.50082706411679,1.0,0.552531361579895,0.09858813887504565,3
"Random contour + CovAdap, lambda=2.0",20260837,-71.8938459555308,0.0,25.62458038330078,0.17949645411275555,60
"Random contour + CovAdap, lambda=2.0",20260838,48.45427167912324,1.0,0.6247813105583191,0.09364902173391587,7
"Random contour + CovAdap, lambda=2.0",20260839,45.044495088358715,1.0,0.3990679681301117,0.1954910900981646,13
"Random contour + CovAdap, lambda=2.0",20260840,43.77134069303672,1.0,0.44146472215652466,0.1438097590516541,16
"Random contour + CovAdap, lambda=2.0",20260841,45.61661231021087,1.0,0.5825421214103699,0.2380411890072042,15
"Random contour + CovAdap, lambda=2.0",20260842,45.63970506687959,1.0,0.6420156955718994,0.14621754129713424,13
"Random contour + CovAdap, lambda=2.0",20260843,48.33255573362112,1.0,0.4931463897228241,0.11279750493190543,7
"Random contour + CovAdap, lambda=2.0",20260844,34.87459956357877,1.0,0.3568860590457916,0.18664619387269163,40
"Random contour + CovAdap, lambda=2.0",20260845,46.7663971533378,1.0,0.21754950284957886,0.20596539646394588,14
"Random contour + CovAdap, lambda=2.0",20260846,47.818738055725895,1.0,0.4424164593219757,0.12664201979670786,8
"Random contour + CovAdap, lambda=2.0",20260847,47.814699406425156,1.0,0.5568531155586243,0.133109311296067,9
"Random contour + CovAdap, lambda=2.0",20260848,48.480783658723034,1.0,0.41452690958976746,0.1342443120906889,9
"Random contour + CovAdap, lambda=2.0",20260849,48.41621013482412,1.0,0.6182923913002014,0.11664848642832089,7
"Random contour + CovAdap, lambda=2.0",20260850,49.101347645123795,1.0,0.5597736835479736,0.23001901965304997,4
"Random contour + CovAdap, lambda=2.0",20260851,43.93296079337597,1.0,0.594659686088562,0.12073327321277069,17
"Random contour + CovAdap, lambda=2.0",20260852,47.92403823633989,1.0,0.5054477453231812,0.17948920240355123,15
"Random contour + CovAdap, lambda=2.0",20260853,48.36282440523306,1.0,0.42268145084381104,0.11956962897173685,18
"Random contour + CovAdap, lambda=2.0",20260854,-56.10449230670929,0.0,8.303711891174316,0.1605010805208074,60
"Random contour + CovAdap, lambda=2.0",20260855,49.713311195373535,1.0,0.3972429037094116,0.08039574896791635,3
"Random contour + CovAdap, lambda=2.0",20260856,46.9210023333629,1.0,0.46099478006362915,0.21271073759693584,10
"Random contour + CovAdap, lambda=2.0",20260857,48.60362528761228,1.0,0.5529091358184814,0.10763411771175563,6
"Random contour + CovAdap, lambda=2.0",20260858,40.3360344072183,1.0,0.5879296064376831,0.17035735765472274,23
"Random contour + CovAdap, lambda=2.0",20260859,48.62286413336794,1.0,0.16956208646297455,0.1031380467857425,6
"Random contour + CovAdap, lambda=2.0",20260860,41.06457754472892,1.0,0.422896146774292,0.14050052852803194,29
"Random contour + CovAdap, lambda=2.0",20260861,44.553045024474464,1.0,0.6219128370285034,0.15446178037903754,14
"Random contour + CovAdap, lambda=2.0",20260862,48.7249980121851,1.0,0.5908153653144836,0.11080794843190345,6
"Random contour + CovAdap, lambda=2.0",20260863,49.684424785276256,1.0,0.23200753331184387,0.16497325595448156,3
"Random contour + CovAdap, lambda=2.0",20260864,49.66085313012203,1.0,0.47762617468833923,0.10962435510164854,3
"Random contour + CovAdap, lambda=2.0",20260865,49.16905997196833,1.0,0.3044685125350952,0.17751332171881307,8
"Random contour + CovAdap, lambda=2.0",20260866,-42.851559489965446,0.0,16.197471618652344,0.17782158464271555,60
"Random contour + CovAdap, lambda=2.0",20260867,45.78428456559777,1.0,0.17856593430042267,0.2694776282687266,12
"Random contour + CovAdap, lambda=2.0",20260868,45.75940882662932,1.0,0.48184365034103394,0.2269372114858852,10
"Random contour + CovAdap, lambda=2.0",20260869,46.511584247152015,1.0,0.6309284567832947,0.14720336231166223,22
"Random contour + CovAdap, lambda=2.0",20260870,-77.65282322963078,0.0,43.69655990600586,0.21492751439926358,60
"Random contour + CovAdap, lambda=2.0",20260871,48.05565250416596,1.0,0.47894996404647827,0.2003432515916487,7
"Random contour + CovAdap, lambda=2.0",20260872,-122.46524016062418,0.0,42.69124984741211,0.19394266683028138,60
"Random contour + CovAdap, lambda=2.0",20260873,-51.99046550194422,0.0,10.672723770141602,0.17520639954434752,60
"Random contour + CovAdap, lambda=2.0",20260874,41.153767461578056,1.0,0.5506986379623413,0.14938426757731044,40
"Random contour + CovAdap, lambda=2.0",20260875,-147.9415863355001,0.0,61.98175048828125,0.22583399580575894,60
"Random contour + CovAdap, lambda=2.0",20260876,32.75324297199647,1.0,0.4528902471065521,0.18137952107196753,56
"Random contour + CovAdap, lambda=2.0",20260877,44.725907246271774,1.0,0.6182682514190674,0.09867587398482666,16
"Random contour + CovAdap, lambda=2.0",20260878,35.09979402273893,1.0,0.47721341252326965,0.14658816093749308,31
"Random contour + CovAdap, lambda=2.0",20260879,-38.72751340766748,0.0,9.889715194702148,0.23152014474382301,60
"Random contour + CovAdap, lambda=2.0",20260880,44.99062681943178,1.0,0.39940306544303894,0.14353645741071389,17
"Random contour + CovAdap, lambda=2.0",20260881,48.87905838340521,1.0,0.33751407265663147,0.17747100182909836,5
"Random contour + CovAdap, lambda=2.0",20260882,45.544121980667114,1.0,0.564485490322113,0.2452608813569072,20
"Random contour + CovAdap, lambda=2.0",20260883,45.633701284726456,1.0,0.6004493832588196,0.12270213756431098,17
"Random contour + CovAdap, lambda=2.0",20260884,-36.28014872471491,0.0,9.5900239944458,0.15345086263974464,60
"Random contour + CovAdap, lambda=2.0",20260885,41.31665510932605,1.0,0.6409143805503845,0.15203946454232448,20
"Random contour + CovAdap, lambda=2.0",20260886,48.55112131933371,1.0,0.6312427520751953,0.1242698573440626,11
"Random contour + CovAdap, lambda=2.0",20260887,48.51313642164071,1.0,0.26467740535736084,0.11674853635743553,6
"Random contour + CovAdap, lambda=2.0",20260888,44.878506660461426,1.0,0.5100292563438416,0.12823418408455525,18
"Random contour + CovAdap, lambda=2.0",20260889,42.90607639277975,1.0,0.23567549884319305,0.15362722337562973,28
"Random contour + CovAdap, lambda=2.0",20260890,-134.88623989621797,0.0,56.82585144042969,0.1692350839959054,60
"Random contour + CovAdap, lambda=2.0",20260891,49.38902993003528,1.0,0.6448417901992798,0.09786723443349847,6
"Random contour + CovAdap, lambda=2.0",20260892,49.66736379762491,1.0,0.12574690580368042,0.12697198126045106,5
"Random contour + CovAdap, lambda=2.0",20260893,48.952782690525055,1.0,0.5277653932571411,0.0988139455804191,6
"Random contour + CovAdap, lambda=2.0",20260894,47.45377090573311,1.0,0.5382966995239258,0.42778269903717603,8
"Random contour + CovAdap, lambda=2.0",20260895,-111.10506941874822,0.0,44.058441162109375,0.17754066741743874,60
"Random contour + CovAdap, lambda=2.0",20260896,49.40677930414677,1.0,0.5285293459892273,0.18707790644855585,7
"Random contour + CovAdap, lambda=2.0",20260897,49.40241225312153,1.0,0.39025387167930603,0.1393143970364958,5
"Random contour + CovAdap, lambda=2.0",20260898,31.08608571936686,1.0,0.39351096749305725,0.20381034425535388,52
"Random contour + CovAdap, lambda=2.0",20260899,48.47082750995954,1.0,0.5391741991043091,0.08312828717983783,8
"Random contour + CovAdap, lambda=2.0",20260900,34.31759608785312,1.0,0.5497015714645386,0.1587048579389949,34
"Random contour + CovAdap, lambda=2.0",20260901,49.30753751347462,1.0,0.402686208486557,0.17729817397986572,4
"Random contour + CovAdap, lambda=2.0",20260902,48.90017103155454,1.0,0.6005979180335999,0.12541473918509993,7
"Random contour + CovAdap, lambda=2.0",20260903,49.599483260263995,1.0,0.14384277164936066,0.1212325706033478,4
"Random contour + CovAdap, lambda=2.0",20260904,49.46512171626091,1.0,0.6184239387512207,0.10864491651368476,5
"Random contour + CovAdap, lambda=2.0",20260905,44.95446464419365,1.0,0.6147063970565796,0.2683158670956832,14
"Random contour + CovAdap, lambda=2.0",20260906,45.413797383507095,1.0,0.4992223381996155,0.18083008724452102,19
"Random contour + CovAdap, lambda=2.0",20260907,-42.48040459553401,0.0,18.80979347229004,0.19955639844967268,60
"Random contour + CovAdap, lambda=2.0",20260908,45.858137622475624,1.0,0.6497748494148254,0.1728053778306158,23
"Random contour + CovAdap, lambda=2.0",20260909,47.753870444993176,1.0,0.40979841351509094,0.11391174685541859,11
"Random contour + CovAdap, lambda=2.0",20260910,47.370089784264565,1.0,0.6468239426612854,0.13183392476341965,11
"Random contour + CovAdap, lambda=2.0",20260911,48.499710227052375,1.0,0.321297287940979,0.2145560769432773,6
"Random contour + CovAdap, lambda=2.0",20260912,-96.37984041372937,0.0,40.86953353881836,0.1402088572468568,60
"Random contour + CovAdap, lambda=2.0",20260913,49.31918055812518,1.0,0.612075924873352,0.1154407814582768,4
"Random contour + CovAdap, lambda=2.0",20260914,47.4330254693826,1.0,0.39415907859802246,0.12305335951441007,8
"Random contour + CovAdap, lambda=2.0",20260915,49.140699319541454,1.0,0.30823788046836853,0.13993373511473284,8
"Random contour + CovAdap, lambda=2.0",20260916,48.53503335018953,1.0,0.6313771605491638,0.14235508721673976,7
"Random contour + CovAdap, lambda=2.0",20260917,43.10407571494579,1.0,0.6238553524017334,0.15493721458286328,24
"Random contour + CovAdap, lambda=2.0",20260918,48.13435039420923,1.0,0.26017624139785767,0.24307327763109546,6
"Random contour + CovAdap, lambda=2.0",20260919,-69.4794084628423,0.0,29.768091201782227,0.16365197409593665,60
"Random contour + CovAdap, lambda=2.0",20260920,49.03850468993187,1.0,0.273284912109375,0.20696730095965354,6
"Random contour + CovAdap, lambda=2.0",20260921,-103.02016051610309,0.0,23.019245147705078,0.20582726105198634,60
"Random contour + CovAdap, lambda=2.0",20260922,48.8491469596823,1.0,0.055869847536087036,0.08775906579557324,6
"Random contour + CovAdap, lambda=2.0",20260923,43.91351155936718,1.0,0.6451331973075867,0.12943905254436966,14
"Random contour + CovAdap, lambda=2.0",20260924,48.75939843058586,1.0,0.4598524570465088,0.12067245554987217,6
"Random contour + CovAdap, lambda=2.0",20260925,49.083128323157624,1.0,0.4655614495277405,0.12219792106041819,5
"Random contour + CovAdap, lambda=2.0",20260926,48.80336647729079,1.0,0.5818516612052917,0.13793384747364443,5
"Random contour + CovAdap, lambda=2.0",20260927,49.10260925193628,1.0,0.381466805934906,0.09384784762679742,7
"Random contour + CovAdap, lambda=2.0",20260928,-120.46838325262071,0.0,70.80282592773438,0.15917565903262879,60
"Random contour + CovAdap, lambda=2.0",20260929,45.61200625449419,1.0,0.30761411786079407,0.15888182489258956,16
"Random contour + CovAdap, lambda=2.0",20260930,49.42381688952446,1.0,0.5479366779327393,0.15285188408141143,4
"Random contour + CovAdap, lambda=2.0",20260931,48.67138214160999,1.0,0.3369457423686981,0.1215396785070862,6
"Random contour + CovAdap, lambda=2.0",20260932,47.73166459053755,1.0,0.4662385880947113,0.13655746890637763,8
"Random contour + CovAdap, lambda=2.0",20260933,48.93531475961208,1.0,0.38005977869033813,0.18636431702608902,4
"Random contour + CovAdap, lambda=2.0",20260934,47.15801069885492,1.0,0.4812676012516022,0.16432703723089304,9
"Random contour + CovAdap, lambda=2.0",20260935,41.99773733317852,1.0,0.4612201452255249,0.16293414102163953,23
"Random contour + CovAdap, lambda=2.0",20260936,44.24534937739372,1.0,0.5465370416641235,0.13399986345903883,20
"Random contour + CovAdap, lambda=2.0",20260937,-123.92277967929842,0.0,38.31761932373047,0.1509612483589371,60
"Random contour + CovAdap, lambda=2.0",20260938,48.58006480087837,1.0,0.2602372467517853,0.2695254847452489,6
"Random contour + CovAdap, lambda=2.0",20260939,40.8161174505949,1.0,0.5001490712165833,0.17123912093251478,20
"Random contour + CovAdap, lambda=2.0",20260940,47.42992377281189,1.0,0.5359848737716675,0.1301822970160248,23
"Random contour + CovAdap, lambda=2.0",20260941,46.47275239229202,1.0,0.4521699547767639,0.18314421315357426,16
"Random contour + CovAdap, lambda=2.0",20260942,46.833466013272606,1.0,0.4677838683128357,0.23746467936263277,10
"Random contour + CovAdap, lambda=2.0",20260943,45.04417909681797,1.0,0.5785552859306335,0.20390663863349437,21
"Random contour + CovAdap, lambda=2.0",20260944,48.63312446077665,1.0,0.5333389639854431,0.14103111284884504,9
"Random contour + CovAdap, lambda=2.0",20260945,47.711947629849114,1.0,0.43038123846054077,0.13463214251457314,15
"Random contour + CovAdap, lambda=2.0",20260946,48.13056372602781,1.0,0.5391494035720825,0.11226869696601297,10
"Random contour + CovAdap, lambda=2.0",20260947,48.38694200913111,1.0,0.6069304347038269,0.27806523801804583,10
"Random contour + CovAdap, lambda=2.0",20260948,47.503255466620125,1.0,0.3128318190574646,0.17190704208852958,9
"Random contour + CovAdap, lambda=2.0",20260949,48.37060808142026,1.0,0.6177986264228821,0.14449249740374104,9
"Random contour + CovAdap, lambda=2.0",20260950,48.803073015064,1.0,0.2001226395368576,0.1322850145978482,7
"Random contour + CovAdap, lambda=2.0",20260951,49.4999482134978,1.0,0.4644208550453186,0.10292704010406109,5
"Random contour + CovAdap, lambda=2.0",20260952,48.7712049682935,1.0,0.5689572095870972,0.11637324577383938,7
"Random contour + CovAdap, lambda=2.0",20260953,48.39598792294661,1.0,0.5895238518714905,0.21349034627065613,7
"Random contour + CovAdap, lambda=2.0",20260954,47.84162889420986,1.0,0.511517345905304,0.18104629934203847,7
"Random contour + CovAdap, lambda=2.0",20260955,47.955636767049626,1.0,0.4514813721179962,0.14902631522253296,15
"Random contour + CovAdap, lambda=2.0",20260956,48.34969406326612,1.0,0.5736539959907532,0.20118762436524631,9
"Random contour + CovAdap, lambda=2.0",20260957,43.995231603582695,1.0,0.6321434378623962,0.17521094500027024,21
"Random contour + CovAdap, lambda=2.0",20260958,48.23462058479587,1.0,0.18615765869617462,0.11650414485791816,12
"Random contour + CovAdap, lambda=2.0",20260959,-24.300500979026154,0.0,7.352684497833252,0.16287667250500337,60
"Random contour + CovAdap, lambda=2.0",20260960,48.60584152738253,1.0,0.5217062830924988,0.15344166690115243,7
"Random contour + CovAdap, lambda=2.0",20260961,48.92376441756884,1.0,0.4990953207015991,0.12260652054684469,5
"Random contour + CovAdap, lambda=2.0",20260962,46.97390947987636,1.0,0.49365076422691345,0.12800942468250207,13
"Random contour + CovAdap, lambda=2.0",20260963,46.63249592483044,1.0,0.589433491230011,0.16640687212203498,25
"Random contour + CovAdap, lambda=2.0",20260964,49.0099802116553,1.0,0.39678114652633667,0.15785688702860487,6
"Random contour + CovAdap, lambda=2.0",20260965,47.61154878139496,1.0,0.5646635293960571,0.4115451301011731,8
"Random contour + CovAdap, lambda=2.0",20260966,49.13680248210828,1.0,0.36563464999198914,0.13536140393216894,7
"Random contour + CovAdap, lambda=2.0",20260967,49.45649413267771,1.0,0.6399703025817871,0.13767341648142298,5
"Random contour + CovAdap, lambda=2.0",20260968,-72.40806831916173,0.0,37.05009078979492,0.23750426196630364,60
"Random contour + CovAdap, lambda=2.0",20260969,-125.81687498092651,0.0,40.36750411987305,0.1946401366786047,60
"Random contour + CovAdap, lambda=2.0",20260970,-36.008420606454216,0.0,0.8751939535140991,0.16757095199028266,60
"Random contour + CovAdap, lambda=2.0",20260971,45.113144651055336,1.0,0.6368647217750549,0.1617464690814417,15
"Random contour + CovAdap, lambda=2.0",20260972,47.36975064128637,1.0,0.42314955592155457,0.15152998016587438,8
"Random contour + CovAdap, lambda=2.0",20260973,43.01899173607429,1.0,0.3473062217235565,0.23423562828076325,18
"Random contour + CovAdap, lambda=2.0",20260974,47.82091246545315,1.0,0.3881070017814636,0.15916965297374724,8
"Random contour + CovAdap, lambda=2.0",20260975,46.69906769692898,1.0,0.4995921850204468,0.16711600662858805,12
"Random contour + CovAdap, lambda=2.0",20260976,-106.09058142701785,0.0,53.95437240600586,0.2128418462146657,60
"Random contour + CovAdap, lambda=2.0",20260977,49.419376293818154,1.0,0.41734206676483154,0.10442392282621367,7
"Random contour + CovAdap, lambda=2.0",20260978,48.39541952311993,1.0,0.5067727565765381,0.1276647870572539,7
"Random contour + CovAdap, lambda=2.0",20260979,45.36632040143013,1.0,0.5821682214736938,0.19940451555461675,25
"Random contour + CovAdap, lambda=2.0",20260980,-58.91752882798513,0.0,16.730337142944336,0.21260902687345465,60
"Random contour + CovAdap, lambda=2.0",20260981,49.41769213229418,1.0,0.22712382674217224,0.3867594312363152,6
"Random contour + CovAdap, lambda=2.0",20260982,-28.93796823422115,0.0,8.077133178710938,0.17605045080516676,60
PGD estimated + WoLF-IMQ,20260733,49.671605966985226,1.0,0.48121508955955505,0.20359172452446275,3
PGD estimated + WoLF-IMQ,20260734,49.095220467696585,1.0,0.1296313852071762,0.08957897087972867,5
PGD estimated + WoLF-IMQ,20260735,49.577093094587326,1.0,0.5418025851249695,0.1418387765910308,4
PGD estimated + WoLF-IMQ,20260736,-63.86144971847534,0.0,15.158459663391113,0.13798458318293075,60
PGD estimated + WoLF-IMQ,20260737,47.56455574929714,1.0,0.5909557938575745,0.11578552547957026,9
PGD estimated + WoLF-IMQ,20260738,42.05385452757279,1.0,0.14398124814033508,0.16728937689753628,30
PGD estimated + WoLF-IMQ,20260739,45.643184553831816,1.0,0.15449212491512299,0.1603030177301646,20
PGD estimated + WoLF-IMQ,20260740,48.018667529026665,1.0,0.4039567708969116,0.13788465405875613,6
PGD estimated + WoLF-IMQ,20260741,44.450829726954304,1.0,0.47993990778923035,0.1559307373974431,26
PGD estimated + WoLF-IMQ,20260742,46.950044363737106,1.0,0.5888519287109375,0.28632034501879144,9
PGD estimated + WoLF-IMQ,20260743,47.37326316038768,1.0,0.6200640797615051,0.13143442085357124,9
PGD estimated + WoLF-IMQ,20260744,42.08478878438473,1.0,0.4768640398979187,0.20198874580029103,24
PGD estimated + WoLF-IMQ,20260745,47.34002004315456,1.0,0.4900641143321991,0.09265386007302658,9
PGD estimated + WoLF-IMQ,20260746,44.52885418136914,1.0,0.17328166961669922,0.1066026574400919,12
PGD estimated + WoLF-IMQ,20260747,49.098629323144756,1.0,0.4363878071308136,0.18670629189292232,5
PGD estimated + WoLF-IMQ,20260748,49.173474026223026,1.0,0.4041188657283783,0.11379221094654933,4
PGD estimated + WoLF-IMQ,20260749,-124.54492702086766,0.0,60.64776611328125,0.1375024790357741,60
PGD estimated + WoLF-IMQ,20260750,48.95188409586748,1.0,0.6479401588439941,0.21229233563684438,6
PGD estimated + WoLF-IMQ,20260751,48.69211872170369,1.0,0.4898761808872223,0.11257261037063644,7
PGD estimated + WoLF-IMQ,20260752,-96.5439969797929,0.0,47.15846633911133,0.1428022474560451,60
PGD estimated + WoLF-IMQ,20260753,46.650721649328865,1.0,0.39181602001190186,0.15511173435568829,15
PGD estimated + WoLF-IMQ,20260754,47.47177962958813,1.0,0.05039757490158081,0.1278720171349082,9
PGD estimated + WoLF-IMQ,20260755,47.19959605733554,1.0,0.36573487520217896,0.16602352662306713,11
PGD estimated + WoLF-IMQ,20260756,-99.70892992615698,0.0,52.1391716003418,0.15181913543844686,60
PGD estimated + WoLF-IMQ,20260757,45.748851766188935,1.0,0.4849776029586792,0.19853030495795593,13
PGD estimated + WoLF-IMQ,20260758,49.58941729118427,1.0,0.2996855676174164,0.386077890891748,4
PGD estimated + WoLF-IMQ,20260759,-106.04245728254318,0.0,54.184322357177734,0.15654538748139185,60
PGD estimated + WoLF-IMQ,20260760,-45.8159765402476,0.0,3.1882596015930176,0.1479547544825828,60
PGD estimated + WoLF-IMQ,20260761,48.56344628830751,1.0,0.3278881907463074,0.15547821449470098,9
PGD estimated + WoLF-IMQ,20260762,47.79201325898369,1.0,0.2253464311361313,0.16670651611655218,10
PGD estimated + WoLF-IMQ,20260763,-93.66151377558707,0.0,47.12408447265625,0.14577335625645077,60
PGD estimated + WoLF-IMQ,20260764,49.14692554871242,1.0,0.5867851972579956,0.12808464752541193,5
PGD estimated + WoLF-IMQ,20260765,49.0956259816885,1.0,0.5658849477767944,0.08992139063512476,6
PGD estimated + WoLF-IMQ,20260766,45.38693875571092,1.0,0.5732421875,0.29757756960531023,18
PGD estimated + WoLF-IMQ,20260767,-101.51136354605359,0.0,61.91876983642578,0.1320203002785401,60
PGD estimated + WoLF-IMQ,20260768,49.51837329566479,1.0,0.4555869698524475,0.0994167904667769,4
PGD estimated + WoLF-IMQ,20260769,47.97633072237174,1.0,0.5301900506019592,0.11081401476640412,9
PGD estimated + WoLF-IMQ,20260770,-22.136220335960388,0.0,4.4307684898376465,0.12468454173125092,60
PGD estimated + WoLF-IMQ,20260771,48.61858657002449,1.0,0.5739964842796326,0.1883020272938455,9
PGD estimated + WoLF-IMQ,20260772,49.3329440827171,1.0,0.24704763293266296,0.09942263904724132,4
PGD estimated + WoLF-IMQ,20260773,47.20922427624464,1.0,0.43700751662254333,0.11469191292662759,11
PGD estimated + WoLF-IMQ,20260774,49.37850532929103,1.0,0.4022037982940674,0.12076435270900307,4
PGD estimated + WoLF-IMQ,20260775,48.11474206546942,1.0,0.5974950194358826,0.13110438300548383,9
PGD estimated + WoLF-IMQ,20260776,-76.71851670742033,0.0,31.076648712158203,0.14297632160074547,60
PGD estimated + WoLF-IMQ,20260777,-66.39845212300618,0.0,30.019779205322266,0.13157498194743572,60
PGD estimated + WoLF-IMQ,20260778,41.502820789813995,1.0,0.6210660338401794,0.12137438218249877,22
PGD estimated + WoLF-IMQ,20260779,49.23339561124643,1.0,0.5544145703315735,0.1095919565885602,6
PGD estimated + WoLF-IMQ,20260780,47.57113797465961,1.0,0.2720295786857605,0.11282779830646955,13
PGD estimated + WoLF-IMQ,20260781,41.421302323540054,1.0,0.5917935967445374,0.18540486150489247,28
PGD estimated + WoLF-IMQ,20260782,-60.63052056233089,0.0,36.51411819458008,0.15015873581140735,60
PGD estimated + WoLF-IMQ,20260783,-29.957620024681084,0.0,8.362763404846191,0.18980576895018955,60
PGD estimated + WoLF-IMQ,20260784,-56.80136636892954,0.0,21.55303955078125,0.14167002586255464,60
PGD estimated + WoLF-IMQ,20260785,47.21674089382092,1.0,0.30763450264930725,0.15517806297405845,12
PGD estimated + WoLF-IMQ,20260786,45.992450535297394,1.0,0.5105280876159668,0.2198038156427088,18
PGD estimated + WoLF-IMQ,20260787,48.67215506235758,1.0,0.4976150393486023,0.15439851654026931,9
PGD estimated + WoLF-IMQ,20260788,49.85339389120539,1.0,0.20085467398166656,0.41268403273281484,2
PGD estimated + WoLF-IMQ,20260789,49.01399014517665,1.0,0.1330936998128891,0.2219800175084658,7
PGD estimated + WoLF-IMQ,20260790,49.70181559026241,1.0,0.26532453298568726,0.20934717309852857,3
PGD estimated + WoLF-IMQ,20260791,48.58497213820616,1.0,0.4290441870689392,0.18100287850464553,10
PGD estimated + WoLF-IMQ,20260792,49.5281352798144,1.0,0.5945717692375183,0.08539559133380817,4
PGD estimated + WoLF-IMQ,20260793,47.27277475595474,1.0,0.4255383610725403,0.12727999839352394,12
PGD estimated + WoLF-IMQ,20260794,-63.077826658884696,0.0,33.272396087646484,0.14859826050714914,60
PGD estimated + WoLF-IMQ,20260795,-59.227239648501076,0.0,27.851715087890625,0.12900679899783943,60
PGD estimated + WoLF-IMQ,20260796,48.560328006744385,1.0,0.5421866178512573,0.135530970557399,5
PGD estimated + WoLF-IMQ,20260797,47.06194237371285,1.0,0.6253274083137512,0.14080700437146404,11
PGD estimated + WoLF-IMQ,20260798,-111.82413983345027,0.0,42.2500114440918,0.14232300489526295,60
PGD estimated + WoLF-IMQ,20260799,-166.78015967210135,0.0,69.34918212890625,0.14198859319783094,60
PGD estimated + WoLF-IMQ,20260800,48.876842098931476,1.0,0.289590448141098,0.20407999564820098,7
PGD estimated + WoLF-IMQ,20260801,46.80486689011256,1.0,0.6377770900726318,0.2009257323647261,19
PGD estimated + WoLF-IMQ,20260802,-55.289432724316924,0.0,24.58736228942871,0.15424553894158413,60
PGD estimated + WoLF-IMQ,20260803,43.74572556217512,1.0,0.6461644768714905,0.17439099563552,42
PGD estimated + WoLF-IMQ,20260804,48.120339592297874,1.0,0.5596150159835815,0.0966185429698087,7
PGD estimated + WoLF-IMQ,20260805,-87.2448810338974,0.0,36.794273376464844,0.16344737213679156,60
PGD estimated + WoLF-IMQ,20260806,49.678950553139046,1.0,0.49067550897598267,0.4364949449761972,3
PGD estimated + WoLF-IMQ,20260807,47.793902377287544,1.0,0.5215280055999756,0.1454128936225265,20
PGD estimated + WoLF-IMQ,20260808,43.09951013326645,1.0,0.3814690113067627,0.17579068619936983,17
PGD estimated + WoLF-IMQ,20260809,47.83210550714284,1.0,0.0312812365591526,0.13321862447109065,15
PGD estimated + WoLF-IMQ,20260810,43.12634325027466,1.0,0.6204134225845337,0.13051247373710775,16
PGD estimated + WoLF-IMQ,20260811,48.41963940858841,1.0,0.3792502284049988,0.10813636448541779,7
PGD estimated + WoLF-IMQ,20260812,49.38363501429558,1.0,0.47753995656967163,0.09776585683457312,5
PGD estimated + WoLF-IMQ,20260813,47.97086615860462,1.0,0.2254602313041687,0.12415343738052259,13
PGD estimated + WoLF-IMQ,20260814,46.39678763846556,1.0,0.5819002985954285,0.10994099467762507,11
PGD estimated + WoLF-IMQ,20260815,49.175883673131466,1.0,0.34747645258903503,0.11856993817509828,5
PGD estimated + WoLF-IMQ,20260816,36.26967218642433,1.0,0.1114111989736557,0.1383376779610932,37
PGD estimated + WoLF-IMQ,20260817,35.87669189274311,1.0,0.5632703900337219,0.12178952498687938,28
PGD estimated + WoLF-IMQ,20260818,49.207613895336785,1.0,0.5784945487976074,0.10373347420398543,4
PGD estimated + WoLF-IMQ,20260819,47.39266916861137,1.0,0.33031049370765686,0.16881544081576205,10
PGD estimated + WoLF-IMQ,20260820,-39.75119044383368,0.0,8.17593765258789,0.13869224000341293,60
PGD estimated + WoLF-IMQ,20260821,45.80271475017071,1.0,0.624258816242218,0.13567775626575598,14
PGD estimated + WoLF-IMQ,20260822,-33.758702496687576,0.0,4.919622421264648,0.14770606308790502,60
PGD estimated + WoLF-IMQ,20260823,49.01544493933518,1.0,0.6384085416793823,0.10511287440533403,7
PGD estimated + WoLF-IMQ,20260824,43.533045833309494,1.0,0.6403469443321228,0.19109973361925725,20
PGD estimated + WoLF-IMQ,20260825,48.07817916075388,1.0,0.6497921943664551,0.10126212488968078,7
PGD estimated + WoLF-IMQ,20260826,44.05366609493891,1.0,0.5776486396789551,0.12001105643862194,21
PGD estimated + WoLF-IMQ,20260827,47.3452744881312,1.0,0.5513573884963989,0.12491737613088844,9
PGD estimated + WoLF-IMQ,20260828,-49.40870549778142,0.0,1.283516764640808,0.15423705040007973,60
PGD estimated + WoLF-IMQ,20260829,48.892781292398766,1.0,0.3795716166496277,0.10170275875593351,5
PGD estimated + WoLF-IMQ,20260830,47.26779129852851,1.0,0.4775163233280182,0.15680413854466763,16
PGD estimated + WoLF-IMQ,20260831,43.362647729615375,1.0,0.4657610356807709,0.15032513130402828,21
PGD estimated + WoLF-IMQ,20260832,49.1544925707082,1.0,0.16678465902805328,0.1754433726892822,8
PGD estimated + WoLF-IMQ,20260833,-52.15623392661413,0.0,30.64031410217285,0.13518664068194078,60
PGD estimated + WoLF-IMQ,20260834,49.346098056683935,1.0,0.23981784284114838,0.13014615878051314,5
PGD estimated + WoLF-IMQ,20260835,47.5371390680472,1.0,0.5890097618103027,0.10659312992735882,12
PGD estimated + WoLF-IMQ,20260836,49.50082706411679,1.0,0.552531361579895,0.09858813887504565,3
PGD estimated + WoLF-IMQ,20260837,-71.89702244599661,0.0,25.63092613220215,0.14471839657232693,60
PGD estimated + WoLF-IMQ,20260838,48.45427167912324,1.0,0.6247813105583191,0.09364902173391587,7
PGD estimated + WoLF-IMQ,20260839,45.04426461458206,1.0,0.39902013540267944,0.1714632177829539,13
PGD estimated + WoLF-IMQ,20260840,43.472362726926804,1.0,0.44154995679855347,0.14590931982835892,20
PGD estimated + WoLF-IMQ,20260841,-15.634428883592285,0.0,3.0425236225128174,0.20879474162341707,60
PGD estimated + WoLF-IMQ,20260842,45.63875403503577,1.0,0.6375757455825806,0.15102685213987993,13
PGD estimated + WoLF-IMQ,20260843,48.33255573362112,1.0,0.4931463897228241,0.11279750493190543,7
PGD estimated + WoLF-IMQ,20260844,34.92069950203101,1.0,0.3577536344528198,0.16033538868651567,40
PGD estimated + WoLF-IMQ,20260845,46.79115609948834,1.0,0.21078120172023773,0.16075592027498317,14
PGD estimated + WoLF-IMQ,20260846,47.818738055725895,1.0,0.4424164593219757,0.12664201979670786,8
PGD estimated + WoLF-IMQ,20260847,47.81373545030753,1.0,0.6191174387931824,0.14110607472621362,9
PGD estimated + WoLF-IMQ,20260848,48.618529836336776,1.0,0.4181498885154724,0.12790589592784748,9
PGD estimated + WoLF-IMQ,20260849,48.41621013482412,1.0,0.6182923913002014,0.11664848642832089,7
PGD estimated + WoLF-IMQ,20260850,49.10244594017664,1.0,0.5882595777511597,0.19523493175517684,4
PGD estimated + WoLF-IMQ,20260851,43.93296079337597,1.0,0.594659686088562,0.12073327321277069,17
PGD estimated + WoLF-IMQ,20260852,47.80482594917218,1.0,0.355514258146286,0.22096592022388717,16
PGD estimated + WoLF-IMQ,20260853,48.36282440523306,1.0,0.42268145084381104,0.11956962897173685,18
PGD estimated + WoLF-IMQ,20260854,-56.10462137063344,0.0,8.301817893981934,0.14198978413949062,60
PGD estimated + WoLF-IMQ,20260855,49.713311195373535,1.0,0.3972429037094116,0.08039574896791635,3
PGD estimated + WoLF-IMQ,20260856,46.91392872979244,1.0,0.4664476811885834,0.13921731249565988,10
PGD estimated + WoLF-IMQ,20260857,48.52129027744134,1.0,0.28678810596466064,0.12651920776583148,7
PGD estimated + WoLF-IMQ,20260858,40.3171760092179,1.0,0.6106990575790405,0.16596977588879305,23
PGD estimated + WoLF-IMQ,20260859,48.62286413336794,1.0,0.16956208646297455,0.1031380467857425,6
PGD estimated + WoLF-IMQ,20260860,41.06229677051306,1.0,0.4229237139225006,0.13791018515094888,29
PGD estimated + WoLF-IMQ,20260861,44.49000246822834,1.0,0.6281520128250122,0.1524095481148753,15
PGD estimated + WoLF-IMQ,20260862,48.7249980121851,1.0,0.5908153653144836,0.11080794843190345,6
PGD estimated + WoLF-IMQ,20260863,49.684424785276256,1.0,0.23200753331184387,0.16497325595448156,3
PGD estimated + WoLF-IMQ,20260864,49.66085313012203,1.0,0.47762617468833923,0.10962435510164854,3
PGD estimated + WoLF-IMQ,20260865,49.148120885094,1.0,0.41918283700942993,0.18409007563870466,8
PGD estimated + WoLF-IMQ,20260866,-43.01373238364855,0.0,16.428068161010742,0.1466015185146614,60
PGD estimated + WoLF-IMQ,20260867,45.79360580941041,1.0,0.1572694182395935,0.16962357613762055,12
PGD estimated + WoLF-IMQ,20260868,45.8303682555755,1.0,0.07762879133224487,0.12909511452108904,10
PGD estimated + WoLF-IMQ,20260869,46.558269038796425,1.0,0.6300492286682129,0.14122334734708197,22
PGD estimated + WoLF-IMQ,20260870,-78.13027062018712,0.0,43.85891342163086,0.1612891704768394,60
PGD estimated + WoLF-IMQ,20260871,48.06117373208205,1.0,0.4923592209815979,0.17171250577326944,7
PGD estimated + WoLF-IMQ,20260872,-122.44023668766022,0.0,42.67866134643555,0.16481626593293283,60
PGD estimated + WoLF-IMQ,20260873,-51.99925579627353,0.0,10.67264175415039,0.13867760729149314,60
PGD estimated + WoLF-IMQ,20260874,41.17495003839334,1.0,0.5398050546646118,0.13575928009503763,40
PGD estimated + WoLF-IMQ,20260875,-151.31757426261902,0.0,62.8242301940918,0.15811598703768676,60
PGD estimated + WoLF-IMQ,20260876,32.08155592282613,1.0,0.5115115642547607,0.1874000408353986,56
PGD estimated + WoLF-IMQ,20260877,44.725907246271774,1.0,0.6182682514190674,0.09867587398482666,16
PGD estimated + WoLF-IMQ,20260878,35.024848949164145,1.0,0.14140008389949799,0.14491532004393354,32
PGD estimated + WoLF-IMQ,20260879,-38.72942087550959,0.0,9.895657539367676,0.1596131249118975,60
PGD estimated + WoLF-IMQ,20260880,45.01289897908767,1.0,0.3517945110797882,0.1683999433396232,17
PGD estimated + WoLF-IMQ,20260881,48.872118892769016,1.0,0.38281962275505066,0.1476485957024984,5
PGD estimated + WoLF-IMQ,20260882,46.44429743786653,1.0,0.6323831677436829,0.4307029322720318,10
PGD estimated + WoLF-IMQ,20260883,45.63763926923275,1.0,0.6004915237426758,0.13187846641857126,17
PGD estimated + WoLF-IMQ,20260884,-36.20850453774134,0.0,9.540837287902832,0.144275856410882,60
PGD estimated + WoLF-IMQ,20260885,41.290540374815464,1.0,0.3059965670108795,0.13624480590206012,21
PGD estimated + WoLF-IMQ,20260886,48.55112131933371,1.0,0.6312427520751953,0.1242698573440626,11
PGD estimated + WoLF-IMQ,20260887,48.54626409212748,1.0,0.29724836349487305,0.10926351147933015,6
PGD estimated + WoLF-IMQ,20260888,44.86390127738317,1.0,0.5100211501121521,0.13716074808943263,18
PGD estimated + WoLF-IMQ,20260889,42.9219846278429,1.0,0.21794545650482178,0.1503107314521658,28
PGD estimated + WoLF-IMQ,20260890,-134.3717442055543,0.0,56.63871383666992,0.13921869148329327,60
PGD estimated + WoLF-IMQ,20260891,49.38902993003528,1.0,0.6448417901992798,0.09786723443349847,6
PGD estimated + WoLF-IMQ,20260892,49.66736379762491,1.0,0.12574690580368042,0.12697198126045106,5
PGD estimated + WoLF-IMQ,20260893,48.952782690525055,1.0,0.5277653932571411,0.0988139455804191,6
PGD estimated + WoLF-IMQ,20260894,47.49673313895861,1.0,0.48510098457336426,0.21246309274888076,8
PGD estimated + WoLF-IMQ,20260895,-111.20378981033963,0.0,44.143184661865234,0.14326849242737616,60
PGD estimated + WoLF-IMQ,20260896,49.684324845671654,1.0,0.6396741271018982,0.333296615057395,3
PGD estimated + WoLF-IMQ,20260897,49.467733363310494,1.0,0.5162668228149414,0.17641873285988358,4
PGD estimated + WoLF-IMQ,20260898,32.30824218442042,1.0,0.3618011176586151,0.18339287712517657,50
PGD estimated + WoLF-IMQ,20260899,48.47082750995954,1.0,0.5391741991043091,0.08312828717983783,8
PGD estimated + WoLF-IMQ,20260900,34.306043197711304,1.0,0.5530084371566772,0.15004607276988444,34
PGD estimated + WoLF-IMQ,20260901,49.35752844313781,1.0,0.6157582402229309,0.1770533656818557,3
PGD estimated + WoLF-IMQ,20260902,48.8937677393357,1.0,0.6020743250846863,0.12391892116528681,7
PGD estimated + WoLF-IMQ,20260903,49.599483260263995,1.0,0.14384277164936066,0.1212325706033478,4
PGD estimated + WoLF-IMQ,20260904,49.46512171626091,1.0,0.6184239387512207,0.10864491651368476,5
PGD estimated + WoLF-IMQ,20260905,45.068226163585976,1.0,0.4827542304992676,0.12313380138555587,14
PGD estimated + WoLF-IMQ,20260906,45.416839023431145,1.0,0.5264101028442383,0.16538184038374015,19
PGD estimated + WoLF-IMQ,20260907,-42.668519953886666,0.0,18.97286033630371,0.16142391801878758,60
PGD estimated + WoLF-IMQ,20260908,45.868014161785446,1.0,0.5062457919120789,0.166762202902623,23
PGD estimated + WoLF-IMQ,20260909,47.753870444993176,1.0,0.40979841351509094,0.11391174685541859,11
PGD estimated + WoLF-IMQ,20260910,47.370089784264565,1.0,0.6468239426612854,0.13183392476341965,11
PGD estimated + WoLF-IMQ,20260911,48.51354277879,1.0,0.3513406813144684,0.14115754064401778,6
PGD estimated + WoLF-IMQ,20260912,-96.27779146035512,0.0,40.866695404052734,0.13321775638655942,60
PGD estimated + WoLF-IMQ,20260913,49.31918055812518,1.0,0.612075924873352,0.1154407814582768,4
PGD estimated + WoLF-IMQ,20260914,47.430789714058236,1.0,0.42098814249038696,0.14705847909345374,8
PGD estimated + WoLF-IMQ,20260915,49.260172399381794,1.0,0.2954116761684418,0.14089535213521734,6
PGD estimated + WoLF-IMQ,20260916,46.92343972374996,1.0,0.34041711688041687,0.18411347603459038,23
PGD estimated + WoLF-IMQ,20260917,43.10638364652793,1.0,0.6236666440963745,0.12547879587508648,24
PGD estimated + WoLF-IMQ,20260918,48.15483144670725,1.0,0.2978189289569855,0.2639910592419446,6
PGD estimated + WoLF-IMQ,20260919,-69.24249120553336,0.0,29.6977481842041,0.14619059795524475,60
PGD estimated + WoLF-IMQ,20260920,49.080586314201355,1.0,0.5278639197349548,0.21026359158298327,5
PGD estimated + WoLF-IMQ,20260921,-103.01877705256145,0.0,23.013824462890625,0.1509768467750025,60
PGD estimated + WoLF-IMQ,20260922,48.8491469596823,1.0,0.055869847536087036,0.08775906579557324,6
PGD estimated + WoLF-IMQ,20260923,43.91351155936718,1.0,0.6451331973075867,0.12943905254436966,14
PGD estimated + WoLF-IMQ,20260924,48.75939843058586,1.0,0.4598524570465088,0.12067245554987217,6
PGD estimated + WoLF-IMQ,20260925,49.083128323157624,1.0,0.4655614495277405,0.12219792106041819,5
PGD estimated + WoLF-IMQ,20260926,48.80336647729079,1.0,0.5818516612052917,0.13793384747364443,5
PGD estimated + WoLF-IMQ,20260927,49.1073065350453,1.0,0.3801453709602356,0.10081229560526263,7
PGD estimated + WoLF-IMQ,20260928,-120.46836449702582,0.0,70.80286407470703,0.13542741233044478,60
PGD estimated + WoLF-IMQ,20260929,45.59207049260537,1.0,0.30884745717048645,0.16991244550044668,16
PGD estimated + WoLF-IMQ,20260930,49.39328693846861,1.0,0.45992714166641235,0.13983797424777852,4
PGD estimated + WoLF-IMQ,20260931,48.67138214160999,1.0,0.3369457423686981,0.1215396785070862,6
PGD estimated + WoLF-IMQ,20260932,47.740175642073154,1.0,0.38592615723609924,0.11716521759112444,8
PGD estimated + WoLF-IMQ,20260933,48.93188783029716,1.0,0.39853614568710327,0.1913135317576301,4
PGD estimated + WoLF-IMQ,20260934,47.15984104077022,1.0,0.4915860891342163,0.12875565767495958,9
PGD estimated + WoLF-IMQ,20260935,41.97990418473879,1.0,0.4595925807952881,0.1554137629123991,23
PGD estimated + WoLF-IMQ,20260936,44.24534937739372,1.0,0.5465370416641235,0.13399986345903883,20
PGD estimated + WoLF-IMQ,20260937,-123.86058549086255,0.0,38.31634521484375,0.1334657104333699,60
PGD estimated + WoLF-IMQ,20260938,48.60757565498352,1.0,0.311179518699646,0.1983390883739473,6
PGD estimated + WoLF-IMQ,20260939,-23.368366455038387,0.0,3.655428171157837,0.20886220725608287,60
PGD estimated + WoLF-IMQ,20260940,47.406148145596184,1.0,0.5359861850738525,0.13702403262145293,23
PGD estimated + WoLF-IMQ,20260941,46.55816699564457,1.0,0.6231598258018494,0.21667993204944885,14
PGD estimated + WoLF-IMQ,20260942,46.7973818530639,1.0,0.5338855385780334,0.15592569905291098,10
PGD estimated + WoLF-IMQ,20260943,43.26968211929004,1.0,0.5766749382019043,0.17270415569710998,27
PGD estimated + WoLF-IMQ,20260944,48.63312446077665,1.0,0.5333389639854431,0.14103111284884504,9
PGD estimated + WoLF-IMQ,20260945,47.70789606124163,1.0,0.4492139518260956,0.14579055435932756,15
PGD estimated + WoLF-IMQ,20260946,48.13056372602781,1.0,0.5391494035720825,0.11226869696601297,10
PGD estimated + WoLF-IMQ,20260947,48.43396340807279,1.0,0.5562107563018799,0.17232827106200405,10
PGD estimated + WoLF-IMQ,20260948,47.46806257714828,1.0,0.38390323519706726,0.16025092800025864,9
PGD estimated + WoLF-IMQ,20260949,48.41496772070726,1.0,0.47716349363327026,0.1500254783686304,8
PGD estimated + WoLF-IMQ,20260950,48.803073015064,1.0,0.2001226395368576,0.1322850145978482,7
PGD estimated + WoLF-IMQ,20260951,49.4999482134978,1.0,0.4644208550453186,0.10292704010406109,5
PGD estimated + WoLF-IMQ,20260952,48.7712049682935,1.0,0.5689572095870972,0.11637324577383938,7
PGD estimated + WoLF-IMQ,20260953,48.39574521780014,1.0,0.5907764434814453,0.23830794839395983,7
PGD estimated + WoLF-IMQ,20260954,47.81973481674989,1.0,0.5624590516090393,0.14638716583467495,7
PGD estimated + WoLF-IMQ,20260955,47.91624537110329,1.0,0.545881986618042,0.16358169504954434,15
PGD estimated + WoLF-IMQ,20260956,48.559239688018955,1.0,0.42370185256004333,0.16053570853856022,6
PGD estimated + WoLF-IMQ,20260957,43.89663421114285,1.0,0.5581389665603638,0.17005722289868067,22
PGD estimated + WoLF-IMQ,20260958,48.23462058479587,1.0,0.18615765869617462,0.11650414485791816,12
PGD estimated + WoLF-IMQ,20260959,-24.314934223890305,0.0,7.336116313934326,0.15198831685878744,60
PGD estimated + WoLF-IMQ,20260960,48.59194601078828,1.0,0.4709603786468506,0.16735091002357314,7
PGD estimated + WoLF-IMQ,20260961,48.92376441756884,1.0,0.4990953207015991,0.12260652054684469,5
PGD estimated + WoLF-IMQ,20260962,47.05705790718396,1.0,0.6303998231887817,0.13284674535880936,12
PGD estimated + WoLF-IMQ,20260963,46.61934248606364,1.0,0.5984740257263184,0.14307533197869324,25
PGD estimated + WoLF-IMQ,20260964,49.120909770329796,1.0,0.6281172037124634,0.2245082141509622,4
PGD estimated + WoLF-IMQ,20260965,47.23384595910708,1.0,0.10759991407394409,0.1582594202498758,14
PGD estimated + WoLF-IMQ,20260966,49.1368186150988,1.0,0.36544105410575867,0.15402479705690805,7
PGD estimated + WoLF-IMQ,20260967,49.39998624225458,1.0,0.39696264266967773,0.15049265023646063,6
PGD estimated + WoLF-IMQ,20260968,-72.41169140736261,0.0,37.00246047973633,0.1624699234213379,60
PGD estimated + WoLF-IMQ,20260969,-125.72307272752124,0.0,40.28468322753906,0.13085168097341027,60
PGD estimated + WoLF-IMQ,20260970,-36.00210910042128,0.0,0.8752644062042236,0.1409916497083681,60
PGD estimated + WoLF-IMQ,20260971,45.0047522286574,1.0,0.3122653365135193,0.20357899531392865,17
PGD estimated + WoLF-IMQ,20260972,47.388235275944076,1.0,0.17506307363510132,0.1547453063822723,8
PGD estimated + WoLF-IMQ,20260973,43.020612098276615,1.0,0.34755656123161316,0.19269436528252307,18
PGD estimated + WoLF-IMQ,20260974,47.82091246545315,1.0,0.3881070017814636,0.15916965297374724,8
PGD estimated + WoLF-IMQ,20260975,46.69824500878652,1.0,0.5092552304267883,0.1549146700980766,12
PGD estimated + WoLF-IMQ,20260976,-106.06452269355457,0.0,53.947898864746094,0.15376874816267433,60
PGD estimated + WoLF-IMQ,20260977,49.419376293818154,1.0,0.41734206676483154,0.10442392282621367,7
PGD estimated + WoLF-IMQ,20260978,48.39541952311993,1.0,0.5067727565765381,0.1276647870572539,7
PGD estimated + WoLF-IMQ,20260979,45.60317867000897,1.0,0.39115285873413086,0.1792309933119989,24
PGD estimated + WoLF-IMQ,20260980,-58.801012476285294,0.0,16.669822692871094,0.15727907771664823,60
PGD estimated + WoLF-IMQ,20260981,49.154066905379295,1.0,0.5476592183113098,0.3717751416882054,6
PGD estimated + WoLF-IMQ,20260982,-29.45720860362053,0.0,8.257706642150879,0.16175802515347792,60
Random contour + WoLF-IMQ,20260733,49.68726630012195,1.0,0.4485234022140503,0.2018191563298307,3
Random contour + WoLF-IMQ,20260734,49.095220467696585,1.0,0.1296313852071762,0.08957897087972867,5
Random contour + WoLF-IMQ,20260735,49.577093094587326,1.0,0.5418025851249695,0.1418387765910308,4
Random contour + WoLF-IMQ,20260736,-63.82971986134845,0.0,15.146380424499512,0.1482516987397755,60
Random contour + WoLF-IMQ,20260737,47.56455574929714,1.0,0.5909557938575745,0.11578552547957026,9
Random contour + WoLF-IMQ,20260738,42.10174237688382,1.0,0.1358242630958557,0.15274400676508693,30
Random contour + WoLF-IMQ,20260739,45.61983763674895,1.0,0.14221841096878052,0.16542969731457408,20
Random contour + WoLF-IMQ,20260740,48.01849911361933,1.0,0.40173056721687317,0.10888584173684075,6
Random contour + WoLF-IMQ,20260741,44.39677282919486,1.0,0.4752618372440338,0.16788475677923578,26
Random contour + WoLF-IMQ,20260742,47.37050343553225,1.0,0.27119141817092896,0.26629642015459054,10
Random contour + WoLF-IMQ,20260743,47.38526204725107,1.0,0.6172673106193542,0.24066007061381725,9
Random contour + WoLF-IMQ,20260744,42.181534549842276,1.0,0.17670778930187225,0.2057132276959542,24
Random contour + WoLF-IMQ,20260745,47.34002004315456,1.0,0.4900641143321991,0.09265386007302658,9
Random contour + WoLF-IMQ,20260746,44.52885418136914,1.0,0.17328166961669922,0.1066026574400919,12
Random contour + WoLF-IMQ,20260747,49.09818569819133,1.0,0.437835693359375,0.19294792264640465,5
Random contour + WoLF-IMQ,20260748,49.173474026223026,1.0,0.4041188657283783,0.11379221094654933,4
Random contour + WoLF-IMQ,20260749,-124.56503488620122,0.0,60.65547180175781,0.14596047355392985,60
Random contour + WoLF-IMQ,20260750,48.96223331491153,1.0,0.5237495303153992,0.20292103319872204,6
Random contour + WoLF-IMQ,20260751,48.69211872170369,1.0,0.4898761808872223,0.11257261037063644,7
Random contour + WoLF-IMQ,20260752,-96.66541383663815,0.0,47.15795135498047,0.14990054737190123,60
Random contour + WoLF-IMQ,20260753,46.66684263199568,1.0,0.3904751241207123,0.17184051598839697,15
Random contour + WoLF-IMQ,20260754,47.47725513515373,1.0,0.06473071128129959,0.13268778909264733,9
Random contour + WoLF-IMQ,20260755,47.18296351532141,1.0,0.39302605390548706,0.14912721959946665,11
Random contour + WoLF-IMQ,20260756,47.937638737261295,1.0,0.456094354391098,0.15736813428656807,8
Random contour + WoLF-IMQ,20260757,45.88522591690222,1.0,0.6319451332092285,0.22320274646661556,11
Random contour + WoLF-IMQ,20260758,49.5665967365106,1.0,0.32894647121429443,0.3978553140652465,4
Random contour + WoLF-IMQ,20260759,-106.01739770174026,0.0,54.180179595947266,0.19039878259703913,60
Random contour + WoLF-IMQ,20260760,-45.764397740364075,0.0,3.0457048416137695,0.14051753854621976,60
Random contour + WoLF-IMQ,20260761,48.56961093097925,1.0,0.32358238101005554,0.149476723159076,9
Random contour + WoLF-IMQ,20260762,47.816415797919035,1.0,0.2245013564825058,0.13282456699764852,10
Random contour + WoLF-IMQ,20260763,-93.65914687514305,0.0,47.11832809448242,0.16264200680537366,60
Random contour + WoLF-IMQ,20260764,49.14692554871242,1.0,0.5867851972579956,0.12808464752541193,5
Random contour + WoLF-IMQ,20260765,49.0956259816885,1.0,0.5658849477767944,0.08992139063512476,6
Random contour + WoLF-IMQ,20260766,45.66863526403904,1.0,0.5790382623672485,0.2501312021463298,17
Random contour + WoLF-IMQ,20260767,-101.55276044209798,0.0,61.93016815185547,0.16004106387663722,60
Random contour + WoLF-IMQ,20260768,49.51837329566479,1.0,0.4555869698524475,0.0994167904667769,4
Random contour + WoLF-IMQ,20260769,47.97633072237174,1.0,0.5301900506019592,0.11081401476640412,9
Random contour + WoLF-IMQ,20260770,-22.17267502347628,0.0,4.430731773376465,0.12484313680678752,60
Random contour + WoLF-IMQ,20260771,48.54557339847088,1.0,0.5126706957817078,0.23371658024328087,10
Random contour + WoLF-IMQ,20260772,49.3329440827171,1.0,0.24704763293266296,0.09942263904724132,4
Random contour + WoLF-IMQ,20260773,47.203323366741344,1.0,0.4436722695827484,0.10312303928330672,11
Random contour + WoLF-IMQ,20260774,49.37850532929103,1.0,0.4022037982940674,0.12076435270900307,4
Random contour + WoLF-IMQ,20260775,48.13335298498471,1.0,0.5524038672447205,0.12612597726151212,9
Random contour + WoLF-IMQ,20260776,-76.75169686476389,0.0,31.07533836364746,0.15080941755645327,60
Random contour + WoLF-IMQ,20260777,-66.39417378107707,0.0,30.019153594970703,0.1670165862624332,60
Random contour + WoLF-IMQ,20260778,41.5007688999176,1.0,0.6210973262786865,0.12530750423239959,22
Random contour + WoLF-IMQ,20260779,49.23339561124643,1.0,0.5544145703315735,0.1095919565885602,6
Random contour + WoLF-IMQ,20260780,47.57113797465961,1.0,0.2720295786857605,0.11282779830646955,13
Random contour + WoLF-IMQ,20260781,41.50859548151493,1.0,0.4967679977416992,0.17818345494874882,28
Random contour + WoLF-IMQ,20260782,-60.76737588644027,0.0,36.55318832397461,0.18123630113426972,60
Random contour + WoLF-IMQ,20260783,-28.089703967173897,0.0,8.207776069641113,0.19823280522004338,60
Random contour + WoLF-IMQ,20260784,-56.817633191744484,0.0,21.553035736083984,0.1388526901829515,60
Random contour + WoLF-IMQ,20260785,47.21910078575213,1.0,0.30382272601127625,0.1429255278939619,12
Random contour + WoLF-IMQ,20260786,46.00400960197051,1.0,0.48022618889808655,0.2374811916850187,18
Random contour + WoLF-IMQ,20260787,48.72592493891716,1.0,0.6389110684394836,0.1914161699746235,8
Random contour + WoLF-IMQ,20260788,49.88642274339994,1.0,0.4106910824775696,0.7256655460915383,2
Random contour + WoLF-IMQ,20260789,49.025100364039346,1.0,0.13389112055301666,0.2049676007025602,7
Random contour + WoLF-IMQ,20260790,49.65949151664972,1.0,0.4998016655445099,0.20138587485962645,3
Random contour + WoLF-IMQ,20260791,48.911475544174515,1.0,0.6351749300956726,0.19727656168299829,5
Random contour + WoLF-IMQ,20260792,49.5281352798144,1.0,0.5945717692375183,0.08539559133380817,4
Random contour + WoLF-IMQ,20260793,47.27277475595474,1.0,0.4255383610725403,0.12727999839352394,12
Random contour + WoLF-IMQ,20260794,-63.109796563784286,0.0,33.27213668823242,0.1603939624009205,60
Random contour + WoLF-IMQ,20260795,-59.212506651878364,0.0,27.85403823852539,0.13194988375774458,60
Random contour + WoLF-IMQ,20260796,48.57282520333926,1.0,0.5356194972991943,0.1425594095442463,5
Random contour + WoLF-IMQ,20260797,46.996789375940956,1.0,0.41729217767715454,0.13216360539072697,12
Random contour + WoLF-IMQ,20260798,-111.83348083496092,0.0,42.25490951538086,0.142723007358115,60
Random contour + WoLF-IMQ,20260799,-166.78932015101117,0.0,69.35184478759766,0.17728426005202721,60
Random contour + WoLF-IMQ,20260800,48.89410185813904,1.0,0.17942547798156738,0.16275711726576883,7
Random contour + WoLF-IMQ,20260801,47.97819400330385,1.0,0.6298808455467224,0.16918934627151627,6
Random contour + WoLF-IMQ,20260802,-55.27453200022379,0.0,24.569841384887695,0.16516178363541792,60
Random contour + WoLF-IMQ,20260803,43.92756366729736,1.0,0.6368045210838318,0.22166754751654927,42
Random contour + WoLF-IMQ,20260804,48.120339592297874,1.0,0.5596150159835815,0.0966185429698087,7
Random contour + WoLF-IMQ,20260805,-87.19613703091937,0.0,36.79071044921875,0.19953398568155242,60
Random contour + WoLF-IMQ,20260806,49.66767549266418,1.0,0.40628352761268616,1.2988820113359931,3
Random contour + WoLF-IMQ,20260807,47.75864444176356,1.0,0.5215283632278442,0.16153036743861188,20
Random contour + WoLF-IMQ,20260808,43.11899189402659,1.0,0.36199620366096497,0.17299400314946783,17
Random contour + WoLF-IMQ,20260809,47.83210550714284,1.0,0.0312812365591526,0.13321862447109065,15
Random contour + WoLF-IMQ,20260810,43.12634325027466,1.0,0.6204134225845337,0.13051247373710775,16
Random contour + WoLF-IMQ,20260811,48.37042351563772,1.0,0.5328635573387146,0.14059711895131968,7
Random contour + WoLF-IMQ,20260812,49.38363501429558,1.0,0.47753995656967163,0.09776585683457312,5
Random contour + WoLF-IMQ,20260813,47.994472216814756,1.0,0.21463511884212494,0.13465849026493085,13
Random contour + WoLF-IMQ,20260814,46.39678763846556,1.0,0.5819002985954285,0.10994099467762507,11
Random contour + WoLF-IMQ,20260815,49.175883673131466,1.0,0.34747645258903503,0.11856993817509828,5
Random contour + WoLF-IMQ,20260816,36.240454311793044,1.0,0.09847991913557053,0.1442486696672585,37
Random contour + WoLF-IMQ,20260817,35.87263191243013,1.0,0.5636504292488098,0.1611278289836191,28
Random contour + WoLF-IMQ,20260818,49.207613895336785,1.0,0.5784945487976074,0.10373347420398543,4
Random contour + WoLF-IMQ,20260819,47.29291423161825,1.0,0.5000907182693481,0.1337569663380936,11
Random contour + WoLF-IMQ,20260820,-39.7772304813067,0.0,8.176606178283691,0.1478605232669167,60
Random contour + WoLF-IMQ,20260821,45.81937969724337,1.0,0.5431863069534302,0.14892491637480468,14
Random contour + WoLF-IMQ,20260822,-33.75643881162007,0.0,4.920112133026123,0.15694524802569898,60
Random contour + WoLF-IMQ,20260823,48.9889025191466,1.0,0.56925368309021,0.13914774484779255,7
Random contour + WoLF-IMQ,20260824,43.43930739412705,1.0,0.4684866964817047,0.2488806901364025,21
Random contour + WoLF-IMQ,20260825,48.07817916075388,1.0,0.6497921943664551,0.10126212488968078,7
Random contour + WoLF-IMQ,20260826,44.05366609493891,1.0,0.5776486396789551,0.12001105643862194,21
Random contour + WoLF-IMQ,20260827,47.339541564385094,1.0,0.6031007766723633,0.0996296871946154,9
Random contour + WoLF-IMQ,20260828,-49.4084728260835,0.0,1.290585994720459,0.1672331928511496,60
Random contour + WoLF-IMQ,20260829,48.892781292398766,1.0,0.3795716166496277,0.10170275875593351,5
Random contour + WoLF-IMQ,20260830,47.377612357338265,1.0,0.6040562391281128,0.14510125245874225,15
Random contour + WoLF-IMQ,20260831,43.373702404399715,1.0,0.4624079167842865,0.1368018100512449,21
Random contour + WoLF-IMQ,20260832,49.17616238196691,1.0,0.5603370070457458,0.17923548201013006,7
Random contour + WoLF-IMQ,20260833,-52.16751074790955,0.0,30.640853881835938,0.13885015228933048,60
Random contour + WoLF-IMQ,20260834,49.346098056683935,1.0,0.23981784284114838,0.13014615878051314,5
Random contour + WoLF-IMQ,20260835,47.5371390680472,1.0,0.5890097618103027,0.10659312992735882,12
Random contour + WoLF-IMQ,20260836,49.50082706411679,1.0,0.552531361579895,0.09858813887504565,3
Random contour + WoLF-IMQ,20260837,-71.89822685718536,0.0,25.628032684326172,0.16053051057071877,60
Random contour + WoLF-IMQ,20260838,48.45427167912324,1.0,0.6247813105583191,0.09364902173391587,7
Random contour + WoLF-IMQ,20260839,45.04877869039774,1.0,0.3991074860095978,0.17527077546325368,13
Random contour + WoLF-IMQ,20260840,43.77963564048211,1.0,0.3495868146419525,0.15123149913475764,16
Random contour + WoLF-IMQ,20260841,45.626207768917084,1.0,0.48774731159210205,0.2476102476219474,15
Random contour + WoLF-IMQ,20260842,45.64008059104284,1.0,0.6392731666564941,0.1433912529411701,13
Random contour + WoLF-IMQ,20260843,48.33255573362112,1.0,0.4931463897228241,0.11279750493190543,7
Random contour + WoLF-IMQ,20260844,34.879656640191875,1.0,0.35695305466651917,0.1800089635912571,40
Random contour + WoLF-IMQ,20260845,46.798949141055346,1.0,0.2204541712999344,0.15093307303849762,14
Random contour + WoLF-IMQ,20260846,47.818738055725895,1.0,0.4424164593219757,0.12664201979670786,8
Random contour + WoLF-IMQ,20260847,47.81445202231407,1.0,0.5765954256057739,0.131890271329979,9
Random contour + WoLF-IMQ,20260848,48.462646861871086,1.0,0.41368865966796875,0.13652614365497046,9
Random contour + WoLF-IMQ,20260849,48.41621013482412,1.0,0.6182923913002014,0.11664848642832089,7
Random contour + WoLF-IMQ,20260850,49.098687171936035,1.0,0.5646814107894897,0.24277226501303126,4
Random contour + WoLF-IMQ,20260851,43.93296079337597,1.0,0.594659686088562,0.12073327321277069,17
Random contour + WoLF-IMQ,20260852,47.939721209307514,1.0,0.42095252871513367,0.17398045607807874,15
Random contour + WoLF-IMQ,20260853,48.36282440523306,1.0,0.42268145084381104,0.11956962897173685,18
Random contour + WoLF-IMQ,20260854,-56.103672544161476,0.0,8.301857948303223,0.14147709972713382,60
Random contour + WoLF-IMQ,20260855,49.713311195373535,1.0,0.3972429037094116,0.08039574896791635,3
Random contour + WoLF-IMQ,20260856,46.91845654199521,1.0,0.46789565682411194,0.19323369262322204,10
Random contour + WoLF-IMQ,20260857,48.63770919789871,1.0,0.4768776595592499,0.11587707279036653,6
Random contour + WoLF-IMQ,20260858,40.33870875338713,1.0,0.5947566628456116,0.16048426612637656,23
Random contour + WoLF-IMQ,20260859,48.62286413336794,1.0,0.16956208646297455,0.1031380467857425,6
Random contour + WoLF-IMQ,20260860,41.06467801332474,1.0,0.4229159355163574,0.13549971540892738,29
Random contour + WoLF-IMQ,20260861,44.567641357580825,1.0,0.528739869594574,0.16390749196713722,14
Random contour + WoLF-IMQ,20260862,48.7249980121851,1.0,0.5908153653144836,0.11080794843190345,6
Random contour + WoLF-IMQ,20260863,49.684424785276256,1.0,0.23200753331184387,0.16497325595448156,3
Random contour + WoLF-IMQ,20260864,49.66085313012203,1.0,0.47762617468833923,0.10962435510164854,3
Random contour + WoLF-IMQ,20260865,49.19689984122912,1.0,0.6451447606086731,0.1914390141857811,7
Random contour + WoLF-IMQ,20260866,-42.91033334533373,0.0,16.28364372253418,0.15502585175907588,60
Random contour + WoLF-IMQ,20260867,45.78494151930015,1.0,0.15627437829971313,0.22344929527324264,12
Random contour + WoLF-IMQ,20260868,45.80708768342932,1.0,0.23180444538593292,0.16760370495964175,10
Random contour + WoLF-IMQ,20260869,46.51572867234548,1.0,0.6325231194496155,0.14720144629036658,22
Random contour + WoLF-IMQ,20260870,-77.70378196239471,0.0,43.720069885253906,0.17785611764505083,60
Random contour + WoLF-IMQ,20260871,48.05767324566841,1.0,0.4977489709854126,0.21500757429567693,7
Random contour + WoLF-IMQ,20260872,-122.46706406275435,0.0,42.688358306884766,0.17444671959559155,60
Random contour + WoLF-IMQ,20260873,-51.99089940388998,0.0,10.672635078430176,0.15251256470856733,60
Random contour + WoLF-IMQ,20260874,41.14585596323013,1.0,0.5929222106933594,0.1497119227984829,40
Random contour + WoLF-IMQ,20260875,-148.68524793783828,0.0,62.1781005859375,0.1670877946929864,60
Random contour + WoLF-IMQ,20260876,32.59643271565437,1.0,0.4488999843597412,0.17408429717691692,56
Random contour + WoLF-IMQ,20260877,44.725907246271774,1.0,0.6182682514190674,0.09867587398482666,16
Random contour + WoLF-IMQ,20260878,35.08359757314125,1.0,0.48728296160697937,0.148775445655821,31
Random contour + WoLF-IMQ,20260879,-38.72853840887546,0.0,9.890351295471191,0.20112333911146787,60
Random contour + WoLF-IMQ,20260880,45.00641178836425,1.0,0.3725793659687042,0.1416172452792095,17
Random contour + WoLF-IMQ,20260881,48.875066585838795,1.0,0.3657171428203583,0.1644047052531984,5
Random contour + WoLF-IMQ,20260882,45.67456717789173,1.0,0.4952104687690735,0.23071678091853465,20
Random contour + WoLF-IMQ,20260883,45.63442964851856,1.0,0.6002973914146423,0.12376369958452364,17
Random contour + WoLF-IMQ,20260884,-36.227011680603034,0.0,9.565982818603516,0.13535971872494088,60
Random contour + WoLF-IMQ,20260885,41.31274839739005,1.0,0.649043083190918,0.15045307714993353,20
Random contour + WoLF-IMQ,20260886,48.55112131933371,1.0,0.6312427520751953,0.1242698573440626,11
Random contour + WoLF-IMQ,20260887,48.52007673184077,1.0,0.27042698860168457,0.09626877875597097,6
Random contour + WoLF-IMQ,20260888,44.871526723106705,1.0,0.5100938677787781,0.13272736399902724,18
Random contour + WoLF-IMQ,20260889,42.910581544041634,1.0,0.22875815629959106,0.1609492837402126,28
Random contour + WoLF-IMQ,20260890,-134.6099243660768,0.0,56.725433349609375,0.15317032927122934,60
Random contour + WoLF-IMQ,20260891,49.38902993003528,1.0,0.6448417901992798,0.09786723443349847,6
Random contour + WoLF-IMQ,20260892,49.66736379762491,1.0,0.12574690580368042,0.12697198126045106,5
Random contour + WoLF-IMQ,20260893,48.952782690525055,1.0,0.5277653932571411,0.0988139455804191,6
Random contour + WoLF-IMQ,20260894,47.465185006459556,1.0,0.5295279026031494,0.33302182503746086,8
Random contour + WoLF-IMQ,20260895,-111.14286400874457,0.0,44.091190338134766,0.1550922904560152,60
Random contour + WoLF-IMQ,20260896,49.39782022933165,1.0,0.5487189888954163,0.1745822061860225,7
Random contour + WoLF-IMQ,20260897,49.39276236792405,1.0,0.415435254573822,0.14984782797499502,5
Random contour + WoLF-IMQ,20260898,31.804735610882435,1.0,0.6464112997055054,0.19008027258631233,50
Random contour + WoLF-IMQ,20260899,48.47082750995954,1.0,0.5391741991043091,0.08312828717983783,8
Random contour + WoLF-IMQ,20260900,34.32221728563309,1.0,0.5481311082839966,0.1425424436472801,34
Random contour + WoLF-IMQ,20260901,49.33863985041777,1.0,0.16440820693969727,0.19610661096314116,4
Random contour + WoLF-IMQ,20260902,48.895717933773994,1.0,0.6094885468482971,0.11626881505442889,7
Random contour + WoLF-IMQ,20260903,49.599483260263995,1.0,0.14384277164936066,0.1212325706033478,4
Random contour + WoLF-IMQ,20260904,49.46512171626091,1.0,0.6184239387512207,0.10864491651368476,5
Random contour + WoLF-IMQ,20260905,45.063164507349335,1.0,0.47871899604797363,0.1860507479304747,14
Random contour + WoLF-IMQ,20260906,45.44696011642615,1.0,0.5059934258460999,0.1661297284908194,19
Random contour + WoLF-IMQ,20260907,-42.435883621374764,0.0,18.814889907836914,0.15951794644021075,60
Random contour + WoLF-IMQ,20260908,45.74620549877484,1.0,0.5785554051399231,0.16587088300426878,25
Random contour + WoLF-IMQ,20260909,47.753870444993176,1.0,0.40979841351509094,0.11391174685541859,11
Random contour + WoLF-IMQ,20260910,47.370089784264565,1.0,0.6468239426612854,0.13183392476341965,11
Random contour + WoLF-IMQ,20260911,48.50982133299112,1.0,0.34182313084602356,0.16624052059259964,6
Random contour + WoLF-IMQ,20260912,-96.36094240347545,0.0,40.87065887451172,0.1318076375421725,60
Random contour + WoLF-IMQ,20260913,49.31918055812518,1.0,0.612075924873352,0.1154407814582768,4
Random contour + WoLF-IMQ,20260914,47.42960145572821,1.0,0.4352472424507141,0.1417989277049153,8
Random contour + WoLF-IMQ,20260915,49.12897283832232,1.0,0.28783875703811646,0.14652166048982157,8
Random contour + WoLF-IMQ,20260916,48.538614347577095,1.0,0.588405191898346,0.14741312767154022,7
Random contour + WoLF-IMQ,20260917,43.10462241371473,1.0,0.6238306164741516,0.1488568786651445,24
Random contour + WoLF-IMQ,20260918,48.13611569007237,1.0,0.29532861709594727,0.20827481525724342,6
Random contour + WoLF-IMQ,20260919,-69.61527152856189,0.0,29.803890228271484,0.1528872249811189,60
Random contour + WoLF-IMQ,20260920,49.03472012778123,1.0,0.21859169006347656,0.1854396261248065,6
Random contour + WoLF-IMQ,20260921,-103.00651069482169,0.0,23.016550064086914,0.16223066713193338,60
Random contour + WoLF-IMQ,20260922,48.8491469596823,1.0,0.055869847536087036,0.08775906579557324,6
Random contour + WoLF-IMQ,20260923,43.91351155936718,1.0,0.6451331973075867,0.12943905254436966,14
Random contour + WoLF-IMQ,20260924,48.75939843058586,1.0,0.4598524570465088,0.12067245554987217,6
Random contour + WoLF-IMQ,20260925,49.083128323157624,1.0,0.4655614495277405,0.12219792106041819,5
Random contour + WoLF-IMQ,20260926,48.80336647729079,1.0,0.5818516612052917,0.13793384747364443,5
Random contour + WoLF-IMQ,20260927,49.096278255184494,1.0,0.3855210542678833,0.11342590209756342,7
Random contour + WoLF-IMQ,20260928,-120.46830886602403,0.0,70.80278778076172,0.1420627380877744,60
Random contour + WoLF-IMQ,20260929,45.6122497494022,1.0,0.306750625371933,0.15668564057354373,16
Random contour + WoLF-IMQ,20260930,49.42284814516703,1.0,0.5389983057975769,0.13738943788116686,4
Random contour + WoLF-IMQ,20260931,48.67138214160999,1.0,0.3369457423686981,0.1215396785070862,6
Random contour + WoLF-IMQ,20260932,47.74047462642193,1.0,0.37863844633102417,0.13638650882059572,8
Random contour + WoLF-IMQ,20260933,48.93374561518431,1.0,0.38419660925865173,0.17958889221439586,4
Random contour + WoLF-IMQ,20260934,47.16571062306563,1.0,0.465032160282135,0.14273876640193123,9
Random contour + WoLF-IMQ,20260935,41.96019475658735,1.0,0.45769280195236206,0.16614391893008307,23
Random contour + WoLF-IMQ,20260936,44.24534937739372,1.0,0.5465370416641235,0.13399986345903883,20
Random contour + WoLF-IMQ,20260937,-123.90529485543567,0.0,38.31962203979492,0.13188609144810354,60
Random contour + WoLF-IMQ,20260938,48.56888590504726,1.0,0.2923116385936737,0.23796802587540342,6
Random contour + WoLF-IMQ,20260939,40.809161419669785,1.0,0.6324442028999329,0.16417436254790208,20
Random contour + WoLF-IMQ,20260940,47.45287495354811,1.0,0.535983681678772,0.13398801571077404,23
Random contour + WoLF-IMQ,20260941,46.471021465957165,1.0,0.45609888434410095,0.2164908853343763,16
Random contour + WoLF-IMQ,20260942,46.83499197661877,1.0,0.4615062475204468,0.20654061061291565,10
Random contour + WoLF-IMQ,20260943,45.037331039706864,1.0,0.5789369344711304,0.17465692173034594,21
Random contour + WoLF-IMQ,20260944,48.63312446077665,1.0,0.5333389639854431,0.14103111284884504,9
Random contour + WoLF-IMQ,20260945,47.70687238623699,1.0,0.4302998483181,0.13642194850646613,15
Random contour + WoLF-IMQ,20260946,48.13056372602781,1.0,0.5391494035720825,0.11226869696601297,10
Random contour + WoLF-IMQ,20260947,48.35907268027465,1.0,0.6137288808822632,0.28206450559046975,10
Random contour + WoLF-IMQ,20260948,47.50668858985106,1.0,0.29238641262054443,0.159503249159364,9
Random contour + WoLF-IMQ,20260949,48.40634585916996,1.0,0.5765543580055237,0.1625473902142332,8
Random contour + WoLF-IMQ,20260950,48.803073015064,1.0,0.2001226395368576,0.1322850145978482,7
Random contour + WoLF-IMQ,20260951,49.4999482134978,1.0,0.4644208550453186,0.10292704010406109,5
Random contour + WoLF-IMQ,20260952,48.7712049682935,1.0,0.5689572095870972,0.11637324577383938,7
Random contour + WoLF-IMQ,20260953,48.39551987250646,1.0,0.5923640727996826,0.2008754310290844,7
Random contour + WoLF-IMQ,20260954,47.83952919145425,1.0,0.5144606232643127,0.13744034117444648,7
Random contour + WoLF-IMQ,20260955,47.96544320881367,1.0,0.4492764472961426,0.1431289899712585,15
Random contour + WoLF-IMQ,20260956,48.33589340746403,1.0,0.5629113912582397,0.16162227992220848,9
Random contour + WoLF-IMQ,20260957,43.92622424662113,1.0,0.5363605618476868,0.18488546753232143,22
Random contour + WoLF-IMQ,20260958,48.23462058479587,1.0,0.18615765869617462,0.11650414485791816,12
Random contour + WoLF-IMQ,20260959,-24.317890634139374,0.0,7.348817348480225,0.16124073591561008,60
Random contour + WoLF-IMQ,20260960,48.592518796523414,1.0,0.45119136571884155,0.16923882090352474,7
Random contour + WoLF-IMQ,20260961,48.92376441756884,1.0,0.4990953207015991,0.12260652054684469,5
Random contour + WoLF-IMQ,20260962,46.97074883927902,1.0,0.481343537569046,0.12510956668425674,13
Random contour + WoLF-IMQ,20260963,46.63274644811948,1.0,0.5895678400993347,0.17497848540791922,25
Random contour + WoLF-IMQ,20260964,49.10948280493418,1.0,0.6464710235595703,0.1591293466232901,4
Random contour + WoLF-IMQ,20260965,47.57302955289682,1.0,0.6469457745552063,0.25324081577880164,8
Random contour + WoLF-IMQ,20260966,49.138564087450504,1.0,0.34449538588523865,0.1337385433303727,7
Random contour + WoLF-IMQ,20260967,49.474425218999386,1.0,0.42479726672172546,0.1256843730572182,5
Random contour + WoLF-IMQ,20260968,-72.43820913632712,0.0,37.04203414916992,0.19344562259370787,60
Random contour + WoLF-IMQ,20260969,-125.78630789120992,0.0,40.339210510253906,0.14898625031293786,60
Random contour + WoLF-IMQ,20260970,-36.00267733633518,0.0,0.8752332925796509,0.15594746261349604,60
Random contour + WoLF-IMQ,20260971,45.030643013616405,1.0,0.17235198616981506,0.16613992236264566,17
Random contour + WoLF-IMQ,20260972,47.3719602227211,1.0,0.3951683044433594,0.12497377664465358,8
Random contour + WoLF-IMQ,20260973,43.019663547476135,1.0,0.3473628759384155,0.22194684925326336,18
Random contour + WoLF-IMQ,20260974,47.82091246545315,1.0,0.3881070017814636,0.15916965297374724,8
Random contour + WoLF-IMQ,20260975,46.7021993920207,1.0,0.4993819296360016,0.1592371915906162,12
Random contour + WoLF-IMQ,20260976,-106.07749397555989,0.0,53.95157241821289,0.1912070666823781,60
Random contour + WoLF-IMQ,20260977,49.419376293818154,1.0,0.41734206676483154,0.10442392282621367,7
Random contour + WoLF-IMQ,20260978,48.39541952311993,1.0,0.5067727565765381,0.1276647870572539,7
Random contour + WoLF-IMQ,20260979,45.04248506079118,1.0,0.25089678168296814,0.21236908511576952,27
Random contour + WoLF-IMQ,20260980,-58.839396754900626,0.0,16.691368103027344,0.17968396193204772,60
Random contour + WoLF-IMQ,20260981,49.442539028823376,1.0,0.44794872403144836,0.3880295315067908,6
Random contour + WoLF-IMQ,20260982,-28.971890091896054,0.0,8.073084831237793,0.1724516004627712,60
PGD estimated + WoLF-TMD,20260733,49.7264314169685,1.0,0.31566122174263,0.14278049821105185,3
PGD estimated + WoLF-TMD,20260734,49.095220467696585,1.0,0.1296313852071762,0.08957897087972867,5
PGD estimated + WoLF-TMD,20260735,49.577093094587326,1.0,0.5418025851249695,0.1418387765910308,4
PGD estimated + WoLF-TMD,20260736,-63.84050869941712,0.0,15.152764320373535,0.14115613270738722,60
PGD estimated + WoLF-TMD,20260737,47.56455574929714,1.0,0.5909557938575745,0.11578552547957026,9
PGD estimated + WoLF-TMD,20260738,42.113635947306946,1.0,0.13670706748962402,0.15695158690905503,30
PGD estimated + WoLF-TMD,20260739,45.68666571627061,1.0,0.12346574664115906,0.15692142360680172,20
PGD estimated + WoLF-TMD,20260740,48.01901427656412,1.0,0.37712839245796204,0.09697076356882084,6
PGD estimated + WoLF-TMD,20260741,44.401356875896454,1.0,0.4728545546531677,0.16078967557143062,26
PGD estimated + WoLF-TMD,20260742,47.37322065234184,1.0,0.39671456813812256,0.2248894283763475,8
PGD estimated + WoLF-TMD,20260743,47.37870771686236,1.0,0.618961751461029,0.187603929803496,9
PGD estimated + WoLF-TMD,20260744,42.18499483789007,1.0,0.09247414767742157,0.18921066156237,24
PGD estimated + WoLF-TMD,20260745,47.34002004315456,1.0,0.4900641143321991,0.09265386007302658,9
PGD estimated + WoLF-TMD,20260746,44.52885418136914,1.0,0.17328166961669922,0.1066026574400919,12
PGD estimated + WoLF-TMD,20260747,49.07124650478363,1.0,0.5032061338424683,0.1679560727245651,5
PGD estimated + WoLF-TMD,20260748,49.173474026223026,1.0,0.4041188657283783,0.11379221094654933,4
PGD estimated + WoLF-TMD,20260749,-124.54277465740837,0.0,60.6509895324707,0.14479375057186372,60
PGD estimated + WoLF-TMD,20260750,48.96809313197931,1.0,0.45343172550201416,0.2076627328373828,6
PGD estimated + WoLF-TMD,20260751,48.69211872170369,1.0,0.4898761808872223,0.11257261037063644,7
PGD estimated + WoLF-TMD,20260752,-96.469253351291,0.0,47.13475799560547,0.14573811688103475,60
PGD estimated + WoLF-TMD,20260753,46.6614569251736,1.0,0.3912557065486908,0.16292187037400468,15
PGD estimated + WoLF-TMD,20260754,47.47664056966702,1.0,0.062464624643325806,0.12328493743768375,9
PGD estimated + WoLF-TMD,20260755,47.19132252534231,1.0,0.38892120122909546,0.15606362916218466,11
PGD estimated + WoLF-TMD,20260756,47.94071003546318,1.0,0.41923877596855164,0.14106670390928022,8
PGD estimated + WoLF-TMD,20260757,45.886536717414856,1.0,0.5832623243331909,0.18683722677793527,11
PGD estimated + WoLF-TMD,20260758,49.58618334680796,1.0,0.42948874831199646,0.4453198186268054,4
PGD estimated + WoLF-TMD,20260759,-106.10179877281189,0.0,54.191776275634766,0.1589720284086865,60
PGD estimated + WoLF-TMD,20260760,-45.77368589242299,0.0,3.0574700832366943,0.1438914224684142,60
PGD estimated + WoLF-TMD,20260761,48.56875091791153,1.0,0.3230815529823303,0.1380732272614267,9
PGD estimated + WoLF-TMD,20260762,47.80998858436942,1.0,0.22486887872219086,0.14408015683148445,10
PGD estimated + WoLF-TMD,20260763,-93.66423166791597,0.0,47.12407684326172,0.1539297398128597,60
PGD estimated + WoLF-TMD,20260764,49.14692554871242,1.0,0.5867851972579956,0.12808464752541193,5
PGD estimated + WoLF-TMD,20260765,49.0956259816885,1.0,0.5658849477767944,0.08992139063512476,6
PGD estimated + WoLF-TMD,20260766,45.76042747994264,1.0,0.48792707920074463,0.2349747616994687,17
PGD estimated + WoLF-TMD,20260767,-101.47336149215698,0.0,61.92039489746094,0.139640316675062,60
PGD estimated + WoLF-TMD,20260768,49.51837329566479,1.0,0.4555869698524475,0.0994167904667769,4
PGD estimated + WoLF-TMD,20260769,47.97633072237174,1.0,0.5301900506019592,0.11081401476640412,9
PGD estimated + WoLF-TMD,20260770,-22.178736954927444,0.0,4.430389881134033,0.12890419113277635,60
PGD estimated + WoLF-TMD,20260771,48.61386543015639,1.0,0.6231478452682495,0.2222233661378363,9
PGD estimated + WoLF-TMD,20260772,49.3329440827171,1.0,0.24704763293266296,0.09942263904724132,4
PGD estimated + WoLF-TMD,20260773,47.202495684226356,1.0,0.443845272064209,0.10650237479713774,11
PGD estimated + WoLF-TMD,20260774,49.37850532929103,1.0,0.4022037982940674,0.12076435270900307,4
PGD estimated + WoLF-TMD,20260775,48.12783000866572,1.0,0.5606821775436401,0.1204032280204156,9
PGD estimated + WoLF-TMD,20260776,-76.76140121618904,0.0,31.073339462280273,0.1524458950754024,60
PGD estimated + WoLF-TMD,20260777,-66.40100355943044,0.0,30.019590377807617,0.16600450920569662,60
PGD estimated + WoLF-TMD,20260778,41.50160972774029,1.0,0.6210874915122986,0.1254685062213092,22
PGD estimated + WoLF-TMD,20260779,49.23339561124643,1.0,0.5544145703315735,0.1095919565885602,6
PGD estimated + WoLF-TMD,20260780,47.57113797465961,1.0,0.2720295786857605,0.11282779830646955,13
PGD estimated + WoLF-TMD,20260781,41.65679717063904,1.0,0.6130378246307373,0.1654143834921564,27
PGD estimated + WoLF-TMD,20260782,-60.6137667298317,0.0,36.50812530517578,0.15774269981335023,60
PGD estimated + WoLF-TMD,20260783,-27.781786153713867,0.0,8.183931350708008,0.1860423389455509,60
PGD estimated + WoLF-TMD,20260784,-56.812017480532326,0.0,21.552993774414062,0.13491995269028936,60
PGD estimated + WoLF-TMD,20260785,47.22115843494733,1.0,0.306246817111969,0.14446728229931202,12
PGD estimated + WoLF-TMD,20260786,46.012321814894676,1.0,0.5054136514663696,0.19353602890963445,18
PGD estimated + WoLF-TMD,20260787,48.68024582415819,1.0,0.48710325360298157,0.16498827841985622,9
PGD estimated + WoLF-TMD,20260788,49.87619235614936,1.0,0.3385118842124939,0.49419871979215074,2
PGD estimated + WoLF-TMD,20260789,49.029563469812274,1.0,0.10944309085607529,0.18286513818541011,7
PGD estimated + WoLF-TMD,20260790,49.683527921636895,1.0,0.34731966257095337,0.1703565267224063,3
PGD estimated + WoLF-TMD,20260791,48.91250782708327,1.0,0.6227875351905823,0.16430377707003313,5
PGD estimated + WoLF-TMD,20260792,49.5281352798144,1.0,0.5945717692375183,0.08539559133380817,4
PGD estimated + WoLF-TMD,20260793,47.27277475595474,1.0,0.4255383610725403,0.12727999839352394,12
PGD estimated + WoLF-TMD,20260794,-63.10521093010902,0.0,33.273582458496094,0.14824620435122016,60
PGD estimated + WoLF-TMD,20260795,-59.198318680127464,0.0,27.842266082763672,0.1312448374752982,60
PGD estimated + WoLF-TMD,20260796,48.56709362566471,1.0,0.5378425717353821,0.11538315881306682,5
PGD estimated + WoLF-TMD,20260797,47.00259423504273,1.0,0.41859981417655945,0.12939470621916677,12
PGD estimated + WoLF-TMD,20260798,-111.84200771649678,0.0,42.26102066040039,0.13928658847272643,60
PGD estimated + WoLF-TMD,20260799,-166.81236346562702,0.0,69.35603332519531,0.14074102641143324,60
PGD estimated + WoLF-TMD,20260800,48.909430883824825,1.0,0.1872774064540863,0.17274624472802638,7
PGD estimated + WoLF-TMD,20260801,47.979230384031936,1.0,0.6335192918777466,0.15268118321678914,6
PGD estimated + WoLF-TMD,20260802,-55.249636054038994,0.0,24.57720947265625,0.15992208944054617,60
PGD estimated + WoLF-TMD,20260803,43.9658696303765,1.0,0.6377598643302917,0.1653157931528305,42
PGD estimated + WoLF-TMD,20260804,48.120339592297874,1.0,0.5596150159835815,0.0966185429698087,7
PGD estimated + WoLF-TMD,20260805,-87.23323674996695,0.0,36.796302795410156,0.18149204283719705,60
PGD estimated + WoLF-TMD,20260806,49.44792805363734,1.0,0.4568289816379547,0.1393621960325477,5
PGD estimated + WoLF-TMD,20260807,47.7740981032451,1.0,0.5215286612510681,0.15037998338812067,20
PGD estimated + WoLF-TMD,20260808,43.10865147163471,1.0,0.3840392529964447,0.149085455725861,17
PGD estimated + WoLF-TMD,20260809,47.83210550714284,1.0,0.0312812365591526,0.13321862447109065,15
PGD estimated + WoLF-TMD,20260810,43.12634325027466,1.0,0.6204134225845337,0.13051247373710775,16
PGD estimated + WoLF-TMD,20260811,48.38818015654882,1.0,0.4744834303855896,0.1185701367499972,7
PGD estimated + WoLF-TMD,20260812,49.38363501429558,1.0,0.47753995656967163,0.09776585683457312,5
PGD estimated + WoLF-TMD,20260813,47.98671490699053,1.0,0.2118387520313263,0.11573711248572373,13
PGD estimated + WoLF-TMD,20260814,46.39678763846556,1.0,0.5819002985954285,0.10994099467762507,11
PGD estimated + WoLF-TMD,20260815,49.175883673131466,1.0,0.34747645258903503,0.11856993817509828,5
PGD estimated + WoLF-TMD,20260816,36.239264173433185,1.0,0.08174427598714828,0.13904161750123917,37
PGD estimated + WoLF-TMD,20260817,35.87467277546724,1.0,0.5633044838905334,0.140647306546848,28
PGD estimated + WoLF-TMD,20260818,49.207613895336785,1.0,0.5784945487976074,0.10373347420398543,4
PGD estimated + WoLF-TMD,20260819,47.32475968201955,1.0,0.3813236355781555,0.12343795234243177,11
PGD estimated + WoLF-TMD,20260820,-39.76079442103703,0.0,8.175849914550781,0.13555497420679974,60
PGD estimated + WoLF-TMD,20260821,45.82765526076158,1.0,0.508648693561554,0.14172045829594487,14
PGD estimated + WoLF-TMD,20260822,-33.745482762654625,0.0,4.920068740844727,0.14339586647855695,60
PGD estimated + WoLF-TMD,20260823,48.98644253114859,1.0,0.6299375295639038,0.1184185642034112,7
PGD estimated + WoLF-TMD,20260824,43.48154714206854,1.0,0.45156651735305786,0.19168348575367564,21
PGD estimated + WoLF-TMD,20260825,48.07817916075388,1.0,0.6497921943664551,0.10126212488968078,7
PGD estimated + WoLF-TMD,20260826,44.05366609493891,1.0,0.5776486396789551,0.12001105643862194,21
PGD estimated + WoLF-TMD,20260827,47.34204917152723,1.0,0.5927445888519287,0.09965268675238548,9
PGD estimated + WoLF-TMD,20260828,-49.40398203333219,0.0,1.2795093059539795,0.16201000922202094,60
PGD estimated + WoLF-TMD,20260829,48.892781292398766,1.0,0.3795716166496277,0.10170275875593351,5
PGD estimated + WoLF-TMD,20260830,47.34597404797872,1.0,0.6490745544433594,0.1467982458707579,15
PGD estimated + WoLF-TMD,20260831,43.36973074575265,1.0,0.4657912254333496,0.14050077345458548,21
PGD estimated + WoLF-TMD,20260832,49.14190495759249,1.0,0.3071984350681305,0.18574991824083034,8
PGD estimated + WoLF-TMD,20260833,-52.16555438439051,0.0,30.64052391052246,0.13767759982409092,60
PGD estimated + WoLF-TMD,20260834,49.346098056683935,1.0,0.23981784284114838,0.13014615878051314,5
PGD estimated + WoLF-TMD,20260835,47.5371390680472,1.0,0.5890097618103027,0.10659312992735882,12
PGD estimated + WoLF-TMD,20260836,49.50082706411679,1.0,0.552531361579895,0.09858813887504565,3
PGD estimated + WoLF-TMD,20260837,-71.89896150430044,0.0,25.62974739074707,0.14819773737406933,60
PGD estimated + WoLF-TMD,20260838,48.45427167912324,1.0,0.6247813105583191,0.09364902173391587,7
PGD estimated + WoLF-TMD,20260839,45.054721857110664,1.0,0.3991260528564453,0.15188947436425504,13
PGD estimated + WoLF-TMD,20260840,43.759631703297295,1.0,0.5747040510177612,0.13198043996420133,16
PGD estimated + WoLF-TMD,20260841,45.55615246295929,1.0,0.6388599276542664,0.21080263946114056,16
PGD estimated + WoLF-TMD,20260842,45.6380385607481,1.0,0.6354948878288269,0.15570839161344255,13
PGD estimated + WoLF-TMD,20260843,48.33255573362112,1.0,0.4931463897228241,0.11279750493190543,7
PGD estimated + WoLF-TMD,20260844,34.981560657421745,1.0,0.35898709297180176,0.1558394137833402,40
PGD estimated + WoLF-TMD,20260845,46.79579839731256,1.0,0.2177172750234604,0.14788497815097104,14
PGD estimated + WoLF-TMD,20260846,47.818738055725895,1.0,0.4424164593219757,0.12664201979670786,8
PGD estimated + WoLF-TMD,20260847,47.81555365025997,1.0,0.5259333252906799,0.13039114707303606,9
PGD estimated + WoLF-TMD,20260848,48.52861028412978,1.0,0.416145384311676,0.12170629974495924,9
PGD estimated + WoLF-TMD,20260849,48.41621013482412,1.0,0.6182923913002014,0.11664848642832089,7
PGD estimated + WoLF-TMD,20260850,49.10042521357536,1.0,0.5696423053741455,0.20306912559319318,4
PGD estimated + WoLF-TMD,20260851,43.93296079337597,1.0,0.594659686088562,0.12073327321277069,17
PGD estimated + WoLF-TMD,20260852,47.91353629032771,1.0,0.525992214679718,0.18007388239447236,15
PGD estimated + WoLF-TMD,20260853,48.36282440523306,1.0,0.42268145084381104,0.11956962897173685,18
PGD estimated + WoLF-TMD,20260854,-56.105306824048355,0.0,8.301148414611816,0.14182360499504648,60
PGD estimated + WoLF-TMD,20260855,49.713311195373535,1.0,0.3972429037094116,0.08039574896791635,3
PGD estimated + WoLF-TMD,20260856,46.91618809352319,1.0,0.46607980132102966,0.1461975833372143,10
PGD estimated + WoLF-TMD,20260857,48.50990558167299,1.0,0.30435770750045776,0.1298455603716839,7
PGD estimated + WoLF-TMD,20260858,40.33071167767048,1.0,0.6099633574485779,0.15371112107250462,23
PGD estimated + WoLF-TMD,20260859,48.62286413336794,1.0,0.16956208646297455,0.1031380467857425,6
PGD estimated + WoLF-TMD,20260860,41.06495839109024,1.0,0.42291322350502014,0.1332211324503228,29
PGD estimated + WoLF-TMD,20260861,44.55027770996094,1.0,0.63370281457901,0.14977410465671234,14
PGD estimated + WoLF-TMD,20260862,48.7249980121851,1.0,0.5908153653144836,0.11080794843190345,6
PGD estimated + WoLF-TMD,20260863,49.684424785276256,1.0,0.23200753331184387,0.16497325595448156,3
PGD estimated + WoLF-TMD,20260864,49.66085313012203,1.0,0.47762617468833923,0.10962435510164854,3
PGD estimated + WoLF-TMD,20260865,49.15396995345752,1.0,0.4018726348876953,0.17849698494962699,8
PGD estimated + WoLF-TMD,20260866,-42.96655514836311,0.0,16.340105056762695,0.14495150255872588,60
PGD estimated + WoLF-TMD,20260867,45.80025523869942,1.0,0.024209145456552505,0.16848637637483033,12
PGD estimated + WoLF-TMD,20260868,45.82413856498897,1.0,0.12238641828298569,0.14829349642231054,10
PGD estimated + WoLF-TMD,20260869,46.53141931196054,1.0,0.6299225091934204,0.1423924056608105,22
PGD estimated + WoLF-TMD,20260870,-77.806886891524,0.0,43.75851058959961,0.1597768049271509,60
PGD estimated + WoLF-TMD,20260871,48.055988768736526,1.0,0.44598066806793213,0.14508156148341575,7
PGD estimated + WoLF-TMD,20260872,-122.4591731230418,0.0,42.67839050292969,0.17274238931222147,60
PGD estimated + WoLF-TMD,20260873,-51.99040154616039,0.0,10.67263126373291,0.1469123686539097,60
PGD estimated + WoLF-TMD,20260874,41.15715851883093,1.0,0.5989300012588501,0.14130759024410455,40
PGD estimated + WoLF-TMD,20260875,-150.41620612144476,0.0,62.60129165649414,0.15993665837352294,60
PGD estimated + WoLF-TMD,20260876,33.1714224840204,1.0,0.4051726758480072,0.17128711747990927,56
PGD estimated + WoLF-TMD,20260877,44.725907246271774,1.0,0.6182682514190674,0.09867587398482666,16
PGD estimated + WoLF-TMD,20260878,35.09835731734832,1.0,0.45255354046821594,0.14331950744278668,31
PGD estimated + WoLF-TMD,20260879,-38.72129346430302,0.0,9.894253730773926,0.16831030719578402,60
PGD estimated + WoLF-TMD,20260880,44.985071800649166,1.0,0.40891233086586,0.14892462957018773,17
PGD estimated + WoLF-TMD,20260881,48.872236619393036,1.0,0.38529354333877563,0.13722187407604328,5
PGD estimated + WoLF-TMD,20260882,46.538216034571334,1.0,0.6067218780517578,0.30848487058593943,11
PGD estimated + WoLF-TMD,20260883,45.633142878611885,1.0,0.6003059148788452,0.12191473914972095,17
PGD estimated + WoLF-TMD,20260884,-36.1861974398295,0.0,9.546065330505371,0.13094926510590074,60
PGD estimated + WoLF-TMD,20260885,41.32243838906288,1.0,0.6253490447998047,0.13256412005393575,20
PGD estimated + WoLF-TMD,20260886,48.55112131933371,1.0,0.6312427520751953,0.1242698573440626,11
PGD estimated + WoLF-TMD,20260887,48.534026980400085,1.0,0.2798498272895813,0.08454061214794746,6
PGD estimated + WoLF-TMD,20260888,44.88199262320995,1.0,0.5099958181381226,0.12267298477175495,18
PGD estimated + WoLF-TMD,20260889,42.92748148242632,1.0,0.6468825340270996,0.1462239622531546,27
PGD estimated + WoLF-TMD,20260890,-134.48782003919283,0.0,56.68101119995117,0.14457103675453814,60
PGD estimated + WoLF-TMD,20260891,49.38902993003528,1.0,0.6448417901992798,0.09786723443349847,6
PGD estimated + WoLF-TMD,20260892,49.66736379762491,1.0,0.12574690580368042,0.12697198126045106,5
PGD estimated + WoLF-TMD,20260893,48.952782690525055,1.0,0.5277653932571411,0.0988139455804191,6
PGD estimated + WoLF-TMD,20260894,47.491841266552605,1.0,0.47975945472717285,0.19710667358911022,8
PGD estimated + WoLF-TMD,20260895,-111.15236324071881,0.0,44.09893035888672,0.1445330132720968,60
PGD estimated + WoLF-TMD,20260896,49.406037678321205,1.0,0.5280420184135437,0.18648764507034685,7
PGD estimated + WoLF-TMD,20260897,49.44776913026969,1.0,0.6210432648658752,0.13618032413382514,4
PGD estimated + WoLF-TMD,20260898,32.1731689448158,1.0,0.43532559275627136,0.17378812350477524,50
PGD estimated + WoLF-TMD,20260899,48.47082750995954,1.0,0.5391741991043091,0.08312828717983783,8
PGD estimated + WoLF-TMD,20260900,34.3287380139033,1.0,0.5472157001495361,0.1480794930479325,34
PGD estimated + WoLF-TMD,20260901,49.30104615787665,1.0,0.4410301446914673,0.17056014974990102,4
PGD estimated + WoLF-TMD,20260902,48.904465248187385,1.0,0.5880383849143982,0.13365535709562384,7
PGD estimated + WoLF-TMD,20260903,49.599483260263995,1.0,0.14384277164936066,0.1212325706033478,4
PGD estimated + WoLF-TMD,20260904,49.46512171626091,1.0,0.6184239387512207,0.10864491651368476,5
PGD estimated + WoLF-TMD,20260905,45.06070812046528,1.0,0.6282215714454651,0.12237772185919937,14
PGD estimated + WoLF-TMD,20260906,45.437437906861305,1.0,0.5254650712013245,0.15900737366966702,19
PGD estimated + WoLF-TMD,20260907,-42.46884272495905,0.0,18.840652465820312,0.15348787089833787,60
PGD estimated + WoLF-TMD,20260908,45.856107334295906,1.0,0.6118841171264648,0.1604505402800789,23
PGD estimated + WoLF-TMD,20260909,47.753870444993176,1.0,0.40979841351509094,0.11391174685541859,11
PGD estimated + WoLF-TMD,20260910,47.370089784264565,1.0,0.6468239426612854,0.13183392476341965,11
PGD estimated + WoLF-TMD,20260911,48.51386066029469,1.0,0.35250428318977356,0.13962771369321378,6
PGD estimated + WoLF-TMD,20260912,-96.34573125839235,0.0,40.87167739868164,0.1343134934178747,60
PGD estimated + WoLF-TMD,20260913,49.31918055812518,1.0,0.612075924873352,0.1154407814582768,4
PGD estimated + WoLF-TMD,20260914,47.4329053958257,1.0,0.39559996128082275,0.12083565857318256,8
PGD estimated + WoLF-TMD,20260915,49.14258793989817,1.0,0.28920310735702515,0.13360626706395504,8
PGD estimated + WoLF-TMD,20260916,48.38599884013335,1.0,0.6065438389778137,0.19020885162907086,9
PGD estimated + WoLF-TMD,20260917,43.10680836935838,1.0,0.623629093170166,0.1385702584908225,24
PGD estimated + WoLF-TMD,20260918,48.161626049006976,1.0,0.1067136749625206,0.2525251729544243,6
PGD estimated + WoLF-TMD,20260919,-69.31300369898477,0.0,29.71921157836914,0.1495039143648143,60
PGD estimated + WoLF-TMD,20260920,49.04560034597914,1.0,0.18989019095897675,0.2059912520849082,6
PGD estimated + WoLF-TMD,20260921,-103.00646773974101,0.0,23.022686004638672,0.1529794580063662,60
PGD estimated + WoLF-TMD,20260922,48.8491469596823,1.0,0.055869847536087036,0.08775906579557324,6
PGD estimated + WoLF-TMD,20260923,43.91351155936718,1.0,0.6451331973075867,0.12943905254436966,14
PGD estimated + WoLF-TMD,20260924,48.75939843058586,1.0,0.4598524570465088,0.12067245554987217,6
PGD estimated + WoLF-TMD,20260925,49.083128323157624,1.0,0.4655614495277405,0.12219792106041819,5
PGD estimated + WoLF-TMD,20260926,48.80336647729079,1.0,0.5818516612052917,0.13793384747364443,5
PGD estimated + WoLF-TMD,20260927,49.10350106904904,1.0,0.3806178867816925,0.08696352167076389,7
PGD estimated + WoLF-TMD,20260928,-120.4683333436648,0.0,70.8028564453125,0.13944018768806724,60
PGD estimated + WoLF-TMD,20260929,45.612347193062305,1.0,0.307332843542099,0.15044433994258408,16
PGD estimated + WoLF-TMD,20260930,49.417091220617294,1.0,0.5064829587936401,0.10493447869400771,4
PGD estimated + WoLF-TMD,20260931,48.67138214160999,1.0,0.3369457423686981,0.1215396785070862,6
PGD estimated + WoLF-TMD,20260932,47.72883555789789,1.0,0.488209068775177,0.13173692436996043,8
PGD estimated + WoLF-TMD,20260933,48.93554795533419,1.0,0.37939563393592834,0.18998104852519576,4
PGD estimated + WoLF-TMD,20260934,47.170571116109684,1.0,0.45708325505256653,0.12691362590922295,9
PGD estimated + WoLF-TMD,20260935,42.010756147404514,1.0,0.4639718234539032,0.1567139036146882,23
PGD estimated + WoLF-TMD,20260936,44.24534937739372,1.0,0.5465370416641235,0.13399986345903883,20
PGD estimated + WoLF-TMD,20260937,-123.8813982407252,0.0,38.31315994262695,0.13430603830474366,60
PGD estimated + WoLF-TMD,20260938,48.58793964485327,1.0,0.30618220567703247,0.23725537674897015,6
PGD estimated + WoLF-TMD,20260939,40.818993881344795,1.0,0.5278627276420593,0.13172989998454848,20
PGD estimated + WoLF-TMD,20260940,47.4303273310264,1.0,0.5359849333763123,0.12892706448481556,23
PGD estimated + WoLF-TMD,20260941,46.47202453762293,1.0,0.4543698728084564,0.16032847426811098,16
PGD estimated + WoLF-TMD,20260942,46.82301399856806,1.0,0.481011301279068,0.18228525843129037,10
PGD estimated + WoLF-TMD,20260943,44.77909136315187,1.0,0.5635875463485718,0.15398475982961396,23
PGD estimated + WoLF-TMD,20260944,48.63312446077665,1.0,0.5333389639854431,0.14103111284884504,9
PGD estimated + WoLF-TMD,20260945,47.715917398532234,1.0,0.4279390573501587,0.13476889189153568,15
PGD estimated + WoLF-TMD,20260946,48.13056372602781,1.0,0.5391494035720825,0.11226869696601297,10
PGD estimated + WoLF-TMD,20260947,48.43535645802815,1.0,0.555351972579956,0.15859686929724123,10
PGD estimated + WoLF-TMD,20260948,47.49835704018672,1.0,0.30043527483940125,0.1514545171848294,9
PGD estimated + WoLF-TMD,20260949,48.4621930172046,1.0,0.3489731550216675,0.11095694896052788,8
PGD estimated + WoLF-TMD,20260950,48.803073015064,1.0,0.2001226395368576,0.1322850145978482,7
PGD estimated + WoLF-TMD,20260951,49.4999482134978,1.0,0.4644208550453186,0.10292704010406109,5
PGD estimated + WoLF-TMD,20260952,48.7712049682935,1.0,0.5689572095870972,0.11637324577383938,7
PGD estimated + WoLF-TMD,20260953,48.395049020648,1.0,0.5923337340354919,0.22833163786857172,7
PGD estimated + WoLF-TMD,20260954,47.83786175648372,1.0,0.5191241502761841,0.12200210915992973,7
PGD estimated + WoLF-TMD,20260955,47.93850750476122,1.0,0.4534730017185211,0.1499748790125998,15
PGD estimated + WoLF-TMD,20260956,48.35824803511302,1.0,0.564754068851471,0.1319982783538101,9
PGD estimated + WoLF-TMD,20260957,44.014986142516136,1.0,0.6178818345069885,0.1552085629518206,21
PGD estimated + WoLF-TMD,20260958,48.23462058479587,1.0,0.18615765869617462,0.11650414485791816,12
PGD estimated + WoLF-TMD,20260959,-24.354096641143165,0.0,7.358417510986328,0.1559258650315501,60
PGD estimated + WoLF-TMD,20260960,48.60614503920078,1.0,0.5743961930274963,0.14290226020914545,7
PGD estimated + WoLF-TMD,20260961,48.92376441756884,1.0,0.4990953207015991,0.12260652054684469,5
PGD estimated + WoLF-TMD,20260962,46.996179712315396,1.0,0.4693928062915802,0.12882533887357098,13
PGD estimated + WoLF-TMD,20260963,46.629363407691315,1.0,0.5916883945465088,0.14843596170097637,25
PGD estimated + WoLF-TMD,20260964,49.1167547305425,1.0,0.6426438093185425,0.2000558571680747,4
PGD estimated + WoLF-TMD,20260965,47.211102140446506,1.0,0.3245702087879181,0.13539173250237027,14
PGD estimated + WoLF-TMD,20260966,49.13041881968578,1.0,0.44223859906196594,0.14441426831741047,7
PGD estimated + WoLF-TMD,20260967,49.425122663378716,1.0,0.3062465786933899,0.1310496313367402,6
PGD estimated + WoLF-TMD,20260968,-72.43715902169548,0.0,37.02132797241211,0.15644999841329024,60
PGD estimated + WoLF-TMD,20260969,-125.76796325047809,0.0,40.32273864746094,0.12954107478393634,60
PGD estimated + WoLF-TMD,20260970,-36.00917435685793,0.0,0.8752020597457886,0.14084222627202142,60
PGD estimated + WoLF-TMD,20260971,45.024575006216764,1.0,0.21362315118312836,0.1702557314484172,17
PGD estimated + WoLF-TMD,20260972,47.37529387076695,1.0,0.3554748296737671,0.13727050453562994,8
PGD estimated + WoLF-TMD,20260973,43.02752007544041,1.0,0.34756290912628174,0.18682337607019914,18
PGD estimated + WoLF-TMD,20260974,47.82091246545315,1.0,0.3881070017814636,0.15916965297374724,8
PGD estimated + WoLF-TMD,20260975,46.714432867864765,1.0,0.4912709891796112,0.14491376711045945,12
PGD estimated + WoLF-TMD,20260976,-105.87980539600055,0.0,53.90380096435547,0.1594530606677926,60
PGD estimated + WoLF-TMD,20260977,49.419376293818154,1.0,0.41734206676483154,0.10442392282621367,7
PGD estimated + WoLF-TMD,20260978,48.39541952311993,1.0,0.5067727565765381,0.1276647870572539,7
PGD estimated + WoLF-TMD,20260979,45.41387833903234,1.0,0.4422443211078644,0.18583554119907045,25
PGD estimated + WoLF-TMD,20260980,-58.81765019893646,0.0,16.678659439086914,0.16079151274668121,60
PGD estimated + WoLF-TMD,20260981,49.29280394564072,1.0,0.37778279185295105,0.3130129660652127,6
PGD estimated + WoLF-TMD,20260982,-28.900448997815445,0.0,8.106409072875977,0.15588494805699396,60
Random contour + WoLF-TMD,20260733,49.72643160323302,1.0,0.31566065549850464,0.14278045381473656,3
Random contour + WoLF-TMD,20260734,49.095220467696585,1.0,0.1296313852071762,0.08957897087972867,5
Random contour + WoLF-TMD,20260735,49.577093094587326,1.0,0.5418025851249695,0.1418387765910308,4
Random contour + WoLF-TMD,20260736,-63.840442180633545,0.0,15.152713775634766,0.14862534799632202,60
Random contour + WoLF-TMD,20260737,47.56455574929714,1.0,0.5909557938575745,0.11578552547957026,9
Random contour + WoLF-TMD,20260738,42.11363640924294,1.0,0.13670706748962402,0.15695143495269487,30
Random contour + WoLF-TMD,20260739,45.6864539415886,1.0,0.12350424379110336,0.1653543335144596,20
Random contour + WoLF-TMD,20260740,48.01901429394881,1.0,0.37712758779525757,0.09697040159333253,6
Random contour + WoLF-TMD,20260741,44.40135638664166,1.0,0.4728546440601349,0.16078940188842375,26
Random contour + WoLF-TMD,20260742,47.37031837304433,1.0,0.4322092533111572,0.2494918884526944,8
Random contour + WoLF-TMD,20260743,47.37870791554451,1.0,0.618961751461029,0.1876076912820318,9
Random contour + WoLF-TMD,20260744,42.1779244877398,1.0,0.09245051443576813,0.18493671373126772,24
Random contour + WoLF-TMD,20260745,47.34002004315456,1.0,0.4900641143321991,0.09265386007302658,9
Random contour + WoLF-TMD,20260746,44.52885418136914,1.0,0.17328166961669922,0.1066026574400919,12
Random contour + WoLF-TMD,20260747,49.07124635080496,1.0,0.5032067894935608,0.1679561737035687,5
Random contour + WoLF-TMD,20260748,49.173474026223026,1.0,0.4041188657283783,0.11379221094654933,4
Random contour + WoLF-TMD,20260749,-124.54328821102779,0.0,60.65089416503906,0.15008678776557924,60
Random contour + WoLF-TMD,20260750,48.96809320896864,1.0,0.45343080163002014,0.20766269790414713,6
Random contour + WoLF-TMD,20260751,48.69211872170369,1.0,0.4898761808872223,0.11257261037063644,7
Random contour + WoLF-TMD,20260752,-96.46925394733745,0.0,47.13475799560547,0.14573813697342147,60
Random contour + WoLF-TMD,20260753,46.66145705680052,1.0,0.3912556767463684,0.16292194735954466,15
Random contour + WoLF-TMD,20260754,47.47664060909301,1.0,0.062464747577905655,0.12328500902669097,9
Random contour + WoLF-TMD,20260755,47.19132227450609,1.0,0.3889216482639313,0.15606345326097587,11
Random contour + WoLF-TMD,20260756,47.94071034838756,1.0,0.4192350208759308,0.14106672666593914,8
Random contour + WoLF-TMD,20260757,45.88653708497683,1.0,0.5832570791244507,0.1868373595819702,11
Random contour + WoLF-TMD,20260758,49.529029689729214,1.0,0.4543783366680145,0.35652672760189746,4
Random contour + WoLF-TMD,20260759,-106.10173738002777,0.0,54.19167709350586,0.17473355634153587,60
Random contour + WoLF-TMD,20260760,-45.77508574724197,0.0,3.06913161277771,0.14146857492548096,60
Random contour + WoLF-TMD,20260761,48.568750977516174,1.0,0.3230815529823303,0.13807311367197164,9
Random contour + WoLF-TMD,20260762,47.809988743315145,1.0,0.22486887872219086,0.1440797663165632,10
Random contour + WoLF-TMD,20260763,-93.6642317076524,0.0,47.12407684326172,0.15392989550415398,60
Random contour + WoLF-TMD,20260764,49.14692554871242,1.0,0.5867851972579956,0.12808464752541193,5
Random contour + WoLF-TMD,20260765,49.0956259816885,1.0,0.5658849477767944,0.08992139063512476,6
Random contour + WoLF-TMD,20260766,45.760423359771565,1.0,0.48792847990989685,0.23497416159576778,17
Random contour + WoLF-TMD,20260767,-101.54008793830872,0.0,61.92707061767578,0.15075074697766105,60
Random contour + WoLF-TMD,20260768,49.51837329566479,1.0,0.4555869698524475,0.0994167904667769,4
Random contour + WoLF-TMD,20260769,47.97633072237174,1.0,0.5301900506019592,0.11081401476640412,9
Random contour + WoLF-TMD,20260770,-22.1836157143116,0.0,4.430384635925293,0.12559134503365102,60
Random contour + WoLF-TMD,20260771,48.613865921894714,1.0,0.6231487989425659,0.22222490205058387,9
Random contour + WoLF-TMD,20260772,49.3329440827171,1.0,0.24704763293266296,0.09942263904724132,4
Random contour + WoLF-TMD,20260773,47.20249566435814,1.0,0.443845272064209,0.10650221518840439,11
Random contour + WoLF-TMD,20260774,49.37850532929103,1.0,0.4022037982940674,0.12076435270900307,4
Random contour + WoLF-TMD,20260775,48.127830232183136,1.0,0.5606816411018372,0.12040314871245424,9
Random contour + WoLF-TMD,20260776,-76.76003964742026,0.0,31.07340431213379,0.1521840526901211,60
Random contour + WoLF-TMD,20260777,-66.40128886699677,0.0,30.019750595092773,0.17014394289510873,60
Random contour + WoLF-TMD,20260778,41.501609648267426,1.0,0.6210874915122986,0.125468495961695,22
Random contour + WoLF-TMD,20260779,49.23339561124643,1.0,0.5544145703315735,0.1095919565885602,6
Random contour + WoLF-TMD,20260780,47.57113797465961,1.0,0.2720295786857605,0.11282779830646955,13
Random contour + WoLF-TMD,20260781,41.65701224903266,1.0,0.6130379438400269,0.1608397763479985,27
Random contour + WoLF-TMD,20260782,-60.67322234312693,0.0,36.52677917480469,0.17610652231752535,60
Random contour + WoLF-TMD,20260783,-27.789656057953838,0.0,8.180378913879395,0.18328433177502604,60
Random contour + WoLF-TMD,20260784,-56.81201763947805,0.0,21.552993774414062,0.13491993081933878,60
Random contour + WoLF-TMD,20260785,47.22115850200256,1.0,0.30624666810035706,0.14446718841049735,12
Random contour + WoLF-TMD,20260786,46.01232194900513,1.0,0.5054160356521606,0.19353547598950027,18
Random contour + WoLF-TMD,20260787,48.6802459359169,1.0,0.48710304498672485,0.1649885044853333,9
Random contour + WoLF-TMD,20260788,49.876193568110466,1.0,0.3385182023048401,0.49420839195607924,2
Random contour + WoLF-TMD,20260789,49.029563526933394,1.0,0.109443299472332,0.18286486991785614,7
Random contour + WoLF-TMD,20260790,49.68352731565635,1.0,0.347323477268219,0.17035644518132317,3
Random contour + WoLF-TMD,20260791,48.9125079959631,1.0,0.6227855086326599,0.16430367593703227,5
Random contour + WoLF-TMD,20260792,49.5281352798144,1.0,0.5945717692375183,0.08539559133380817,4
Random contour + WoLF-TMD,20260793,47.27277475595474,1.0,0.4255383610725403,0.12727999839352394,12
Random contour + WoLF-TMD,20260794,-63.103102435668305,0.0,33.27333450317383,0.14971958033092198,60
Random contour + WoLF-TMD,20260795,-59.21811171372732,0.0,27.854318618774414,0.1340961663468145,60
Random contour + WoLF-TMD,20260796,48.567093744874,1.0,0.5378426909446716,0.11538320486245435,5
Random contour + WoLF-TMD,20260797,47.00259377062321,1.0,0.4186013340950012,0.12939465762672817,12
Random contour + WoLF-TMD,20260798,-111.84466395775476,0.0,42.266639709472656,0.1467448786042373,60
Random contour + WoLF-TMD,20260799,-166.79961164792383,0.0,69.35423278808594,0.16933294055514922,60
Random contour + WoLF-TMD,20260800,48.90943095833063,1.0,0.18727633357048035,0.17274568130380502,7
Random contour + WoLF-TMD,20260801,47.9792304734389,1.0,0.6335182189941406,0.15268112219080857,6
Random contour + WoLF-TMD,20260802,-55.24963621298472,0.0,24.57720947265625,0.15992216603001486,60
Random contour + WoLF-TMD,20260803,43.96114729344845,1.0,0.6377598643302917,0.17697099368397048,42
Random contour + WoLF-TMD,20260804,48.120339592297874,1.0,0.5596150159835815,0.0966185429698087,7
Random contour + WoLF-TMD,20260805,-87.22922337055206,0.0,36.79819869995117,0.1819152722911774,60
Random contour + WoLF-TMD,20260806,49.67260712881883,1.0,0.503699004650116,0.7536905333524894,3
Random contour + WoLF-TMD,20260807,47.774097537000976,1.0,0.5215286612510681,0.15038017637474219,20
Random contour + WoLF-TMD,20260808,43.108701484898724,1.0,0.3839086592197418,0.15473529185666113,17
Random contour + WoLF-TMD,20260809,47.83210550714284,1.0,0.0312812365591526,0.13321862447109065,15
Random contour + WoLF-TMD,20260810,43.12634325027466,1.0,0.6204134225845337,0.13051247373710775,16
Random contour + WoLF-TMD,20260811,48.38817962010701,1.0,0.4744853377342224,0.11857058643843121,7
Random contour + WoLF-TMD,20260812,49.38363501429558,1.0,0.47753995656967163,0.09776585683457312,5
Random contour + WoLF-TMD,20260813,47.98688452194134,1.0,0.21182456612586975,0.1259973156947512,13
Random contour + WoLF-TMD,20260814,46.39678763846556,1.0,0.5819002985954285,0.10994099467762507,11
Random contour + WoLF-TMD,20260815,49.175883673131466,1.0,0.34747645258903503,0.11856993817509828,5
Random contour + WoLF-TMD,20260816,36.244780246168375,1.0,0.0859735757112503,0.13953659349386788,37
Random contour + WoLF-TMD,20260817,35.87467253704866,1.0,0.5633044838905334,0.14064855446686222,28
Random contour + WoLF-TMD,20260818,49.207613895336785,1.0,0.5784945487976074,0.10373347420398543,4
Random contour + WoLF-TMD,20260819,47.32475872834524,1.0,0.3813267946243286,0.12343771541730861,11
Random contour + WoLF-TMD,20260820,-39.76749914884567,0.0,8.175984382629395,0.13862723114769537,60
Random contour + WoLF-TMD,20260821,45.82765559852123,1.0,0.5086473226547241,0.14172057192167073,14
Random contour + WoLF-TMD,20260822,-33.74548272291819,0.0,4.920068740844727,0.14339592060583653,60
Random contour + WoLF-TMD,20260823,48.98644231259823,1.0,0.6299367547035217,0.11841882399289479,7
Random contour + WoLF-TMD,20260824,43.468352531393364,1.0,0.45156335830688477,0.22511063486817345,21
Random contour + WoLF-TMD,20260825,48.07817916075388,1.0,0.6497921943664551,0.10126212488968078,7
Random contour + WoLF-TMD,20260826,44.05366609493891,1.0,0.5776486396789551,0.12001105643862194,21
Random contour + WoLF-TMD,20260827,47.3420490672191,1.0,0.5927452445030212,0.09965228552146839,9
Random contour + WoLF-TMD,20260828,-49.40398190915586,0.0,1.2795089483261108,0.16201010823877304,60
Random contour + WoLF-TMD,20260829,48.892781292398766,1.0,0.3795716166496277,0.10170275875593351,5
Random contour + WoLF-TMD,20260830,47.3459748228391,1.0,0.649073600769043,0.1467980232145232,15
Random contour + WoLF-TMD,20260831,43.369730954368904,1.0,0.46579140424728394,0.14050059616610047,21
Random contour + WoLF-TMD,20260832,49.14190490543842,1.0,0.30720019340515137,0.1857498553077429,8
Random contour + WoLF-TMD,20260833,-52.165554583072655,0.0,30.64052391052246,0.13767764100184962,60
Random contour + WoLF-TMD,20260834,49.346098056683935,1.0,0.23981784284114838,0.13014615878051314,5
Random contour + WoLF-TMD,20260835,47.5371390680472,1.0,0.5890097618103027,0.10659312992735882,12
Random contour + WoLF-TMD,20260836,49.50082706411679,1.0,0.552531361579895,0.09858813887504565,3
Random contour + WoLF-TMD,20260837,-71.89894545078278,0.0,25.62984275817871,0.15763060466190326,60
Random contour + WoLF-TMD,20260838,48.45427167912324,1.0,0.6247813105583191,0.09364902173391587,7
Random contour + WoLF-TMD,20260839,45.05472189684709,1.0,0.3991260528564453,0.1518895301301562,13
Random contour + WoLF-TMD,20260840,43.759632195035614,1.0,0.5746987462043762,0.1319804635252093,16
Random contour + WoLF-TMD,20260841,45.55615268647671,1.0,0.6388570666313171,0.21080533278285274,16
Random contour + WoLF-TMD,20260842,45.64003386100133,1.0,0.6389930844306946,0.14928641870424056,13
Random contour + WoLF-TMD,20260843,48.33255573362112,1.0,0.4931463897228241,0.11279750493190543,7
Random contour + WoLF-TMD,20260844,34.98178858061632,1.0,0.3590317368507385,0.15782974114281054,40
Random contour + WoLF-TMD,20260845,46.76333932206035,1.0,0.20578710734844208,0.18475066240667024,14
Random contour + WoLF-TMD,20260846,47.818738055725895,1.0,0.4424164593219757,0.12664201979670786,8
Random contour + WoLF-TMD,20260847,47.81555362045765,1.0,0.5259332060813904,0.13039103233450366,9
Random contour + WoLF-TMD,20260848,48.52860863506794,1.0,0.41614508628845215,0.12170634991963533,9
Random contour + WoLF-TMD,20260849,48.41621013482412,1.0,0.6182923913002014,0.11664848642832089,7
Random contour + WoLF-TMD,20260850,49.100425109267235,1.0,0.5696424841880798,0.20306971558688514,4
Random contour + WoLF-TMD,20260851,43.93296079337597,1.0,0.594659686088562,0.12073327321277069,17
Random contour + WoLF-TMD,20260852,47.913537457585335,1.0,0.5259886384010315,0.18007330836578478,15
Random contour + WoLF-TMD,20260853,48.36282440523306,1.0,0.42268145084381104,0.11956962897173685,18
Random contour + WoLF-TMD,20260854,-56.10530686378479,0.0,8.301148414611816,0.14182358116463334,60
Random contour + WoLF-TMD,20260855,49.713311195373535,1.0,0.3972429037094116,0.08039574896791635,3
Random contour + WoLF-TMD,20260856,46.91618814319372,1.0,0.4660799205303192,0.146198335533728,10
Random contour + WoLF-TMD,20260857,48.60150775810082,1.0,0.5529646277427673,0.10690287070374883,6
Random contour + WoLF-TMD,20260858,40.33071188131968,1.0,0.6099633574485779,0.1537110226758387,23
Random contour + WoLF-TMD,20260859,48.62286413336794,1.0,0.16956208646297455,0.1031380467857425,6
Random contour + WoLF-TMD,20260860,41.064958430826664,1.0,0.42291322350502014,0.13322110899240316,29
Random contour + WoLF-TMD,20260861,44.55027790367603,1.0,0.6337019205093384,0.14977427469181817,14
Random contour + WoLF-TMD,20260862,48.7249980121851,1.0,0.5908153653144836,0.11080794843190345,6
Random contour + WoLF-TMD,20260863,49.684424785276256,1.0,0.23200753331184387,0.16497325595448156,3
Random contour + WoLF-TMD,20260864,49.66085313012203,1.0,0.47762617468833923,0.10962435510164854,3
Random contour + WoLF-TMD,20260865,49.15397037317356,1.0,0.40187039971351624,0.1784968714086438,8
Random contour + WoLF-TMD,20260866,-42.953133930762604,0.0,16.33173942565918,0.15123561635203567,60
Random contour + WoLF-TMD,20260867,45.800625540781766,1.0,0.024622822180390358,0.1928340563958871,12
Random contour + WoLF-TMD,20260868,45.82413841659824,1.0,0.12238772213459015,0.1482937808283383,10
Random contour + WoLF-TMD,20260869,46.53141911327839,1.0,0.6299225091934204,0.1423924775950369,22
Random contour + WoLF-TMD,20260870,-77.80700180927913,0.0,43.758724212646484,0.16459917433139631,60
Random contour + WoLF-TMD,20260871,48.06599739442269,1.0,0.4220190942287445,0.16831706273688152,7
Random contour + WoLF-TMD,20260872,-122.46600651741025,0.0,42.685272216796875,0.1731237638608909,60
Random contour + WoLF-TMD,20260873,-51.990401426951095,0.0,10.67263126373291,0.14691255072183376,60
Random contour + WoLF-TMD,20260874,41.157158171137176,1.0,0.5989304780960083,0.1413077220298075,40
Random contour + WoLF-TMD,20260875,-150.4186180432637,0.0,62.60268020629883,0.16507255026347276,60
Random contour + WoLF-TMD,20260876,33.17143075913191,1.0,0.4051726758480072,0.17128702322136372,56
Random contour + WoLF-TMD,20260877,44.725907246271774,1.0,0.6182682514190674,0.09867587398482666,16
Random contour + WoLF-TMD,20260878,35.098357739547886,1.0,0.4525514543056488,0.1433195246817134,31
Random contour + WoLF-TMD,20260879,-38.72114477058251,0.0,9.89246940612793,0.16942685248090497,60
Random contour + WoLF-TMD,20260880,44.98507179071506,1.0,0.40891245007514954,0.14892433385141568,17
Random contour + WoLF-TMD,20260881,48.87113596498966,1.0,0.3712717890739441,0.18056708166299193,5
Random contour + WoLF-TMD,20260882,46.53821564217409,1.0,0.606736958026886,0.3084820725455095,11
Random contour + WoLF-TMD,20260883,45.63314283887545,1.0,0.6003060936927795,0.1219146635955366,17
Random contour + WoLF-TMD,20260884,-36.18619728088378,0.0,9.546065330505371,0.1309491892602057,60
Random contour + WoLF-TMD,20260885,41.32243830959002,1.0,0.6253490447998047,0.1325642320194811,20
Random contour + WoLF-TMD,20260886,48.55112131933371,1.0,0.6312427520751953,0.1242698573440626,11
Random contour + WoLF-TMD,20260887,48.534026600420475,1.0,0.2798498570919037,0.08454042293548525,6
Random contour + WoLF-TMD,20260888,44.8819926828146,1.0,0.5099958181381226,0.12267290611555041,18
Random contour + WoLF-TMD,20260889,42.92748142282168,1.0,0.6468832492828369,0.14622409962990743,27
Random contour + WoLF-TMD,20260890,-134.4879522025585,0.0,56.6810302734375,0.15221121801185503,60
Random contour + WoLF-TMD,20260891,49.38902993003528,1.0,0.6448417901992798,0.09786723443349847,6
Random contour + WoLF-TMD,20260892,49.66736379762491,1.0,0.12574690580368042,0.12697198126045106,5
Random contour + WoLF-TMD,20260893,48.952782690525055,1.0,0.5277653932571411,0.0988139455804191,6
Random contour + WoLF-TMD,20260894,47.481596790254116,1.0,0.4979759156703949,0.28336684531086376,8
Random contour + WoLF-TMD,20260895,-111.16258170207344,0.0,44.10829162597656,0.1503292914706717,60
Random contour + WoLF-TMD,20260896,49.40603658556938,1.0,0.5280440449714661,0.1864870568431909,7
Random contour + WoLF-TMD,20260897,49.44776868323485,1.0,0.6210455298423767,0.13617998609264453,4
Random contour + WoLF-TMD,20260898,32.16865430275598,1.0,0.4340803623199463,0.17771573557495277,50
Random contour + WoLF-TMD,20260899,48.47082750995954,1.0,0.5391741991043091,0.08312828717983783,8
Random contour + WoLF-TMD,20260900,34.329863314827286,1.0,0.5472535490989685,0.14387873756156072,34
Random contour + WoLF-TMD,20260901,49.301045882205166,1.0,0.4410307705402374,0.17056065914918916,4
Random contour + WoLF-TMD,20260902,48.90446527798971,1.0,0.5880383849143982,0.1336554082498325,7
Random contour + WoLF-TMD,20260903,49.599483260263995,1.0,0.14384277164936066,0.1212325706033478,4
Random contour + WoLF-TMD,20260904,49.46512171626091,1.0,0.6184239387512207,0.10864491651368476,5
Random contour + WoLF-TMD,20260905,45.04989112416903,1.0,0.5984408855438232,0.16951537496734906,14
Random contour + WoLF-TMD,20260906,45.43738791843255,1.0,0.5254634022712708,0.17010980759145097,19
Random contour + WoLF-TMD,20260907,-42.470097362995155,0.0,18.840612411499023,0.15531162133707413,60
Random contour + WoLF-TMD,20260908,45.85610753794511,1.0,0.6118854284286499,0.16045056648884035,23
Random contour + WoLF-TMD,20260909,47.753870444993176,1.0,0.40979841351509094,0.11391174685541859,11
Random contour + WoLF-TMD,20260910,47.370089784264565,1.0,0.6468239426612854,0.13183392476341965,11
Random contour + WoLF-TMD,20260911,48.51260623335838,1.0,0.34898900985717773,0.14863135810330405,6
Random contour + WoLF-TMD,20260912,-96.34573189417523,0.0,40.87167739868164,0.13431347226597212,60
Random contour + WoLF-TMD,20260913,49.31918055812518,1.0,0.612075924873352,0.1154407814582768,4
Random contour + WoLF-TMD,20260914,47.43290538837512,1.0,0.3956000506877899,0.12083567600591896,8
Random contour + WoLF-TMD,20260915,49.142587212224804,1.0,0.289203017950058,0.13360643805429936,8
Random contour + WoLF-TMD,20260916,48.386000499129295,1.0,0.6065367460250854,0.19020986877712753,9
Random contour + WoLF-TMD,20260917,43.10473319391409,1.0,0.6234568357467651,0.1488352528191879,24
Random contour + WoLF-TMD,20260918,48.16162544178466,1.0,0.10671845823526382,0.2525241693579769,6
Random contour + WoLF-TMD,20260919,-69.30855945746104,0.0,29.712400436401367,0.1486516360738398,60
Random contour + WoLF-TMD,20260920,49.04559778918823,1.0,0.18990185856819153,0.20599296908721496,6
Random contour + WoLF-TMD,20260921,-103.00554760297138,0.0,23.01165199279785,0.15504387893263546,60
Random contour + WoLF-TMD,20260922,48.8491469596823,1.0,0.055869847536087036,0.08775906579557324,6
Random contour + WoLF-TMD,20260923,43.91351155936718,1.0,0.6451331973075867,0.12943905254436966,14
Random contour + WoLF-TMD,20260924,48.75939843058586,1.0,0.4598524570465088,0.12067245554987217,6
Random contour + WoLF-TMD,20260925,49.083128323157624,1.0,0.4655614495277405,0.12219792106041819,5
Random contour + WoLF-TMD,20260926,48.80336647729079,1.0,0.5818516612052917,0.13793384747364443,5
Random contour + WoLF-TMD,20260927,49.10350092997154,1.0,0.3806178867816925,0.08696383553912881,7
Random contour + WoLF-TMD,20260928,-120.46832889318465,0.0,70.80282592773438,0.1408965241948862,60
Random contour + WoLF-TMD,20260929,45.61234720796347,1.0,0.307332843542099,0.15044426792343288,16
Random contour + WoLF-TMD,20260930,49.41709148387114,1.0,0.5064833760261536,0.10493452674933412,4
Random contour + WoLF-TMD,20260931,48.67138214160999,1.0,0.3369457423686981,0.1215396785070862,6
Random contour + WoLF-TMD,20260932,47.7288355032603,1.0,0.4882093667984009,0.13173717814097713,8
Random contour + WoLF-TMD,20260933,48.9355479752024,1.0,0.37939539551734924,0.18998096150294244,4
Random contour + WoLF-TMD,20260934,47.170571168263756,1.0,0.4570831060409546,0.12691381800908094,9
Random contour + WoLF-TMD,20260935,42.01075605054696,1.0,0.4639716148376465,0.1567140439374215,23
Random contour + WoLF-TMD,20260936,44.24534937739372,1.0,0.5465370416641235,0.13399986345903883,20
Random contour + WoLF-TMD,20260937,-123.89959832032523,0.0,38.32175827026367,0.13023228840013654,60
Random contour + WoLF-TMD,20260938,48.587938355902835,1.0,0.30618205666542053,0.2372565705970359,6
Random contour + WoLF-TMD,20260939,40.81899384657542,1.0,0.527861475944519,0.1317302778386097,20
Random contour + WoLF-TMD,20260940,47.43032789727052,1.0,0.5359849333763123,0.1289270181815013,23
Random contour + WoLF-TMD,20260941,46.47734409570694,1.0,0.45445215702056885,0.1626766164093764,16
Random contour + WoLF-TMD,20260942,46.82301421960195,1.0,0.48101162910461426,0.1822857978928462,10
Random contour + WoLF-TMD,20260943,44.779107501109436,1.0,0.56357741355896,0.1539847194586978,23
Random contour + WoLF-TMD,20260944,48.63312446077665,1.0,0.5333389639854431,0.14103111284884504,9
Random contour + WoLF-TMD,20260945,47.71591735382875,1.0,0.4279390573501587,0.13476876477850297,15
Random contour + WoLF-TMD,20260946,48.13056372602781,1.0,0.5391494035720825,0.11226869696601297,10
Random contour + WoLF-TMD,20260947,48.39351090292136,1.0,0.5898148417472839,0.233913952558364,10
Random contour + WoLF-TMD,20260948,47.4983575095733,1.0,0.3004342317581177,0.15145451195456405,9
Random contour + WoLF-TMD,20260949,48.38301578164101,1.0,0.5436116456985474,0.1350801977770167,9
Random contour + WoLF-TMD,20260950,48.803073015064,1.0,0.2001226395368576,0.1322850145978482,7
Random contour + WoLF-TMD,20260951,49.4999482134978,1.0,0.4644208550453186,0.10292704010406109,5
Random contour + WoLF-TMD,20260952,48.7712049682935,1.0,0.5689572095870972,0.11637324577383938,7
Random contour + WoLF-TMD,20260953,48.39504898091157,1.0,0.5923337340354919,0.22833124866749205,7
Random contour + WoLF-TMD,20260954,47.83786196013292,1.0,0.5191234946250916,0.1220020309965117,7
Random contour + WoLF-TMD,20260955,47.93850799153249,1.0,0.4534725248813629,0.1499746249229566,15
Random contour + WoLF-TMD,20260956,48.356858203808464,1.0,0.5644804239273071,0.13732112567065805,9
Random contour + WoLF-TMD,20260957,44.014986957112946,1.0,0.6178813576698303,0.1552087996685018,21
Random contour + WoLF-TMD,20260958,48.23462058479587,1.0,0.18615765869617462,0.11650414485791816,12
Random contour + WoLF-TMD,20260959,-24.354097574949268,0.0,7.358417987823486,0.15592595434894427,60
Random contour + WoLF-TMD,20260960,48.60614500939846,1.0,0.5743963122367859,0.14290229670606522,7
Random contour + WoLF-TMD,20260961,48.92376441756884,1.0,0.4990953207015991,0.12260652054684469,5
Random contour + WoLF-TMD,20260962,46.99617936213811,1.0,0.46939271688461304,0.12882525813567056,13
Random contour + WoLF-TMD,20260963,46.6294941008091,1.0,0.591455340385437,0.15401605166302987,25
Random contour + WoLF-TMD,20260964,49.11675463120143,1.0,0.6426441669464111,0.20005521411876823,4
Random contour + WoLF-TMD,20260965,47.216828284164265,1.0,0.3261052668094635,0.19543104031376776,14
Random contour + WoLF-TMD,20260966,49.13041893392801,1.0,0.4422372281551361,0.1444140148794363,7
Random contour + WoLF-TMD,20260967,49.42512303342422,1.0,0.30624720454216003,0.13104919624445227,6
Random contour + WoLF-TMD,20260968,-72.44023525714874,0.0,37.02732467651367,0.17120047992510748,60
Random contour + WoLF-TMD,20260969,-125.76518662770592,0.0,40.32221603393555,0.13992248054892886,60
Random contour + WoLF-TMD,20260970,-36.00968172152838,0.0,0.8751981258392334,0.14494514135142164,60
Random contour + WoLF-TMD,20260971,45.02457517882188,1.0,0.21362245082855225,0.17025534820580907,17
Random contour + WoLF-TMD,20260972,47.37529367208481,1.0,0.3554767370223999,0.13727012235285194,8
Random contour + WoLF-TMD,20260973,43.02878426512083,1.0,0.34746551513671875,0.19221706948863054,18
Random contour + WoLF-TMD,20260974,47.82091246545315,1.0,0.3881070017814636,0.15916965297374724,8
Random contour + WoLF-TMD,20260975,46.714432867864765,1.0,0.4912709891796112,0.14491383260129934,12
Random contour + WoLF-TMD,20260976,-106.0024920801322,0.0,53.93333435058594,0.17272444561985942,60
Random contour + WoLF-TMD,20260977,49.419376293818154,1.0,0.41734206676483154,0.10442392282621367,7
Random contour + WoLF-TMD,20260978,48.39541952311993,1.0,0.5067727565765381,0.1276647870572539,7
Random contour + WoLF-TMD,20260979,45.4138681118687,1.0,0.44227489829063416,0.18583639125921778,25
Random contour + WoLF-TMD,20260980,-58.817191958427436,0.0,16.679473876953125,0.16701957276315998,60
Random contour + WoLF-TMD,20260981,49.292817736665405,1.0,0.3777713179588318,0.3130121445067003,6
Random contour + WoLF-TMD,20260982,-28.902145634094882,0.0,8.106663703918457,0.1577740865590455,60
