method,episode_seed,episode_return,success,final_goal_distance,mean_state_estimation_error,steps
Clean,20260733,49.741366781294346,1.0,0.23304393887519836,0.0,3
Clean,20260734,49.09365644554297,1.0,0.11881095170974731,0.0,5
Clean,20260735,49.56161846220493,1.0,0.5659438371658325,0.0,4
Clean,20260736,-63.70572147766749,0.0,15.103419303894043,0.0,60
Clean,20260737,47.569049805402756,1.0,0.5143114328384399,0.0,9
Clean,20260738,42.76322165628274,1.0,0.4271840453147888,0.0,22
Clean,20260739,45.97208445270856,1.0,0.6288695335388184,0.0,16
Clean,20260740,48.01638994862636,1.0,0.3733024299144745,0.0,6
Clean,20260741,44.383113215367,1.0,0.5935320854187012,0.0,26
Clean,20260742,47.49028986195724,1.0,0.5321189165115356,0.0,8
Clean,20260743,47.445486868421234,1.0,0.5353984236717224,0.0,8
Clean,20260744,42.21696395178636,1.0,0.5716319680213928,0.0,23
Clean,20260745,47.33489755789439,1.0,0.5305620431900024,0.0,9
Clean,20260746,44.52575952063004,1.0,0.20178434252738953,0.0,12
Clean,20260747,48.92770834763844,1.0,0.3548189401626587,0.0,6
Clean,20260748,49.100576773285866,1.0,0.47363144159317017,0.0,5
Clean,20260749,-124.5533790787061,0.0,60.68230438232422,0.0,60
Clean,20260750,48.97963721305132,1.0,0.3602023422718048,0.0,6
Clean,20260751,48.67374483744304,1.0,0.530919075012207,0.0,7
Clean,20260752,49.34829879303773,1.0,0.6490971446037292,0.0,5
Clean,20260753,46.633193937440716,1.0,0.47956886887550354,0.0,15
Clean,20260754,47.47533896937966,1.0,0.09227462112903595,0.0,9
Clean,20260755,47.1896425584952,1.0,0.36576199531555176,0.0,11
Clean,20260756,47.961558078726135,1.0,0.1476459503173828,0.0,8
Clean,20260757,45.88536921640237,1.0,0.5947475433349609,0.0,11
Clean,20260758,49.31320337951183,1.0,0.48331815004348755,0.0,6
Clean,20260759,-105.24938879410425,0.0,54.071781158447266,0.0,60
Clean,20260760,-45.3224065899849,0.0,3.124997615814209,0.0,60
Clean,20260761,48.58472103873889,1.0,0.6246885657310486,0.0,8
Clean,20260762,47.82379579295714,1.0,0.4805050194263458,0.0,9
Clean,20260763,-92.55789389709633,0.0,46.87080001831055,0.0,60
Clean,20260764,49.16185634831587,1.0,0.3303039073944092,0.0,5
Clean,20260765,49.06179779519637,1.0,0.4379033148288727,0.0,6
Clean,20260766,45.71799077590306,1.0,0.603699266910553,0.0,17
Clean,20260767,-101.67910293738046,0.0,61.929969787597656,0.0,60
Clean,20260768,49.51602075497309,1.0,0.5089004039764404,0.0,4
Clean,20260769,48.01909017314513,1.0,0.3947426378726959,0.0,9
Clean,20260770,-22.213681444525722,0.0,4.396397590637207,0.0,60
Clean,20260771,48.63418694337209,1.0,0.6078328490257263,0.0,9
Clean,20260772,49.31027700006962,1.0,0.5356544256210327,0.0,4
Clean,20260773,47.19614961743355,1.0,0.525601863861084,0.0,11
Clean,20260774,49.3854077582558,1.0,0.37864038348197937,0.0,4
Clean,20260775,48.072432753940426,1.0,0.3120124638080597,0.0,10
Clean,20260776,-76.7240055799484,0.0,31.07640266418457,0.0,60
Clean,20260777,-66.39155602455138,0.0,29.99635887145996,0.0,60
Clean,20260778,41.502318377296135,1.0,0.5824784636497498,0.0,22
Clean,20260779,49.2463164627552,1.0,0.4577412009239197,0.0,6
Clean,20260780,47.67730689545473,1.0,0.6110110878944397,0.0,11
Clean,20260781,42.4004746923844,1.0,0.3641699552536011,0.0,20
Clean,20260782,-60.39928819735845,0.0,36.441829681396484,0.0,60
Clean,20260783,48.89071960747242,1.0,0.6222919225692749,0.0,7
Clean,20260784,-56.805168430010475,0.0,21.557249069213867,0.0,60
Clean,20260785,47.20960669219494,1.0,0.4147374629974365,0.0,12
Clean,20260786,45.92227819561958,1.0,0.5880612134933472,0.0,20
Clean,20260787,48.70290266970793,1.0,0.6141722798347473,0.0,8
Clean,20260788,49.871843387683235,1.0,0.5193965435028076,0.0,2
Clean,20260789,49.02175564318895,1.0,0.20373228192329407,0.0,7
Clean,20260790,49.63278180360794,1.0,0.6490664482116699,0.0,3
Clean,20260791,48.920017053683594,1.0,0.5916515588760376,0.0,5
Clean,20260792,49.41601254045963,1.0,0.0892249345779419,0.0,6
Clean,20260793,47.2649528036515,1.0,0.4097926616668701,0.0,12
Clean,20260794,-63.097591996192946,0.0,33.28281021118164,0.0,60
Clean,20260795,-58.981851935386665,0.0,27.713918685913086,0.0,60
Clean,20260796,48.55460243920485,1.0,0.5913814902305603,0.0,5
Clean,20260797,47.0272027477622,1.0,0.317218154668808,0.0,12
Clean,20260798,-111.84296313921611,0.0,42.23039627075195,0.0,60
Clean,20260799,-166.73405814170843,0.0,69.32329559326172,0.0,60
Clean,20260800,48.91322984049718,1.0,0.3468429148197174,0.0,7
Clean,20260801,47.97932830452919,1.0,0.6146765947341919,0.0,6
Clean,20260802,-54.750044206778206,0.0,24.376300811767578,0.0,60
Clean,20260803,44.87285363177459,1.0,0.6168332695960999,0.0,33
Clean,20260804,48.115958179036774,1.0,0.5952891707420349,0.0,7
Clean,20260805,-87.1931172211965,0.0,36.77254104614258,0.0,60
Clean,20260806,49.46623886873325,1.0,0.4357331097126007,0.0,5
Clean,20260807,48.039548928538956,1.0,0.39219456911087036,0.0,19
Clean,20260808,43.13259843736887,1.0,0.3242618143558502,0.0,17
Clean,20260809,47.763395423690476,1.0,0.5373172760009766,0.0,14
Clean,20260810,43.11876965562503,1.0,0.5788072347640991,0.0,16
Clean,20260811,48.47871248920759,1.0,0.5517183542251587,0.0,6
Clean,20260812,49.274578896661595,1.0,0.22496327757835388,0.0,6
Clean,20260813,47.99257592856884,1.0,0.18360251188278198,0.0,13
Clean,20260814,46.40094734728336,1.0,0.5764093995094299,0.0,11
Clean,20260815,49.172721515099205,1.0,0.3129752278327942,0.0,5
Clean,20260816,36.275921418642,1.0,0.08385062962770462,0.0,37
Clean,20260817,35.8810505370299,1.0,0.45003175735473633,0.0,28
Clean,20260818,49.14581428964933,1.0,0.6453085541725159,0.0,5
Clean,20260819,47.36744801700115,1.0,0.5218832492828369,0.0,10
Clean,20260820,-39.761720021565765,0.0,8.170029640197754,0.0,60
Clean,20260821,45.7229673465093,1.0,0.6210623979568481,0.0,15
Clean,20260822,-33.71564277013144,0.0,4.916316032409668,0.0,60
Clean,20260823,49.165151601036385,1.0,0.6422317624092102,0.0,5
Clean,20260824,43.50294574598471,1.0,0.37056559324264526,0.0,21
Clean,20260825,48.0790971716245,1.0,0.6402943134307861,0.0,7
Clean,20260826,44.06087765097618,1.0,0.5589858293533325,0.0,21
Clean,20260827,47.33541845778625,1.0,0.6117796301841736,0.0,9
Clean,20260828,-49.37414437035721,0.0,1.2455968856811523,0.0,60
Clean,20260829,48.88382896284262,1.0,0.21006959676742554,0.0,5
Clean,20260830,47.56042176981767,1.0,0.5955433249473572,0.0,13
Clean,20260831,43.35972932477792,1.0,0.4892645478248596,0.0,21
Clean,20260832,49.18873752653599,1.0,0.6432071924209595,0.0,6
Clean,20260833,-52.17133376995722,0.0,30.660751342773438,0.0,60
Clean,20260834,49.31406387935082,1.0,0.4072803556919098,0.0,5
Clean,20260835,47.47331768025955,1.0,0.494768887758255,0.0,12
Clean,20260836,49.5035975103577,1.0,0.48373040556907654,0.0,3
Clean,20260837,-71.77167530854541,0.0,25.556222915649414,0.0,60
Clean,20260838,48.45216884215673,1.0,0.6285768747329712,0.0,7
Clean,20260839,45.08655805637439,1.0,0.41868212819099426,0.0,13
Clean,20260840,43.777324755986534,1.0,0.367556095123291,0.0,16
Clean,20260841,45.700245919326946,1.0,0.26752230525016785,0.0,15
Clean,20260842,45.655821427702904,1.0,0.3385079503059387,0.0,13
Clean,20260843,48.1193180034558,1.0,0.38461118936538696,0.0,10
Clean,20260844,35.16825473556915,1.0,0.27021315693855286,0.0,40
Clean,20260845,46.87526289125284,1.0,0.5407320261001587,0.0,12
Clean,20260846,47.79311080028613,1.0,0.39514854550361633,0.0,8
Clean,20260847,47.82242791354656,1.0,0.47671908140182495,0.0,9
Clean,20260848,48.628954907258354,1.0,0.44332873821258545,0.0,8
Clean,20260849,48.394801373283066,1.0,0.635662317276001,0.0,7
Clean,20260850,49.07745422422886,1.0,0.6489107012748718,0.0,4
Clean,20260851,43.87457349896431,1.0,0.5769189596176147,0.0,18
Clean,20260852,48.08077163994312,1.0,0.6119271516799927,0.0,13
Clean,20260853,48.53574714064598,1.0,0.5352923274040222,0.0,15
Clean,20260854,-56.09992953141529,0.0,8.292561531066895,0.0,60
Clean,20260855,49.70657573888699,1.0,0.2940954267978668,0.0,3
Clean,20260856,46.91885386159023,1.0,0.45006832480430603,0.0,10
Clean,20260857,48.65345149487257,1.0,0.4370783269405365,0.0,6
Clean,20260858,40.347453474998474,1.0,0.5225539207458496,0.0,23
Clean,20260859,48.613142562409244,1.0,0.24710074067115784,0.0,6
Clean,20260860,41.03378481169542,1.0,0.6291775703430176,0.0,29
Clean,20260861,44.54980467756589,1.0,0.5506681203842163,0.0,14
Clean,20260862,48.64247515797615,1.0,0.5746213793754578,0.0,7
Clean,20260863,49.68320673331618,1.0,0.21849016845226288,0.0,3
Clean,20260864,49.59846813728412,1.0,0.358271986246109,0.0,4
Clean,20260865,49.2430914764603,1.0,0.40007635951042175,0.0,7
Clean,20260866,-42.9463477730751,0.0,16.33049774169922,0.0,60
Clean,20260867,45.77061446507772,1.0,0.43815648555755615,0.0,12
Clean,20260868,45.83046857267618,1.0,0.06094136834144592,0.0,10
Clean,20260869,46.98962836960952,1.0,0.6398822069168091,0.0,16
Clean,20260870,-78.00577940543494,0.0,43.834781646728516,0.0,60
Clean,20260871,48.07878289620081,1.0,0.4890645742416382,0.0,7
Clean,20260872,-122.41561098893484,0.0,42.66441345214844,0.0,60
Clean,20260873,-51.97736899058024,0.0,10.673890113830566,0.0,60
Clean,20260874,41.20875094582637,1.0,0.4550504982471466,0.0,40
Clean,20260875,-148.81442515055338,0.0,62.22636795043945,0.0,60
Clean,20260876,33.89577508469422,1.0,0.2848484516143799,0.0,56
Clean,20260877,44.68440842628479,1.0,0.4135898947715759,0.0,17
Clean,20260878,35.179115528861686,1.0,0.5086764693260193,0.0,30
Clean,20260879,-38.66439832746982,0.0,9.883005142211914,0.0,60
Clean,20260880,44.99751213565469,1.0,0.23929698765277863,0.0,17
Clean,20260881,48.87905589491129,1.0,0.2872146666049957,0.0,5
Clean,20260882,46.52672856549422,1.0,0.6495797634124756,0.0,11
Clean,20260883,45.61524584889412,1.0,0.550463855266571,0.0,17
Clean,20260884,-36.028935154279075,0.0,9.495737075805664,0.0,60
Clean,20260885,41.33143802732229,1.0,0.49938198924064636,0.0,20
Clean,20260886,48.500002731879555,1.0,0.427884042263031,0.0,12
Clean,20260887,48.512522158523396,1.0,0.3426993787288666,0.0,6
Clean,20260888,44.875013972322144,1.0,0.5579785108566284,0.0,18
Clean,20260889,42.90096676473816,1.0,0.16378669440746307,0.0,28
Clean,20260890,-134.68619706233343,0.0,56.71745300292969,0.0,60
Clean,20260891,49.59454675515493,1.0,0.6293468475341797,0.0,3
Clean,20260892,49.62043915192287,1.0,0.4499228000640869,0.0,5
Clean,20260893,48.93200277288755,1.0,0.5650501847267151,0.0,6
Clean,20260894,47.440107253690556,1.0,0.28745266795158386,0.0,9
Clean,20260895,-111.13828446467718,0.0,44.092159271240234,0.0,60
Clean,20260896,49.19122868900497,1.0,0.2041015475988388,0.0,9
Clean,20260897,49.3674824933211,1.0,0.5245674848556519,0.0,5
Clean,20260898,32.53216538329919,1.0,0.6178064942359924,0.0,49
Clean,20260899,48.48290794591109,1.0,0.5155890583992004,0.0,8
Clean,20260900,33.90532537549734,1.0,0.40736547112464905,0.0,40
Clean,20260901,49.1674575060606,1.0,0.5131517052650452,0.0,6
Clean,20260902,48.63593506316344,1.0,0.4492063522338867,0.0,11
Clean,20260903,49.61463242769241,1.0,0.5911505818367004,0.0,3
Clean,20260904,49.47447277108828,1.0,0.5359077453613281,0.0,5
Clean,20260905,45.059114192922905,1.0,0.6323930621147156,0.0,14
Clean,20260906,45.52576003472011,1.0,0.5557109117507935,0.0,19
Clean,20260907,-42.62010588248571,0.0,18.96723175048828,0.0,60
Clean,20260908,46.33676009128491,1.0,0.2255643904209137,0.0,18
Clean,20260909,47.75362515449524,1.0,0.3885115385055542,0.0,11
Clean,20260910,47.46967778106531,1.0,0.5391139984130859,0.0,11
Clean,20260911,48.47283919652303,1.0,0.3391970992088318,0.0,6
Clean,20260912,-96.41797530651093,0.0,40.86493682861328,0.0,60
Clean,20260913,49.322152465581894,1.0,0.588153064250946,0.0,4
Clean,20260914,47.43170464535554,1.0,0.3729022145271301,0.0,8
Clean,20260915,49.23957196623087,1.0,0.4331083595752716,0.0,6
Clean,20260916,48.54687438905239,1.0,0.602985680103302,0.0,7
Clean,20260917,43.11084963877995,1.0,0.610683262348175,0.0,24
Clean,20260918,48.10058052341144,1.0,0.586949348449707,0.0,6
Clean,20260919,-69.32269263267517,0.0,29.695398330688477,0.0,60
Clean,20260920,49.07357646524906,1.0,0.5449356436729431,0.0,5
Clean,20260921,-102.99617958068849,0.0,23.029258728027344,0.0,60
Clean,20260922,48.838777783326805,1.0,0.06241657957434654,0.0,6
Clean,20260923,43.91460220515728,1.0,0.5516815781593323,0.0,14
Clean,20260924,48.80877970655759,1.0,0.5838377475738525,0.0,5
Clean,20260925,48.92702431976795,1.0,0.6086642146110535,0.0,5
Clean,20260926,48.73835241297881,1.0,0.5600898861885071,0.0,6
Clean,20260927,49.09959924221039,1.0,0.3872799277305603,0.0,7
Clean,20260928,-120.39018313090007,0.0,70.76158142089844,0.0,60
Clean,20260929,45.69053184489409,1.0,0.2852216958999634,0.0,16
Clean,20260930,49.42531582464775,1.0,0.48623523116111755,0.0,4
Clean,20260931,48.6344964231054,1.0,0.29452750086784363,0.0,6
Clean,20260932,47.74056520561377,1.0,0.4781206250190735,0.0,8
Clean,20260933,48.92701706041892,1.0,0.47285500168800354,0.0,4
Clean,20260934,47.18510728826126,1.0,0.31600990891456604,0.0,9
Clean,20260935,42.076789612571396,1.0,0.559386670589447,0.0,22
Clean,20260936,44.24742720027765,1.0,0.5925814509391785,0.0,20
Clean,20260937,-123.91988768180211,0.0,38.34230041503906,0.0,60
Clean,20260938,48.58136368667086,1.0,0.22876395285129547,0.0,6
Clean,20260939,40.72973204652468,1.0,0.5708472728729248,0.0,21
Clean,20260940,47.793977508942284,1.0,0.5677493214607239,0.0,20
Clean,20260941,46.62042461832364,1.0,0.5772716999053955,0.0,14
Clean,20260942,46.80298156042893,1.0,0.5069634914398193,0.0,10
Clean,20260943,45.017128924528755,1.0,0.5826430916786194,0.0,21
Clean,20260944,48.60356679558754,1.0,0.4790378212928772,0.0,9
Clean,20260945,47.69266698757807,1.0,0.487093448638916,0.0,15
Clean,20260946,48.136788402994476,1.0,0.47116392850875854,0.0,10
Clean,20260947,48.50509708623091,1.0,0.6329360604286194,0.0,9
Clean,20260948,47.534004320700966,1.0,0.31647759675979614,0.0,9
Clean,20260949,48.65686752895514,1.0,0.5704416632652283,0.0,5
Clean,20260950,48.78362797945738,1.0,0.26632437109947205,0.0,7
Clean,20260951,49.40342789515853,1.0,0.21986930072307587,0.0,7
Clean,20260952,48.794500524799034,1.0,0.5490647554397583,0.0,7
Clean,20260953,48.30357684195042,1.0,0.5657389760017395,0.0,8
Clean,20260954,47.85140373309453,1.0,0.588969349861145,0.0,7
Clean,20260955,47.94324211279552,1.0,0.49536585807800293,0.0,15
Clean,20260956,48.3590140218536,1.0,0.25171080231666565,0.0,9
Clean,20260957,43.99774226297935,1.0,0.44011393189430237,0.0,22
Clean,20260958,48.331598644455276,1.0,0.4473955035209656,0.0,11
Clean,20260959,-24.372827221949898,0.0,7.3912882804870605,0.0,60
Clean,20260960,48.61996828764677,1.0,0.3627847135066986,0.0,7
Clean,20260961,48.91673924525579,1.0,0.5316413640975952,0.0,5
Clean,20260962,47.01246621708075,1.0,0.4989549517631531,0.0,12
Clean,20260963,46.585942685604095,1.0,0.6248064041137695,0.0,25
Clean,20260964,49.016212306916714,1.0,0.22426822781562805,0.0,6
Clean,20260965,47.59527688473463,1.0,0.43060752749443054,0.0,8
Clean,20260966,49.11982902387778,1.0,0.4125339984893799,0.0,7
Clean,20260967,49.51395135869583,1.0,0.41653868556022644,0.0,5
Clean,20260968,-72.42302074035008,0.0,36.9981803894043,0.0,60
Clean,20260969,-125.70768853028615,0.0,40.33976364135742,0.0,60
Clean,20260970,-35.94193247457345,0.0,0.8083847165107727,0.0,60
Clean,20260971,45.01339998592933,1.0,0.3266741931438446,0.0,17
Clean,20260972,47.36643496652444,1.0,0.4370066523551941,0.0,8
Clean,20260973,43.03047802795966,1.0,0.3276911675930023,0.0,18
Clean,20260974,47.88129781186581,1.0,0.3893205523490906,0.0,8
Clean,20260975,46.72516129910946,1.0,0.27568668127059937,0.0,12
Clean,20260976,-105.71142784754434,0.0,53.84688186645508,0.0,60
Clean,20260977,49.44165498266618,1.0,0.39736732840538025,0.0,7
Clean,20260978,48.38367016116778,1.0,0.5738890171051025,0.0,7
Clean,20260979,45.88879485428333,1.0,0.6122139096260071,0.0,21
Clean,20260980,-58.80289129416149,0.0,16.674333572387695,0.0,60
Clean,20260981,49.432371877133846,1.0,0.4557936489582062,0.0,6
Clean,20260982,-28.576667249202732,0.0,7.994954586029053,0.0,60
Noisy + KF,20260733,49.73612197240194,1.0,0.2818310856819153,0.1013620435995584,3
Noisy + KF,20260734,49.095220467696585,1.0,0.1296313852071762,0.08957897087972867,5
Noisy + KF,20260735,49.577093094587326,1.0,0.5418025851249695,0.1418387765910308,4
Noisy + KF,20260736,-63.84784895181656,0.0,15.15512466430664,0.12837261954553336,60
Noisy + KF,20260737,47.56455574929714,1.0,0.5909557938575745,0.11578552547957026,9
Noisy + KF,20260738,42.137078151106834,1.0,0.12662512063980103,0.13921061489744424,30
Noisy + KF,20260739,45.745403836791716,1.0,0.10523419827222824,0.12063434494809107,20
Noisy + KF,20260740,48.01729313780864,1.0,0.3776831328868866,0.085187948689527,6
Noisy + KF,20260741,44.38749818752209,1.0,0.4756760895252228,0.11792273067186723,26
Noisy + KF,20260742,47.479039683938026,1.0,0.6479968428611755,0.10720540480877266,8
Noisy + KF,20260743,47.36512032647928,1.0,0.6209689378738403,0.10289252982106833,9
Noisy + KF,20260744,42.2117260992527,1.0,0.6165717840194702,0.1440540896327705,23
Noisy + KF,20260745,47.34002004315456,1.0,0.4900641143321991,0.09265386007302658,9
Noisy + KF,20260746,44.52885418136914,1.0,0.17328166961669922,0.1066026574400919,12
Noisy + KF,20260747,49.04285759230455,1.0,0.5469987988471985,0.1264582815005192,5
Noisy + KF,20260748,49.173474026223026,1.0,0.4041188657283783,0.11379221094654933,4
Noisy + KF,20260749,-124.53858504692711,0.0,60.644683837890625,0.13143077012368976,60
Noisy + KF,20260750,48.97025013218324,1.0,0.42754772305488586,0.15675644272137865,6
Noisy + KF,20260751,48.69211872170369,1.0,0.4898761808872223,0.11257261037063644,7
Noisy + KF,20260752,-96.47448751330374,0.0,47.1336669921875,0.1279626032458848,60
Noisy + KF,20260753,46.654508190850414,1.0,0.39306965470314026,0.13681060455356517,15
Noisy + KF,20260754,47.47737414948642,1.0,0.0656643733382225,0.09689943923893718,9
Noisy + KF,20260755,47.18439464767774,1.0,0.39977002143859863,0.11830826731071475,11
Noisy + KF,20260756,47.95026761790117,1.0,0.3045477867126465,0.12124970653802228,8
Noisy + KF,20260757,45.85806957632303,1.0,0.2506510317325592,0.11947549822967786,12
Noisy + KF,20260758,49.48237556219101,1.0,0.558150053024292,0.1606630815356513,4
Noisy + KF,20260759,-106.00386230150859,0.0,54.17780303955078,0.1376830434729581,60
Noisy + KF,20260760,-45.76044183969498,0.0,3.031978130340576,0.13079368304953176,60
Noisy + KF,20260761,48.568688782552876,1.0,0.3228065073490143,0.12501204047501766,9
Noisy + KF,20260762,47.81009295458595,1.0,0.22476591169834137,0.1278069534261435,10
Noisy + KF,20260763,-93.66489943861963,0.0,47.129844665527344,0.13767874782873274,60
Noisy + KF,20260764,49.14692554871242,1.0,0.5867851972579956,0.12808464752541193,5
Noisy + KF,20260765,49.0956259816885,1.0,0.5658849477767944,0.08992139063512476,6
Noisy + KF,20260766,45.73737460623185,1.0,0.4867067039012909,0.11038009342645722,17
Noisy + KF,20260767,-101.49953782558441,0.0,61.919551849365234,0.12001096428634682,60
Noisy + KF,20260768,49.51837329566479,1.0,0.4555869698524475,0.0994167904667769,4
Noisy + KF,20260769,47.97633072237174,1.0,0.5301900506019592,0.11081401476640412,9
Noisy + KF,20260770,-22.21001963814099,0.0,4.430826663970947,0.11769806842903377,60
Noisy + KF,20260771,48.60221342742443,1.0,0.6482239961624146,0.11955336592589588,9
Noisy + KF,20260772,49.3329440827171,1.0,0.24704763293266296,0.09942263904724132,4
Noisy + KF,20260773,47.199927158653736,1.0,0.44811514019966125,0.09956892133641332,11
Noisy + KF,20260774,49.37850532929103,1.0,0.4022037982940674,0.12076435270900307,4
Noisy + KF,20260775,48.11358931163947,1.0,0.6142014861106873,0.10204840146474925,9
Noisy + KF,20260776,-76.73457324504852,0.0,31.073116302490234,0.11906556306785314,60
Noisy + KF,20260777,-66.40309751033784,0.0,30.020282745361328,0.12159939217210071,60
Noisy + KF,20260778,41.501315499345466,1.0,0.6211202144622803,0.11799360927388597,22
Noisy + KF,20260779,49.23339561124643,1.0,0.5544145703315735,0.1095919565885602,6
Noisy + KF,20260780,47.57113797465961,1.0,0.2720295786857605,0.11282779830646955,13
Noisy + KF,20260781,42.04718304177125,1.0,0.6340950131416321,0.12098543749088173,25
Noisy + KF,20260782,-60.64749517043432,0.0,36.51872634887695,0.13372395917035043,60
Noisy + KF,20260783,48.87012357016405,1.0,0.5057535767555237,0.1317527886330549,7
Noisy + KF,20260784,-56.81566238403321,0.0,21.553016662597656,0.12479711984140232,60
Noisy + KF,20260785,47.22094614803791,1.0,0.3060799837112427,0.12635356831696884,12
Noisy + KF,20260786,45.89154833058516,1.0,0.5519430041313171,0.14029435659596717,20
Noisy + KF,20260787,48.6799436484774,1.0,0.4940679371356964,0.1319620968955101,9
Noisy + KF,20260788,49.876549604038395,1.0,0.47670719027519226,0.13040329761620867,2
Noisy + KF,20260789,49.027731327960886,1.0,0.12980319559574127,0.12206757734697395,7
Noisy + KF,20260790,49.660988810161754,1.0,0.4903659522533417,0.11857187692807675,3
Noisy + KF,20260791,48.91646175086498,1.0,0.5753404498100281,0.11062528066619222,5
Noisy + KF,20260792,49.5281352798144,1.0,0.5945717692375183,0.08539559133380817,4
Noisy + KF,20260793,47.27277475595474,1.0,0.4255383610725403,0.12727999839352394,12
Noisy + KF,20260794,-63.11764357487362,0.0,33.27174758911133,0.12749126131774238,60
Noisy + KF,20260795,-59.18985215822856,0.0,27.83843231201172,0.12061332621015533,60
Noisy + KF,20260796,48.56827991704146,1.0,0.539955198764801,0.09491345783835631,5
Noisy + KF,20260797,47.01441381623347,1.0,0.34977468848228455,0.10097279937627694,12
Noisy + KF,20260798,-111.8333231806755,0.0,42.2508659362793,0.12610570731981827,60
Noisy + KF,20260799,-166.79293115933737,0.0,69.35358428955078,0.12893409390385915,60
Noisy + KF,20260800,48.90597809726993,1.0,0.169993594288826,0.15238060743489043,7
Noisy + KF,20260801,47.980295181274414,1.0,0.6191850900650024,0.12866901239755066,6
Noisy + KF,20260802,-55.2615207831065,0.0,24.565427780151367,0.13030682243992678,60
Noisy + KF,20260803,43.97246332466602,1.0,0.6401691436767578,0.1254985617369282,42
Noisy + KF,20260804,48.120339592297874,1.0,0.5596150159835815,0.0966185429698087,7
Noisy + KF,20260805,-87.25180669625603,0.0,36.8017578125,0.13339745113556903,60
Noisy + KF,20260806,49.45959040770928,1.0,0.43938562273979187,0.09050958627684229,5
Noisy + KF,20260807,47.82866258919239,1.0,0.5215286016464233,0.1315136700058574,20
Noisy + KF,20260808,43.1129863957564,1.0,0.38580095767974854,0.11683536070379308,17
Noisy + KF,20260809,47.83210550714284,1.0,0.0312812365591526,0.13321862447109065,15
Noisy + KF,20260810,43.12634325027466,1.0,0.6204134225845337,0.13051247373710775,16
Noisy + KF,20260811,48.42179816712935,1.0,0.36436375975608826,0.10547915497448344,7
Noisy + KF,20260812,49.38363501429558,1.0,0.47753995656967163,0.09776585683457312,5
Noisy + KF,20260813,47.996916392197214,1.0,0.20559246838092804,0.10876332845877514,13
Noisy + KF,20260814,46.39678763846556,1.0,0.5819002985954285,0.10994099467762507,11
Noisy + KF,20260815,49.175883673131466,1.0,0.34747645258903503,0.11856993817509828,5
Noisy + KF,20260816,36.25604813235502,1.0,0.056726761162281036,0.1166455299553254,37
Noisy + KF,20260817,35.87657957772414,1.0,0.5632945895195007,0.11201185264374544,28
Noisy + KF,20260818,49.207613895336785,1.0,0.5784945487976074,0.10373347420398543,4
Noisy + KF,20260819,47.33225113898516,1.0,0.3661046326160431,0.09480322398451504,11
Noisy + KF,20260820,-39.77966739734014,0.0,8.175829887390137,0.11205093788768189,60
Noisy + KF,20260821,45.805384005109474,1.0,0.6250309944152832,0.1245200898343763,14
Noisy + KF,20260822,-33.72066841522853,0.0,4.919775485992432,0.1218121175184517,60
Noisy + KF,20260823,49.00888853768508,1.0,0.6276037693023682,0.0988711023714245,7
Noisy + KF,20260824,43.496870363752045,1.0,0.4491034150123596,0.14641586225492897,21
Noisy + KF,20260825,48.07817916075388,1.0,0.6497921943664551,0.10126212488968078,7
Noisy + KF,20260826,44.05366609493891,1.0,0.5776486396789551,0.12001105643862194,21
Noisy + KF,20260827,47.337226102749504,1.0,0.6222095489501953,0.09165946435885079,9
Noisy + KF,20260828,-49.42020872732003,0.0,1.2832355499267578,0.13255055124310153,60
Noisy + KF,20260829,48.892781292398766,1.0,0.3795716166496277,0.10170275875593351,5
Noisy + KF,20260830,47.38470370570818,1.0,0.6219236254692078,0.13557696114325582,15
Noisy + KF,20260831,43.36540328959624,1.0,0.473197340965271,0.12373652530661931,21
Noisy + KF,20260832,49.184790186583996,1.0,0.4568033516407013,0.14259261723665256,7
Noisy + KF,20260833,-52.163521786530815,0.0,30.640382766723633,0.1310055621208687,60
Noisy + KF,20260834,49.346098056683935,1.0,0.23981784284114838,0.13014615878051314,5
Noisy + KF,20260835,47.5371390680472,1.0,0.5890097618103027,0.10659312992735882,12
Noisy + KF,20260836,49.50082706411679,1.0,0.552531361579895,0.09858813887504565,3
Noisy + KF,20260837,-71.90045448144278,0.0,25.629518508911133,0.13343442592137736,60
Noisy + KF,20260838,48.45427167912324,1.0,0.6247813105583191,0.09364902173391587,7
Noisy + KF,20260839,45.07472714533409,1.0,0.398629754781723,0.124334224946565,13
Noisy + KF,20260840,43.76182252665361,1.0,0.5094736218452454,0.11245671214575981,16
Noisy + KF,20260841,45.67508285244306,1.0,0.33854931592941284,0.13049302351683376,15
Noisy + KF,20260842,45.6400403380394,1.0,0.6387431025505066,0.1417477990290253,13
Noisy + KF,20260843,48.33255573362112,1.0,0.4931463897228241,0.11279750493190543,7
Noisy + KF,20260844,35.01660743852456,1.0,0.3598185181617737,0.13369340296792723,40
Noisy + KF,20260845,46.786273719122015,1.0,0.21420656144618988,0.12716929508999616,14
Noisy + KF,20260846,47.818738055725895,1.0,0.4424164593219757,0.12664201979670786,8
Noisy + KF,20260847,47.81490170955658,1.0,0.5361642837524414,0.0973937490699306,9
Noisy + KF,20260848,48.5472002401948,1.0,0.4163619577884674,0.10721908351610517,9
Noisy + KF,20260849,48.41621013482412,1.0,0.6182923913002014,0.11664848642832089,7
Noisy + KF,20260850,49.06354291985432,1.0,0.21312633156776428,0.11663696430537858,5
Noisy + KF,20260851,43.93296079337597,1.0,0.594659686088562,0.12073327321277069,17
Noisy + KF,20260852,47.93067271014054,1.0,0.5472012758255005,0.1451949817087449,15
Noisy + KF,20260853,48.36282440523306,1.0,0.42268145084381104,0.11956962897173685,18
Noisy + KF,20260854,-56.09982518355052,0.0,8.298002243041992,0.1270577322990751,60
Noisy + KF,20260855,49.713311195373535,1.0,0.3972429037094116,0.08039574896791635,3
Noisy + KF,20260856,46.911904364824295,1.0,0.47394120693206787,0.10958579304257354,10
Noisy + KF,20260857,48.61881046990553,1.0,0.51505047082901,0.09536377057263219,6
Noisy + KF,20260858,40.34260389705499,1.0,0.597856342792511,0.1274785211526299,23
Noisy + KF,20260859,48.62286413336794,1.0,0.16956208646297455,0.1031380467857425,6
Noisy + KF,20260860,41.06572985152404,1.0,0.4229317307472229,0.12531590876269408,29
Noisy + KF,20260861,44.55272719760736,1.0,0.636006772518158,0.13143496142234776,14
Noisy + KF,20260862,48.7249980121851,1.0,0.5908153653144836,0.11080794843190345,6
Noisy + KF,20260863,49.684424785276256,1.0,0.23200753331184387,0.16497325595448156,3
Noisy + KF,20260864,49.66085313012203,1.0,0.47762617468833923,0.10962435510164854,3
Noisy + KF,20260865,49.20245635509491,1.0,0.5784665942192078,0.12930158155689478,7
Noisy + KF,20260866,-42.96046444773674,0.0,16.34003257751465,0.13180641221890374,60
Noisy + KF,20260867,45.78357440481583,1.0,0.27967891097068787,0.12026583415696457,12
Noisy + KF,20260868,45.83049119450152,1.0,0.07690537720918655,0.1148296309807165,10
Noisy + KF,20260869,46.59095764160156,1.0,0.6280837655067444,0.13172884379113414,22
Noisy + KF,20260870,-77.79277914762498,0.0,43.75928497314453,0.12025393358218017,60
Noisy + KF,20260871,48.062635819117226,1.0,0.4302065372467041,0.11260262774549758,7
Noisy + KF,20260872,-122.45336763064067,0.0,42.680416107177734,0.14027136031568427,60
Noisy + KF,20260873,-51.98341155052186,0.0,10.672613143920898,0.11482266335686545,60
Noisy + KF,20260874,41.17474499593179,1.0,0.4978530704975128,0.13420430599777902,40
Noisy + KF,20260875,-148.8773238658905,0.0,62.2347526550293,0.1217541758270291,60
Noisy + KF,20260876,33.75858165323734,1.0,0.5689155459403992,0.1362702904849454,55
Noisy + KF,20260877,44.725907246271774,1.0,0.6182682514190674,0.09867587398482666,16
Noisy + KF,20260878,35.16624557475249,1.0,0.562982976436615,0.12942108854862397,30
Noisy + KF,20260879,-38.72450559834639,0.0,9.894942283630371,0.1267077842034113,60
Noisy + KF,20260880,44.97526658823093,1.0,0.4265179932117462,0.11365535879865926,17
Noisy + KF,20260881,48.874671948452786,1.0,0.3793043792247772,0.11676289367599912,5
Noisy + KF,20260882,45.81498511135578,1.0,0.6071553230285645,0.11677039436478925,18
Noisy + KF,20260883,45.630474934975304,1.0,0.6008520722389221,0.11918836211685097,17
Noisy + KF,20260884,-36.15487855672837,0.0,9.533370018005371,0.12079762909578709,60
Noisy + KF,20260885,41.32859007517497,1.0,0.6188504695892334,0.11413134161270064,20
Noisy + KF,20260886,48.55112131933371,1.0,0.6312427520751953,0.1242698573440626,11
Noisy + KF,20260887,48.530795238912106,1.0,0.2726515233516693,0.0725549435124161,6
Noisy + KF,20260888,44.884695241848625,1.0,0.5100022554397583,0.11102890102682257,18
Noisy + KF,20260889,42.903575566907726,1.0,0.2765394151210785,0.1250213963624931,28
Noisy + KF,20260890,-134.3382583955924,0.0,56.62654113769531,0.13197554726424626,60
Noisy + KF,20260891,49.38902993003528,1.0,0.6448417901992798,0.09786723443349847,6
Noisy + KF,20260892,49.66736379762491,1.0,0.12574690580368042,0.12697198126045106,5
Noisy + KF,20260893,48.952782690525055,1.0,0.5277653932571411,0.0988139455804191,6
Noisy + KF,20260894,47.48137462635835,1.0,0.5258737206459045,0.13365425894973587,8
Noisy + KF,20260895,-111.16739251216254,0.0,44.11167526245117,0.13639620695256766,60
Noisy + KF,20260896,49.20956278343995,1.0,0.436826229095459,0.1361921536177018,9
Noisy + KF,20260897,49.40137664228678,1.0,0.387797087430954,0.1092905469389251,5
Noisy + KF,20260898,32.40180735786756,1.0,0.2777971625328064,0.13219861659418522,50
Noisy + KF,20260899,48.47082750995954,1.0,0.5391741991043091,0.08312828717983783,8
Noisy + KF,20260900,34.33363325893879,1.0,0.5461687445640564,0.11476156364306601,34
Noisy + KF,20260901,49.307963994642094,1.0,0.4685312807559967,0.10994578441938442,4
Noisy + KF,20260902,48.89986187716325,1.0,0.5873380303382874,0.09980776163612826,7
Noisy + KF,20260903,49.599483260263995,1.0,0.14384277164936066,0.1212325706033478,4
Noisy + KF,20260904,49.46512171626091,1.0,0.6184239387512207,0.10864491651368476,5
Noisy + KF,20260905,45.065777728954956,1.0,0.5780256390571594,0.10559317051729998,14
Noisy + KF,20260906,45.50411868095398,1.0,0.5622225403785706,0.1252326006206729,19
Noisy + KF,20260907,-42.51602462927501,0.0,18.87247085571289,0.11800246944879615,60
Noisy + KF,20260908,46.30807536840439,1.0,0.6343191862106323,0.12493039486360955,18
Noisy + KF,20260909,47.753870444993176,1.0,0.40979841351509094,0.11391174685541859,11
Noisy + KF,20260910,47.370089784264565,1.0,0.6468239426612854,0.13183392476341965,11
Noisy + KF,20260911,48.51315602411826,1.0,0.3488076627254486,0.13492500625409978,6
Noisy + KF,20260912,-96.37939723332723,0.0,40.873653411865234,0.12227146008576191,60
Noisy + KF,20260913,49.31918055812518,1.0,0.612075924873352,0.1154407814582768,4
Noisy + KF,20260914,47.43483782062928,1.0,0.3724108636379242,0.10542181304695905,8
Noisy + KF,20260915,49.24884227911631,1.0,0.43137311935424805,0.11479368630499487,6
Noisy + KF,20260916,48.53422804673513,1.0,0.6410408020019531,0.113976326063661,7
Noisy + KF,20260917,43.10684771835804,1.0,0.623647928237915,0.11505481578989867,24
Noisy + KF,20260918,48.12179766347011,1.0,0.4110085666179657,0.15386267081630015,6
Noisy + KF,20260919,-69.18396226565042,0.0,29.671245574951172,0.13173616854641915,60
Noisy + KF,20260920,49.07611892620722,1.0,0.5136311054229736,0.1009092374736956,5
Noisy + KF,20260921,-103.00486640135446,0.0,23.023225784301758,0.13407697224078555,60
Noisy + KF,20260922,48.8491469596823,1.0,0.055869847536087036,0.08775906579557324,6
Noisy + KF,20260923,43.91351155936718,1.0,0.6451331973075867,0.12943905254436966,14
Noisy + KF,20260924,48.75939843058586,1.0,0.4598524570465088,0.12067245554987217,6
Noisy + KF,20260925,49.083128323157624,1.0,0.4655614495277405,0.12219792106041819,5
Noisy + KF,20260926,48.80336647729079,1.0,0.5818516612052917,0.13793384747364443,5
Noisy + KF,20260927,49.10458568483591,1.0,0.37975433468818665,0.07531900632269163,7
Noisy + KF,20260928,-120.46846367915472,0.0,70.8029556274414,0.13199713583321024,60
Noisy + KF,20260929,45.612381110588714,1.0,0.30849671363830566,0.11864285032702532,16
Noisy + KF,20260930,49.415542816122375,1.0,0.5157573223114014,0.08585204772744706,4
Noisy + KF,20260931,48.67138214160999,1.0,0.3369457423686981,0.1215396785070862,6
Noisy + KF,20260932,47.73892553895712,1.0,0.3965781629085541,0.1086517317685547,8
Noisy + KF,20260933,48.93573812395334,1.0,0.37781527638435364,0.14191644364683698,4
Noisy + KF,20260934,47.16045189648867,1.0,0.4954027235507965,0.11706229548940679,9
Noisy + KF,20260935,42.003338833649956,1.0,0.4641086459159851,0.14384872915759558,23
Noisy + KF,20260936,44.24534937739372,1.0,0.5465370416641235,0.13399986345903883,20
Noisy + KF,20260937,-123.9092444976171,0.0,38.32391357421875,0.12243441913902646,60
Noisy + KF,20260938,48.5882816662391,1.0,0.31402844190597534,0.10558758884375047,6
Noisy + KF,20260939,40.751848784585796,1.0,0.4954199492931366,0.10148816466262371,21
Noisy + KF,20260940,47.42766645550728,1.0,0.5359823703765869,0.12744425676699128,23
Noisy + KF,20260941,46.61027204493681,1.0,0.6340411901473999,0.10226168808219756,14
Noisy + KF,20260942,46.81018827110529,1.0,0.4969572126865387,0.12403395494422917,10
Noisy + KF,20260943,44.95539052784443,1.0,0.6418622136116028,0.12001257910434913,21
Noisy + KF,20260944,48.63312446077665,1.0,0.5333389639854431,0.14103111284884504,9
Noisy + KF,20260945,47.71540548404058,1.0,0.4256216883659363,0.12601876609359258,15
Noisy + KF,20260946,48.13056372602781,1.0,0.5391494035720825,0.11226869696601297,10
Noisy + KF,20260947,48.45208241045475,1.0,0.5287805795669556,0.1176681630771449,10
Noisy + KF,20260948,47.52317390218377,1.0,0.2328823357820511,0.13651740374207877,9
Noisy + KF,20260949,48.469344218571976,1.0,0.5276211500167847,0.09525186790831655,8
Noisy + KF,20260950,48.803073015064,1.0,0.2001226395368576,0.1322850145978482,7
Noisy + KF,20260951,49.4999482134978,1.0,0.4644208550453186,0.10292704010406109,5
Noisy + KF,20260952,48.7712049682935,1.0,0.5689572095870972,0.11637324577383938,7
Noisy + KF,20260953,48.395752012729645,1.0,0.5893906354904175,0.1678441161012522,7
Noisy + KF,20260954,47.825240636865296,1.0,0.5627099871635437,0.11335448189344065,7
Noisy + KF,20260955,47.96070799231529,1.0,0.4460155963897705,0.12515568791303774,15
Noisy + KF,20260956,48.34910228848457,1.0,0.5606451034545898,0.11087308397886346,9
Noisy + KF,20260957,44.033845057090126,1.0,0.5989419221878052,0.11920787660377881,21
Noisy + KF,20260958,48.23462058479587,1.0,0.18615765869617462,0.11650414485791816,12
Noisy + KF,20260959,-24.383854637543358,0.0,7.356235027313232,0.1279023746228217,60
Noisy + KF,20260960,48.61050054927667,1.0,0.4898662567138672,0.10656825892316908,7
Noisy + KF,20260961,48.92376441756884,1.0,0.4990953207015991,0.12260652054684469,5
Noisy + KF,20260962,46.99185811976592,1.0,0.4671645760536194,0.11839710316076373,13
Noisy + KF,20260963,46.618394235769905,1.0,0.5989129543304443,0.12284839937741875,25
Noisy + KF,20260964,49.1135928183794,1.0,0.6076386570930481,0.11857739836771788,4
Noisy + KF,20260965,47.19893438120683,1.0,0.5180759429931641,0.11806728471765436,14
Noisy + KF,20260966,49.139100186526775,1.0,0.33806219696998596,0.11263716300096471,7
Noisy + KF,20260967,49.462816233436264,1.0,0.5641050934791565,0.10843955434276739,5
Noisy + KF,20260968,-72.44830093781152,0.0,37.009368896484375,0.12396738460330121,60
Noisy + KF,20260969,-125.76718489329022,0.0,40.32536315917969,0.12198291018080273,60
Noisy + KF,20260970,-36.0072611073653,0.0,0.8752234578132629,0.11594288113998386,60
Noisy + KF,20260971,45.03644413252671,1.0,0.22661149501800537,0.12461358338592353,17
Noisy + KF,20260972,47.37822060286999,1.0,0.3471307158470154,0.11361987607396898,8
Noisy + KF,20260973,43.03115716328224,1.0,0.3475203216075897,0.1190288081809351,18
Noisy + KF,20260974,47.82091246545315,1.0,0.3881070017814636,0.15916965297374724,8
Noisy + KF,20260975,46.71777008970579,1.0,0.4870021939277649,0.13615463005462405,12
Noisy + KF,20260976,-105.87130148212115,0.0,53.90086364746094,0.13361034139980826,60
Noisy + KF,20260977,49.419376293818154,1.0,0.41734206676483154,0.10442392282621367,7
Noisy + KF,20260978,48.39541952311993,1.0,0.5067727565765381,0.1276647870572539,7
Noisy + KF,20260979,45.71875361353159,1.0,0.42764756083488464,0.1177806709077658,23
Noisy + KF,20260980,-58.82142643133799,0.0,16.68056297302246,0.14466437523601444,60
Noisy + KF,20260981,49.44646494835615,1.0,0.34896519780158997,0.13473344368380974,6
Noisy + KF,20260982,-28.70730437835057,0.0,8.03281021118164,0.12387015505858769,60
"PGD estimated, no defense",20260733,49.51569471011559,1.0,0.44248124957084656,0.2951427606539721,4
"PGD estimated, no defense",20260734,49.095220467696585,1.0,0.1296313852071762,0.08957897087972867,5
"PGD estimated, no defense",20260735,49.577093094587326,1.0,0.5418025851249695,0.1418387765910308,4
"PGD estimated, no defense",20260736,-63.899669071038566,0.0,15.165487289428711,0.14644447514963144,60
"PGD estimated, no defense",20260737,47.56455574929714,1.0,0.5909557938575745,0.11578552547957026,9
"PGD estimated, no defense",20260738,41.93826978405317,1.0,0.15487301349639893,0.19934269480798716,30
"PGD estimated, no defense",20260739,45.52843394627174,1.0,0.2782967984676361,0.198524865118147,20
"PGD estimated, no defense",20260740,47.98496299485365,1.0,0.6408903002738953,0.236499742910614,6
"PGD estimated, no defense",20260741,44.567557724813625,1.0,0.42680636048316956,0.15894668778645593,24
"PGD estimated, no defense",20260742,46.815025287369885,1.0,0.26675423979759216,0.5934787265765694,10
"PGD estimated, no defense",20260743,47.28242434064548,1.0,0.631610631942749,0.16515411943215633,9
"PGD estimated, no defense",20260744,41.80315801501274,1.0,0.3855523467063904,0.24570162304080306,26
"PGD estimated, no defense",20260745,47.34002004315456,1.0,0.4900641143321991,0.09265386007302658,9
"PGD estimated, no defense",20260746,44.52885418136914,1.0,0.17328166961669922,0.1066026574400919,12
"PGD estimated, no defense",20260747,49.11467549204826,1.0,0.372689425945282,0.25659655551866145,5
"PGD estimated, no defense",20260748,49.173474026223026,1.0,0.4041188657283783,0.11379221094654933,4
"PGD estimated, no defense",20260749,-124.57293071349461,0.0,60.64962387084961,0.14294425050021167,60
"PGD estimated, no defense",20260750,47.30747749408086,1.0,0.5219972729682922,0.28458436944417115,22
"PGD estimated, no defense",20260751,48.69211872170369,1.0,0.4898761808872223,0.11257261037063644,7
"PGD estimated, no defense",20260752,-97.16389432052772,0.0,47.29933547973633,0.15279236411878702,60
"PGD estimated, no defense",20260753,46.63306840757529,1.0,0.392646849155426,0.17454596233834324,15
"PGD estimated, no defense",20260754,47.416488410284124,1.0,0.1968662589788437,0.17279962408079558,9
"PGD estimated, no defense",20260755,47.201451644301414,1.0,0.27548331022262573,0.2249384485010742,11
"PGD estimated, no defense",20260756,-103.8338628957669,0.0,53.082088470458984,0.18016875511160832,60
"PGD estimated, no defense",20260757,45.44185045361519,1.0,0.35569173097610474,0.27486105437958064,15
"PGD estimated, no defense",20260758,49.58618334680796,1.0,0.42948874831199646,0.4453198186268054,4
"PGD estimated, no defense",20260759,-105.66660092274348,0.0,54.13302230834961,0.15884635621696203,60
"PGD estimated, no defense",20260760,-45.9344903031985,0.0,3.532932996749878,0.15828528696789373,60
"PGD estimated, no defense",20260761,48.50363554805517,1.0,0.37931206822395325,0.19857143411222705,9
"PGD estimated, no defense",20260762,47.72949620087942,1.0,0.2263392210006714,0.21497823597731056,10
"PGD estimated, no defense",20260763,-93.66035323341687,0.0,47.1231803894043,0.14769414769205608,60
"PGD estimated, no defense",20260764,49.14692554871242,1.0,0.5867851972579956,0.12808464752541193,5
"PGD estimated, no defense",20260765,49.0956259816885,1.0,0.5658849477767944,0.08992139063512476,6
"PGD estimated, no defense",20260766,43.82459595799446,1.0,0.3863765597343445,0.3904959845926316,23
"PGD estimated, no defense",20260767,-101.55532797177632,0.0,61.91466522216797,0.13235371672263455,60
"PGD estimated, no defense",20260768,49.51837329566479,1.0,0.4555869698524475,0.0994167904667769,4
"PGD estimated, no defense",20260769,47.97633072237174,1.0,0.5301900506019592,0.11081401476640412,9
"PGD estimated, no defense",20260770,-22.044585078954697,0.0,4.43348503112793,0.13237051967915542,60
"PGD estimated, no defense",20260771,48.83903135359287,1.0,0.540503203868866,0.4236485581833692,5
"PGD estimated, no defense",20260772,49.3329440827171,1.0,0.24704763293266296,0.09942263904724132,4
"PGD estimated, no defense",20260773,47.22368099043767,1.0,0.3965732157230377,0.15084759592874433,11
"PGD estimated, no defense",20260774,49.37850532929103,1.0,0.4022037982940674,0.12076435270900307,4
"PGD estimated, no defense",20260775,48.04888164997101,1.0,0.384870707988739,0.1651178691445179,10
"PGD estimated, no defense",20260776,-76.69830330212912,0.0,31.084758758544922,0.16912140136787965,60
"PGD estimated, no defense",20260777,-66.40047709147134,0.0,30.019697189331055,0.12341913432950749,60
"PGD estimated, no defense",20260778,41.50261710087459,1.0,0.6210545301437378,0.12255048053752807,22
"PGD estimated, no defense",20260779,49.23339561124643,1.0,0.5544145703315735,0.1095919565885602,6
"PGD estimated, no defense",20260780,47.57113797465961,1.0,0.2720295786857605,0.11282779830646955,13
"PGD estimated, no defense",20260781,40.147034754355744,1.0,0.6180258989334106,0.2208972539648242,37
"PGD estimated, no defense",20260782,-60.615787267684944,0.0,36.51028060913086,0.13984937758684254,60
"PGD estimated, no defense",20260783,-32.61939948797226,0.0,8.797771453857422,0.22055311806168523,60
"PGD estimated, no defense",20260784,-56.78419971466065,0.0,21.553043365478516,0.16447018642626202,60
"PGD estimated, no defense",20260785,47.17670299112797,1.0,0.2212737798690796,0.19125353725101332,12
"PGD estimated, no defense",20260786,-94.64525691668193,0.0,53.236183166503906,0.22361895833386966,60
"PGD estimated, no defense",20260787,48.6621622244517,1.0,0.5112054347991943,0.155091635629419,9
"PGD estimated, no defense",20260788,49.6375446865956,1.0,0.5575765371322632,0.44353033741990433,4
"PGD estimated, no defense",20260789,48.96539312352736,1.0,0.29057636857032776,0.3404743000839647,7
"PGD estimated, no defense",20260790,41.998854696750634,1.0,0.6048026084899902,0.2588221619270516,37
"PGD estimated, no defense",20260791,48.48623315989971,1.0,0.5159972310066223,0.21739418584180456,10
"PGD estimated, no defense",20260792,49.5281352798144,1.0,0.5945717692375183,0.08539559133380817,4
"PGD estimated, no defense",20260793,47.27277475595474,1.0,0.4255383610725403,0.12727999839352394,12
"PGD estimated, no defense",20260794,-63.0322562555472,0.0,33.26982879638672,0.16685394764109523,60
"PGD estimated, no defense",20260795,-59.29516021410624,0.0,27.869781494140625,0.13151869870714428,60
"PGD estimated, no defense",20260796,48.542001878221825,1.0,0.5583025813102722,0.20913396469093035,5
"PGD estimated, no defense",20260797,47.10230634609858,1.0,0.537142276763916,0.19361722627382125,11
"PGD estimated, no defense",20260798,-111.82510666052501,0.0,42.23454666137695,0.1685715202284717,60
"PGD estimated, no defense",20260799,-166.73211153348288,0.0,69.33858489990234,0.1436039335253788,60
"PGD estimated, no defense",20260800,48.815379453202084,1.0,0.49501094222068787,0.2684432856244588,7
"PGD estimated, no defense",20260801,46.21938821673393,1.0,0.36132943630218506,0.2817931069748236,20
"PGD estimated, no defense",20260802,-55.338160355885826,0.0,24.59771728515625,0.16020516216725075,60
"PGD estimated, no defense",20260803,43.13613853355249,1.0,0.6259724497795105,0.24900651783645228,45
"PGD estimated, no defense",20260804,48.120339592297874,1.0,0.5596150159835815,0.0966185429698087,7
"PGD estimated, no defense",20260805,-87.2904215256373,0.0,36.78887939453125,0.16564184195599976,60
"PGD estimated, no defense",20260806,49.66399586697419,1.0,0.5495213866233826,0.3215236635659577,3
"PGD estimated, no defense",20260807,47.82477819919586,1.0,0.5215286612510681,0.15153534601854443,20
"PGD estimated, no defense",20260808,43.07094133645296,1.0,0.38922861218452454,0.22315232787733486,17
"PGD estimated, no defense",20260809,47.83210550714284,1.0,0.0312812365591526,0.13321862447109065,15
"PGD estimated, no defense",20260810,43.12634325027466,1.0,0.6204134225845337,0.13051247373710775,16
"PGD estimated, no defense",20260811,48.47084724903107,1.0,0.5143349170684814,0.15360262398470423,6
"PGD estimated, no defense",20260812,49.38363501429558,1.0,0.47753995656967163,0.09776585683457312,5
"PGD estimated, no defense",20260813,47.8130249629418,1.0,0.49426978826522827,0.15442288752590302,13
"PGD estimated, no defense",20260814,46.39678763846556,1.0,0.5819002985954285,0.10994099467762507,11
"PGD estimated, no defense",20260815,49.175883673131466,1.0,0.34747645258903503,0.11856993817509828,5
"PGD estimated, no defense",20260816,-39.12306235730648,0.0,21.179773330688477,0.17309138972961946,60
"PGD estimated, no defense",20260817,35.87617342174053,1.0,0.5633077025413513,0.11936892405803193,28
"PGD estimated, no defense",20260818,49.207613895336785,1.0,0.5784945487976074,0.10373347420398543,4
"PGD estimated, no defense",20260819,47.31789127488931,1.0,0.5633702874183655,0.2584027406454081,10
"PGD estimated, no defense",20260820,-39.72572042544684,0.0,8.17590618133545,0.1509896282539399,60
"PGD estimated, no defense",20260821,45.72908815741539,1.0,0.6292871832847595,0.14066117315577864,15
"PGD estimated, no defense",20260822,-33.83768105506897,0.0,4.919147491455078,0.17304535885537883,60
"PGD estimated, no defense",20260823,49.16564668715,1.0,0.400551438331604,0.12192485820729419,5
"PGD estimated, no defense",20260824,43.53056604166826,1.0,0.5880959630012512,0.19441948832627248,20
"PGD estimated, no defense",20260825,48.07817916075388,1.0,0.6497921943664551,0.10126212488968078,7
"PGD estimated, no defense",20260826,44.05366609493891,1.0,0.5776486396789551,0.12001105643862194,21
"PGD estimated, no defense",20260827,47.3168804893891,1.0,0.6382765173912048,0.17816370862801953,9
"PGD estimated, no defense",20260828,-49.44070408244928,0.0,1.2640148401260376,0.1722500804384496,60
"PGD estimated, no defense",20260829,48.892781292398766,1.0,0.3795716166496277,0.10170275875593351,5
"PGD estimated, no defense",20260830,47.19347097973029,1.0,0.575829803943634,0.1866393209946659,16
"PGD estimated, no defense",20260831,43.3484639202555,1.0,0.459360271692276,0.1740410037647313,21
"PGD estimated, no defense",20260832,49.12669784824053,1.0,0.3125190734863281,0.16981106140343358,8
"PGD estimated, no defense",20260833,-52.141772985458374,0.0,30.64019203186035,0.14198136293733274,60
"PGD estimated, no defense",20260834,49.346098056683935,1.0,0.23981784284114838,0.13014615878051314,5
"PGD estimated, no defense",20260835,47.5371390680472,1.0,0.5890097618103027,0.10659312992735882,12
"PGD estimated, no defense",20260836,49.50082706411679,1.0,0.552531361579895,0.09858813887504565,3
"PGD estimated, no defense",20260837,-71.89792033036551,0.0,25.636615753173828,0.14650947122453478,60
"PGD estimated, no defense",20260838,48.45427167912324,1.0,0.6247813105583191,0.09364902173391587,7
"PGD estimated, no defense",20260839,45.02888412525257,1.0,0.39884504675865173,0.21995832560397857,13
"PGD estimated, no defense",20260840,43.25204363216957,1.0,0.4920600950717926,0.20011930409951934,21
"PGD estimated, no defense",20260841,-16.93061110874017,0.0,3.4818129539489746,0.32037133606707097,60
"PGD estimated, no defense",20260842,45.6380385607481,1.0,0.6354948878288269,0.15570839161344255,13
"PGD estimated, no defense",20260843,48.33255573362112,1.0,0.4931463897228241,0.11279750493190543,7
"PGD estimated, no defense",20260844,34.13071404149135,1.0,0.368400901556015,0.20964243653952014,40
"PGD estimated, no defense",20260845,46.787109330296516,1.0,0.20069748163223267,0.1758996359963061,14
"PGD estimated, no defense",20260846,47.818738055725895,1.0,0.4424164593219757,0.12664201979670786,8
"PGD estimated, no defense",20260847,46.27576831976573,1.0,0.589462399482727,0.14790256222776205,21
"PGD estimated, no defense",20260848,48.9609943429629,1.0,0.5387301445007324,0.22060758557079047,4
"PGD estimated, no defense",20260849,48.41621013482412,1.0,0.6182923913002014,0.11664848642832089,7
"PGD estimated, no defense",20260850,-110.91896234949431,0.0,49.003196716308594,0.19505918550413082,60
"PGD estimated, no defense",20260851,43.93296079337597,1.0,0.594659686088562,0.12073327321277069,17
"PGD estimated, no defense",20260852,47.356071054935455,1.0,0.37327200174331665,0.3151479671521278,19
"PGD estimated, no defense",20260853,48.36282440523306,1.0,0.42268145084381104,0.11956962897173685,18
"PGD estimated, no defense",20260854,-56.10760525862376,0.0,8.304149627685547,0.16045116116185806,60
"PGD estimated, no defense",20260855,49.713311195373535,1.0,0.3972429037094116,0.08039574896791635,3
"PGD estimated, no defense",20260856,46.84970494608084,1.0,0.583340585231781,0.21437246078056665,10
"PGD estimated, no defense",20260857,48.50990558167299,1.0,0.30435770750045776,0.1298455603716839,7
"PGD estimated, no defense",20260858,40.29128477474053,1.0,0.601563036441803,0.1966132312093339,23
"PGD estimated, no defense",20260859,48.62286413336794,1.0,0.16956208646297455,0.1031380467857425,6
"PGD estimated, no defense",20260860,41.05660760899384,1.0,0.422926664352417,0.1539392913143083,29
"PGD estimated, no defense",20260861,44.5403711895148,1.0,0.6417336463928223,0.14353127337217636,14
"PGD estimated, no defense",20260862,48.7249980121851,1.0,0.5908153653144836,0.11080794843190345,6
"PGD estimated, no defense",20260863,49.684424785276256,1.0,0.23200753331184387,0.16497325595448156,3
"PGD estimated, no defense",20260864,49.66085313012203,1.0,0.47762617468833923,0.10962435510164854,3
"PGD estimated, no defense",20260865,49.1396084104975,1.0,0.47174957394599915,0.1937968628334047,8
"PGD estimated, no defense",20260866,-43.146944463253014,0.0,16.62700080871582,0.1631810211932366,60
"PGD estimated, no defense",20260867,45.768427136043705,1.0,0.45955368876457214,0.17038345267468621,12
"PGD estimated, no defense",20260868,45.83157553523779,1.0,0.0686621367931366,0.11394935825369268,10
"PGD estimated, no defense",20260869,46.61897368232409,1.0,0.6285097002983093,0.15290246088189063,22
"PGD estimated, no defense",20260870,-78.54515000184375,0.0,43.978092193603516,0.1911327913893442,60
"PGD estimated, no defense",20260871,48.01825117071469,1.0,0.35030120611190796,0.20597089646599398,8
"PGD estimated, no defense",20260872,-122.42321586608887,0.0,42.677547454833984,0.16546941988355682,60
"PGD estimated, no defense",20260873,-52.04554828008017,0.0,10.672648429870605,0.1536769619096234,60
"PGD estimated, no defense",20260874,41.158778831362724,1.0,0.6489812731742859,0.1411880104609173,40
"PGD estimated, no defense",20260875,-153.34877816836044,0.0,63.30460739135742,0.1730737037036449,60
"PGD estimated, no defense",20260876,30.589874749382336,1.0,0.5949004888534546,0.2298699946861366,56
"PGD estimated, no defense",20260877,44.725907246271774,1.0,0.6182682514190674,0.09867587398482666,16
"PGD estimated, no defense",20260878,34.93083339432875,1.0,0.42701929807662964,0.1605197638905715,32
"PGD estimated, no defense",20260879,-38.757789269089706,0.0,9.900094985961914,0.165130000649118,60
"PGD estimated, no defense",20260880,45.01392183701197,1.0,0.5181275606155396,0.22864783410107387,16
"PGD estimated, no defense",20260881,48.872236619393036,1.0,0.38529354333877563,0.1372218740760432,5
"PGD estimated, no defense",20260882,46.32467978944381,1.0,0.11366042494773865,0.5385330091453181,11
"PGD estimated, no defense",20260883,45.64111197491487,1.0,0.6006740927696228,0.14587157623960434,17
"PGD estimated, no defense",20260884,-36.55287019411723,0.0,9.638354301452637,0.1619960543890307,60
"PGD estimated, no defense",20260885,41.274546561141804,1.0,0.3257546126842499,0.15725149332803853,21
"PGD estimated, no defense",20260886,48.55112131933371,1.0,0.6312427520751953,0.1242698573440626,11
"PGD estimated, no defense",20260887,48.583055804173156,1.0,0.6120566129684448,0.21837866430295588,5
"PGD estimated, no defense",20260888,44.81568669279416,1.0,0.5100700259208679,0.16610347303842646,18
"PGD estimated, no defense",20260889,42.9138246178627,1.0,0.31824326515197754,0.16620101759129985,28
"PGD estimated, no defense",20260890,-134.3375580807527,0.0,56.626258850097656,0.13188193411993257,60
"PGD estimated, no defense",20260891,49.38902993003528,1.0,0.6448417901992798,0.09786723443349847,6
"PGD estimated, no defense",20260892,49.66736379762491,1.0,0.12574690580368042,0.12697198126045106,5
"PGD estimated, no defense",20260893,48.952782690525055,1.0,0.5277653932571411,0.0988139455804191,6
"PGD estimated, no defense",20260894,47.49554071327051,1.0,0.5474202036857605,0.22273852380803846,8
"PGD estimated, no defense",20260895,-111.29593827327093,0.0,44.22216033935547,0.14398947921105149,60
"PGD estimated, no defense",20260896,49.71924397970239,1.0,0.2206445187330246,0.41948689690209356,3
"PGD estimated, no defense",20260897,49.529071728388466,1.0,0.64445960521698,0.29319857549899775,3
"PGD estimated, no defense",20260898,31.418674014508728,1.0,0.35993871092796326,0.2443380562380439,51
"PGD estimated, no defense",20260899,48.47082750995954,1.0,0.5391741991043091,0.08312828717983783,8
"PGD estimated, no defense",20260900,34.13352833688259,1.0,0.5876577496528625,0.16220682174744774,34
"PGD estimated, no defense",20260901,49.233449290196106,1.0,0.5450199842453003,0.21869795815026785,5
"PGD estimated, no defense",20260902,48.87445058425268,1.0,0.6246916651725769,0.17936923213250494,7
"PGD estimated, no defense",20260903,49.599483260263995,1.0,0.14384277164936066,0.1212325706033478,4
"PGD estimated, no defense",20260904,49.46512171626091,1.0,0.6184239387512207,0.10864491651368476,5
"PGD estimated, no defense",20260905,45.081933046380676,1.0,0.37352246046066284,0.12923073356317138,14
"PGD estimated, no defense",20260906,45.36411282916864,1.0,0.4944941997528076,0.20158940206980103,19
"PGD estimated, no defense",20260907,-43.078800757726036,0.0,19.25924301147461,0.1853003298931163,60
"PGD estimated, no defense",20260908,45.908662264545754,1.0,0.5158324837684631,0.20762274430351302,21
"PGD estimated, no defense",20260909,47.753870444993176,1.0,0.40979841351509094,0.11391174685541859,11
"PGD estimated, no defense",20260910,47.370089784264565,1.0,0.6468239426612854,0.13183392476341965,11
"PGD estimated, no defense",20260911,48.51386066029469,1.0,0.35250428318977356,0.13962771369321378,6
"PGD estimated, no defense",20260912,-96.15449217955269,0.0,40.85097122192383,0.1455950716499267,60
"PGD estimated, no defense",20260913,49.31918055812518,1.0,0.612075924873352,0.1154407814582768,4
"PGD estimated, no defense",20260914,47.42197707295418,1.0,0.5267398357391357,0.1739911874979807,8
"PGD estimated, no defense",20260915,49.10780913134416,1.0,0.5653895735740662,0.18143921548562744,8
"PGD estimated, no defense",20260916,46.68561490625143,1.0,0.3406813442707062,0.22683813462262647,23
"PGD estimated, no defense",20260917,43.10696528851986,1.0,0.6237844824790955,0.11705997224550124,24
"PGD estimated, no defense",20260918,-58.611684794227294,0.0,24.56511688232422,0.18895196582719948,60
"PGD estimated, no defense",20260919,-69.28281251589458,0.0,29.711566925048828,0.14710130892959822,60
"PGD estimated, no defense",20260920,48.89407275617123,1.0,0.4246430993080139,0.2968434572806418,7
"PGD estimated, no defense",20260921,-103.05100202560425,0.0,23.004268646240234,0.16732999226254602,60
"PGD estimated, no defense",20260922,48.8491469596823,1.0,0.055869847536087036,0.08775906579557324,6
"PGD estimated, no defense",20260923,43.91351155936718,1.0,0.6451331973075867,0.12943905254436966,14
"PGD estimated, no defense",20260924,48.75939843058586,1.0,0.4598524570465088,0.12067245554987217,6
"PGD estimated, no defense",20260925,49.083128323157624,1.0,0.4655614495277405,0.12219792106041819,5
"PGD estimated, no defense",20260926,48.80336647729079,1.0,0.5818516612052917,0.13793384747364443,5
"PGD estimated, no defense",20260927,49.09889221936464,1.0,0.3798801004886627,0.17994905913349385,7
"PGD estimated, no defense",20260928,-120.46846367915472,0.0,70.8029556274414,0.13198089579260805,60
"PGD estimated, no defense",20260929,45.534445740282536,1.0,0.31259408593177795,0.24577853430488378,16
"PGD estimated, no defense",20260930,49.26587502658367,1.0,0.6299408078193665,0.27252042040784175,4
"PGD estimated, no defense",20260931,48.67138214160999,1.0,0.3369457423686981,0.1215396785070862,6
"PGD estimated, no defense",20260932,47.73750225702921,1.0,0.3897385597229004,0.15368680061065476,8
"PGD estimated, no defense",20260933,48.924773255983986,1.0,0.44174766540527344,0.2150916065242334,4
"PGD estimated, no defense",20260934,47.13469239075979,1.0,0.5593115091323853,0.16395525163407307,9
"PGD estimated, no defense",20260935,41.92233019322157,1.0,0.45426681637763977,0.18922372008637775,23
"PGD estimated, no defense",20260936,44.24534937739372,1.0,0.5465370416641235,0.13399986345903883,20
"PGD estimated, no defense",20260937,-123.8081808487574,0.0,38.312782287597656,0.14332155233517715,60
"PGD estimated, no defense",20260938,48.605262242257595,1.0,0.3444060981273651,0.25153117649768836,6
"PGD estimated, no defense",20260939,-27.29756498336792,0.0,4.755175590515137,0.3366169505970065,60
"PGD estimated, no defense",20260940,47.347669154405594,1.0,0.5359882712364197,0.15993754269707303,23
"PGD estimated, no defense",20260941,46.204935471216835,1.0,0.6354105472564697,0.3446783474763339,15
"PGD estimated, no defense",20260942,46.72124851743381,1.0,0.30248087644577026,0.17993896006837548,11
"PGD estimated, no defense",20260943,38.66475898524125,1.0,0.5620195865631104,0.20786619456468156,50
"PGD estimated, no defense",20260944,48.63312446077665,1.0,0.5333389639854431,0.14103111284884504,9
"PGD estimated, no defense",20260945,47.36565422515074,1.0,0.43303805589675903,0.15708093462702807,19
"PGD estimated, no defense",20260946,48.13056372602781,1.0,0.5391494035720825,0.11226869696601297,10
"PGD estimated, no defense",20260947,48.43535645802815,1.0,0.555351972579956,0.1585968692972412,10
"PGD estimated, no defense",20260948,47.401016250252724,1.0,0.5851086974143982,0.20959833292759364,9
"PGD estimated, no defense",20260949,48.329506888985634,1.0,0.5133962035179138,0.2306690213891278,8
"PGD estimated, no defense",20260950,48.803073015064,1.0,0.2001226395368576,0.1322850145978482,7
"PGD estimated, no defense",20260951,49.4999482134978,1.0,0.4644208550453186,0.10292704010406109,5
"PGD estimated, no defense",20260952,48.7712049682935,1.0,0.5689572095870972,0.11637324577383938,7
"PGD estimated, no defense",20260953,48.37443468471368,1.0,0.5880096554756165,0.28720344591996255,7
"PGD estimated, no defense",20260954,47.717570627729096,1.0,0.5478867888450623,0.2039747735376013,8
"PGD estimated, no defense",20260955,47.10945479075114,1.0,0.5836498141288757,0.28150287540713614,22
"PGD estimated, no defense",20260956,48.4663847911482,1.0,0.04923537001013756,0.19926140848949253,8
"PGD estimated, no defense",20260957,43.82645928363006,1.0,0.6081246733665466,0.22830678368578197,22
"PGD estimated, no defense",20260958,48.23462058479587,1.0,0.18615765869617462,0.11650414485791816,12
"PGD estimated, no defense",20260959,-24.38348055879275,0.0,7.3036699295043945,0.17716649537879764,60
"PGD estimated, no defense",20260960,48.57370698700348,1.0,0.3749881088733673,0.2365829492049225,7
"PGD estimated, no defense",20260961,48.92376441756884,1.0,0.4990953207015991,0.12260652054684469,5
"PGD estimated, no defense",20260962,47.24547450492779,1.0,0.12123718857765198,0.15658594785323493,10
"PGD estimated, no defense",20260963,46.578918312986694,1.0,0.6160967946052551,0.1542442909089318,25
"PGD estimated, no defense",20260964,49.12568403283755,1.0,0.595342755317688,0.2688662004787431,4
"PGD estimated, no defense",20260965,47.19024546444416,1.0,0.57485032081604,0.1553471374034449,14
"PGD estimated, no defense",20260966,49.06708225607872,1.0,0.5507480502128601,0.19587021534320215,8
"PGD estimated, no defense",20260967,49.381892412900925,1.0,0.5253101587295532,0.17207188513136873,6
"PGD estimated, no defense",20260968,-72.36401627461116,0.0,36.96244812011719,0.18188347345598632,60
"PGD estimated, no defense",20260969,-125.66800912221272,0.0,40.22432327270508,0.13894305533379686,60
"PGD estimated, no defense",20260970,-35.996540322899826,0.0,0.8753346800804138,0.1454523379410591,60
"PGD estimated, no defense",20260971,44.899396498998,1.0,0.20606720447540283,0.2738767866137192,18
"PGD estimated, no defense",20260972,47.31569446623325,1.0,0.4262954592704773,0.20830558503333366,8
"PGD estimated, no defense",20260973,43.00954977671305,1.0,0.34758174419403076,0.2269683002356787,18
"PGD estimated, no defense",20260974,47.82091246545315,1.0,0.3881070017814636,0.15916965297374724,8
"PGD estimated, no defense",20260975,46.62461306154728,1.0,0.6217095255851746,0.19355003236855375,12
"PGD estimated, no defense",20260976,-106.62528311212857,0.0,54.06962585449219,0.15749680585547285,60
"PGD estimated, no defense",20260977,49.419376293818154,1.0,0.41734206676483154,0.10442392282621367,7
"PGD estimated, no defense",20260978,48.39541952311993,1.0,0.5067727565765381,0.1276647870572539,7
"PGD estimated, no defense",20260979,45.37808281431595,1.0,0.44568583369255066,0.18493535524259047,27
"PGD estimated, no defense",20260980,-58.77944338321688,0.0,16.656143188476562,0.15496736351622042,60
"PGD estimated, no defense",20260981,-78.76080960035323,0.0,9.43680477142334,0.18580158229609772,60
"PGD estimated, no defense",20260982,-31.67965488632521,0.0,8.714921951293945,0.1970952016669104,60
"PGD estimated + CovAdap, lambda=0.5",20260733,49.69541389991839,1.0,0.40993592143058777,0.17838499070995653,3
"PGD estimated + CovAdap, lambda=0.5",20260734,49.095220467696585,1.0,0.1296313852071762,0.08957897087972867,5
"PGD estimated + CovAdap, lambda=0.5",20260735,49.577093094587326,1.0,0.5418025851249695,0.1418387765910308,4
"PGD estimated + CovAdap, lambda=0.5",20260736,-63.85205493370691,0.0,15.157684326171875,0.14362470998022117,60
"PGD estimated + CovAdap, lambda=0.5",20260737,47.56455574929714,1.0,0.5909557938575745,0.11578552547957026,9
"PGD estimated + CovAdap, lambda=0.5",20260738,42.083028731246785,1.0,0.141264408826828,0.16353472487543433,30
"PGD estimated + CovAdap, lambda=0.5",20260739,45.649342635025576,1.0,0.15320564806461334,0.16484692402654438,20
"PGD estimated + CovAdap, lambda=0.5",20260740,48.01748715092738,1.0,0.41361913084983826,0.13835990729478873,6
"PGD estimated + CovAdap, lambda=0.5",20260741,44.41435194263856,1.0,0.4745720326900482,0.165227773452062,26
"PGD estimated + CovAdap, lambda=0.5",20260742,46.89707314471404,1.0,0.5329487919807434,0.4725900911470333,9
"PGD estimated + CovAdap, lambda=0.5",20260743,47.28113652269045,1.0,0.6313179731369019,0.1403160404880145,9
"PGD estimated + CovAdap, lambda=0.5",20260744,42.145079112301275,1.0,0.20701615512371063,0.19892228654951497,24
"PGD estimated + CovAdap, lambda=0.5",20260745,47.34002004315456,1.0,0.4900641143321991,0.09265386007302658,9
"PGD estimated + CovAdap, lambda=0.5",20260746,44.52885418136914,1.0,0.17328166961669922,0.1066026574400919,12
"PGD estimated + CovAdap, lambda=0.5",20260747,49.09712849060694,1.0,0.4402080774307251,0.1855755214008283,5
"PGD estimated + CovAdap, lambda=0.5",20260748,49.173474026223026,1.0,0.4041188657283783,0.11379221094654933,4
"PGD estimated + CovAdap, lambda=0.5",20260749,-124.53472059965131,0.0,60.6418342590332,0.14276536647278837,60
"PGD estimated + CovAdap, lambda=0.5",20260750,48.958908408880234,1.0,0.5636484026908875,0.20636488178117565,6
"PGD estimated + CovAdap, lambda=0.5",20260751,48.69211872170369,1.0,0.4898761808872223,0.11257261037063644,7
"PGD estimated + CovAdap, lambda=0.5",20260752,-96.44797143340114,0.0,47.14143753051758,0.14469273887591466,60
"PGD estimated + CovAdap, lambda=0.5",20260753,46.65581219146649,1.0,0.3916042149066925,0.1610230043608601,15
"PGD estimated + CovAdap, lambda=0.5",20260754,47.469824883155525,1.0,0.04966231808066368,0.1370974128518178,9
"PGD estimated + CovAdap, lambda=0.5",20260755,47.19374929865201,1.0,0.37438851594924927,0.1645320015202677,11
"PGD estimated + CovAdap, lambda=0.5",20260756,47.92222114404043,1.0,0.6411054730415344,0.1486599057388137,8
"PGD estimated + CovAdap, lambda=0.5",20260757,45.81101682285468,1.0,0.5954505205154419,0.2099701595799344,12
"PGD estimated + CovAdap, lambda=0.5",20260758,49.571840549508735,1.0,0.4013136625289917,0.4217284605377609,4
"PGD estimated + CovAdap, lambda=0.5",20260759,-106.07203213373819,0.0,54.188289642333984,0.15896641496165553,60
"PGD estimated + CovAdap, lambda=0.5",20260760,-45.84010169903437,0.0,3.2659754753112793,0.14970573595824013,60
"PGD estimated + CovAdap, lambda=0.5",20260761,48.56664815545082,1.0,0.32362669706344604,0.14827869062568422,9
"PGD estimated + CovAdap, lambda=0.5",20260762,47.798223004986845,1.0,0.2249668687582016,0.16110342859331794,10
"PGD estimated + CovAdap, lambda=0.5",20260763,-93.66097463170688,0.0,47.12289047241211,0.1473419193918362,60
"PGD estimated + CovAdap, lambda=0.5",20260764,49.14692554871242,1.0,0.5867851972579956,0.12808464752541193,5
"PGD estimated + CovAdap, lambda=0.5",20260765,49.0956259816885,1.0,0.5658849477767944,0.08992139063512476,6
"PGD estimated + CovAdap, lambda=0.5",20260766,45.49199392894904,1.0,0.33754467964172363,0.293439018852456,18
"PGD estimated + CovAdap, lambda=0.5",20260767,-101.5502393245697,0.0,61.9209098815918,0.14217335805582212,60
"PGD estimated + CovAdap, lambda=0.5",20260768,49.51837329566479,1.0,0.4555869698524475,0.0994167904667769,4
"PGD estimated + CovAdap, lambda=0.5",20260769,47.97633072237174,1.0,0.5301900506019592,0.11081401476640412,9
"PGD estimated + CovAdap, lambda=0.5",20260770,-22.157818267742794,0.0,4.430534839630127,0.12534539095368047,60
"PGD estimated + CovAdap, lambda=0.5",20260771,48.51106398304304,1.0,0.5841366052627563,0.23549943040374233,9
"PGD estimated + CovAdap, lambda=0.5",20260772,49.3329440827171,1.0,0.24704763293266296,0.09942263904724132,4
"PGD estimated + CovAdap, lambda=0.5",20260773,47.208062052726746,1.0,0.43841683864593506,0.11515277589062406,11
"PGD estimated + CovAdap, lambda=0.5",20260774,49.37850532929103,1.0,0.4022037982940674,0.12076435270900307,4
"PGD estimated + CovAdap, lambda=0.5",20260775,48.12215551237265,1.0,0.5806275010108948,0.1271812213222524,9
"PGD estimated + CovAdap, lambda=0.5",20260776,-76.71262363592786,0.0,31.07932472229004,0.14848600759842034,60
"PGD estimated + CovAdap, lambda=0.5",20260777,-66.39949846267699,0.0,30.019773483276367,0.1348595611517344,60
"PGD estimated + CovAdap, lambda=0.5",20260778,41.50241232911746,1.0,0.6210722327232361,0.12328764539888594,22
"PGD estimated + CovAdap, lambda=0.5",20260779,49.23339561124643,1.0,0.5544145703315735,0.1095919565885602,6
"PGD estimated + CovAdap, lambda=0.5",20260780,47.57113797465961,1.0,0.2720295786857605,0.11282779830646955,13
"PGD estimated + CovAdap, lambda=0.5",20260781,41.51919664690892,1.0,0.4885515868663788,0.17471876884848195,28
"PGD estimated + CovAdap, lambda=0.5",20260782,-60.66641265153885,0.0,36.525482177734375,0.1643751092178719,60
"PGD estimated + CovAdap, lambda=0.5",20260783,-28.813779676953953,0.0,8.344082832336426,0.19108683808173377,60
"PGD estimated + CovAdap, lambda=0.5",20260784,-56.79689653714497,0.0,21.553043365478516,0.14534779122166225,60
"PGD estimated + CovAdap, lambda=0.5",20260785,47.2189816981554,1.0,0.30582839250564575,0.15703795971186876,12
"PGD estimated + CovAdap, lambda=0.5",20260786,-90.0089633911848,0.0,51.99482727050781,0.18072670348157632,60
"PGD estimated + CovAdap, lambda=0.5",20260787,48.67711554964384,1.0,0.4909207224845886,0.1616457971034921,9
"PGD estimated + CovAdap, lambda=0.5",20260788,49.82782408843438,1.0,0.31330761313438416,0.5228753736886512,2
"PGD estimated + CovAdap, lambda=0.5",20260789,49.02418044582009,1.0,0.10705281794071198,0.2047092222758859,7
"PGD estimated + CovAdap, lambda=0.5",20260790,49.69673742353916,1.0,0.2776603102684021,0.19590809276711582,3
"PGD estimated + CovAdap, lambda=0.5",20260791,48.85222705205282,1.0,0.570111870765686,0.18590931327095492,6
"PGD estimated + CovAdap, lambda=0.5",20260792,49.5281352798144,1.0,0.5945717692375183,0.08539559133380817,4
"PGD estimated + CovAdap, lambda=0.5",20260793,47.27277475595474,1.0,0.4255383610725403,0.12727999839352394,12
"PGD estimated + CovAdap, lambda=0.5",20260794,-63.069823036591195,0.0,33.2710075378418,0.1593768972034326,60
"PGD estimated + CovAdap, lambda=0.5",20260795,-59.226037939389556,0.0,27.85546112060547,0.13306947079955653,60
"PGD estimated + CovAdap, lambda=0.5",20260796,48.557174483935036,1.0,0.5434824228286743,0.14405519444590703,5
"PGD estimated + CovAdap, lambda=0.5",20260797,47.02497624605894,1.0,0.3650262653827667,0.13504684717861776,12
"PGD estimated + CovAdap, lambda=0.5",20260798,-111.82279048363368,0.0,42.24666976928711,0.14608867557266345,60
"PGD estimated + CovAdap, lambda=0.5",20260799,-166.75145761171976,0.0,69.34349060058594,0.14488750786872168,60
"PGD estimated + CovAdap, lambda=0.5",20260800,48.88250326489409,1.0,0.24964489042758942,0.20311240703795866,7
"PGD estimated + CovAdap, lambda=0.5",20260801,47.91966941456,1.0,0.6451415419578552,0.21821111606268637,7
"PGD estimated + CovAdap, lambda=0.5",20260802,-55.29348651568095,0.0,24.592750549316406,0.15693938797506685,60
"PGD estimated + CovAdap, lambda=0.5",20260803,43.62682927648227,1.0,0.6266494393348694,0.17817244061950382,45
"PGD estimated + CovAdap, lambda=0.5",20260804,48.120339592297874,1.0,0.5596150159835815,0.0966185429698087,7
"PGD estimated + CovAdap, lambda=0.5",20260805,-87.26822972297667,0.0,36.79558181762695,0.1664592314837483,60
"PGD estimated + CovAdap, lambda=0.5",20260806,49.65694502989451,1.0,0.5958565473556519,0.43681497976887584,3
"PGD estimated + CovAdap, lambda=0.5",20260807,47.779059459765755,1.0,0.5215263366699219,0.14879189211669605,20
"PGD estimated + CovAdap, lambda=0.5",20260808,43.100687948366,1.0,0.38771989941596985,0.17943728284620988,17
"PGD estimated + CovAdap, lambda=0.5",20260809,47.83210550714284,1.0,0.0312812365591526,0.13321862447109065,15
"PGD estimated + CovAdap, lambda=0.5",20260810,43.12634325027466,1.0,0.6204134225845337,0.13051247373710775,16
"PGD estimated + CovAdap, lambda=0.5",20260811,48.401311392585434,1.0,0.4318122863769531,0.11324931023224574,7
"PGD estimated + CovAdap, lambda=0.5",20260812,49.38363501429558,1.0,0.47753995656967163,0.09776585683457312,5
"PGD estimated + CovAdap, lambda=0.5",20260813,47.97865051527818,1.0,0.21631675958633423,0.13253951726866192,13
"PGD estimated + CovAdap, lambda=0.5",20260814,46.39678763846556,1.0,0.5819002985954285,0.10994099467762507,11
"PGD estimated + CovAdap, lambda=0.5",20260815,49.175883673131466,1.0,0.34747645258903503,0.11856993817509828,5
"PGD estimated + CovAdap, lambda=0.5",20260816,36.26864647058149,1.0,0.027167655527591705,0.14020134159588665,37
"PGD estimated + CovAdap, lambda=0.5",20260817,35.876460785667106,1.0,0.5632860064506531,0.11934942243410585,28
"PGD estimated + CovAdap, lambda=0.5",20260818,49.207613895336785,1.0,0.5784945487976074,0.10373347420398543,4
"PGD estimated + CovAdap, lambda=0.5",20260819,47.382832765579224,1.0,0.47898077964782715,0.14696597711922701,10
"PGD estimated + CovAdap, lambda=0.5",20260820,-39.75305147965749,0.0,8.176007270812988,0.14379821720220093,60
"PGD estimated + CovAdap, lambda=0.5",20260821,45.814169213175774,1.0,0.5714328289031982,0.1395582748951639,14
"PGD estimated + CovAdap, lambda=0.5",20260822,-33.75163785616557,0.0,4.919692516326904,0.1489224329772213,60
"PGD estimated + CovAdap, lambda=0.5",20260823,48.994685451189675,1.0,0.6468923687934875,0.11572154877923133,7
"PGD estimated + CovAdap, lambda=0.5",20260824,43.4930641601483,1.0,0.411271870136261,0.2012223368040401,21
"PGD estimated + CovAdap, lambda=0.5",20260825,48.07817916075388,1.0,0.6497921943664551,0.10126212488968078,7
"PGD estimated + CovAdap, lambda=0.5",20260826,44.05366609493891,1.0,0.5776486396789551,0.12001105643862194,21
"PGD estimated + CovAdap, lambda=0.5",20260827,47.34506683548292,1.0,0.5657176971435547,0.11581792104711303,9
"PGD estimated + CovAdap, lambda=0.5",20260828,-49.40538827578227,0.0,1.267417073249817,0.16186664135197482,60
"PGD estimated + CovAdap, lambda=0.5",20260829,48.892781292398766,1.0,0.3795716166496277,0.10170275875593351,5
"PGD estimated + CovAdap, lambda=0.5",20260830,47.27748424063126,1.0,0.4787263572216034,0.15163910570922487,16
"PGD estimated + CovAdap, lambda=0.5",20260831,43.36851631601652,1.0,0.4616187810897827,0.14814291410142427,21
"PGD estimated + CovAdap, lambda=0.5",20260832,49.1694582849741,1.0,0.6407861709594727,0.18384517184013963,7
"PGD estimated + CovAdap, lambda=0.5",20260833,-52.15751860539119,0.0,30.64035415649414,0.13609235570788972,60
"PGD estimated + CovAdap, lambda=0.5",20260834,49.346098056683935,1.0,0.23981784284114838,0.13014615878051314,5
"PGD estimated + CovAdap, lambda=0.5",20260835,47.5371390680472,1.0,0.5890097618103027,0.10659312992735882,12
"PGD estimated + CovAdap, lambda=0.5",20260836,49.50082706411679,1.0,0.552531361579895,0.09858813887504565,3
"PGD estimated + CovAdap, lambda=0.5",20260837,-71.89519981543224,0.0,25.630212783813477,0.14978090572673944,60
"PGD estimated + CovAdap, lambda=0.5",20260838,48.45427167912324,1.0,0.6247813105583191,0.09364902173391587,7
"PGD estimated + CovAdap, lambda=0.5",20260839,45.03890291849772,1.0,0.3990750312805176,0.1873057834136977,13
"PGD estimated + CovAdap, lambda=0.5",20260840,43.49657313277324,1.0,0.4227810800075531,0.14289574759021698,20
"PGD estimated + CovAdap, lambda=0.5",20260841,45.22347014645736,1.0,0.5983342528343201,0.24883592490324483,19
"PGD estimated + CovAdap, lambda=0.5",20260842,45.63951315482458,1.0,0.6401222348213196,0.14963764442816296,13
"PGD estimated + CovAdap, lambda=0.5",20260843,48.33255573362112,1.0,0.4931463897228241,0.11279750493190543,7
"PGD estimated + CovAdap, lambda=0.5",20260844,34.89869035283725,1.0,0.3572782278060913,0.16887802528100052,40
"PGD estimated + CovAdap, lambda=0.5",20260845,46.79059488450488,1.0,0.21472598612308502,0.16020990623231848,14
"PGD estimated + CovAdap, lambda=0.5",20260846,47.818738055725895,1.0,0.4424164593219757,0.12664201979670786,8
"PGD estimated + CovAdap, lambda=0.5",20260847,47.81457923352718,1.0,0.6007331013679504,0.13751027799442775,9
"PGD estimated + CovAdap, lambda=0.5",20260848,48.580199390649796,1.0,0.4167941212654114,0.12800439122734206,9
"PGD estimated + CovAdap, lambda=0.5",20260849,48.41621013482412,1.0,0.6182923913002014,0.11664848642832089,7
"PGD estimated + CovAdap, lambda=0.5",20260850,49.10390281677246,1.0,0.570624828338623,0.20452215161451193,4
"PGD estimated + CovAdap, lambda=0.5",20260851,43.93296079337597,1.0,0.594659686088562,0.12073327321277069,17
"PGD estimated + CovAdap, lambda=0.5",20260852,47.83620944867531,1.0,0.28475794196128845,0.20340254982979972,16
"PGD estimated + CovAdap, lambda=0.5",20260853,48.36282440523306,1.0,0.42268145084381104,0.11956962897173685,18
"PGD estimated + CovAdap, lambda=0.5",20260854,-56.106443285942085,0.0,8.303175926208496,0.14711522931002627,60
"PGD estimated + CovAdap, lambda=0.5",20260855,49.713311195373535,1.0,0.3972429037094116,0.08039574896791635,3
"PGD estimated + CovAdap, lambda=0.5",20260856,46.91631023337444,1.0,0.4620682895183563,0.14970882104593114,10
"PGD estimated + CovAdap, lambda=0.5",20260857,48.584962805112205,1.0,0.597023606300354,0.11325453009593318,6
"PGD estimated + CovAdap, lambda=0.5",20260858,40.33171297113101,1.0,0.5848119854927063,0.16549171364383972,23
"PGD estimated + CovAdap, lambda=0.5",20260859,48.62286413336794,1.0,0.16956208646297455,0.1031380467857425,6
"PGD estimated + CovAdap, lambda=0.5",20260860,41.060613326728344,1.0,0.42291709780693054,0.1436697605160907,29
"PGD estimated + CovAdap, lambda=0.5",20260861,44.54869458079338,1.0,0.6230926513671875,0.14988326515190495,14
"PGD estimated + CovAdap, lambda=0.5",20260862,48.7249980121851,1.0,0.5908153653144836,0.11080794843190345,6
"PGD estimated + CovAdap, lambda=0.5",20260863,49.684424785276256,1.0,0.23200753331184387,0.16497325595448156,3
"PGD estimated + CovAdap, lambda=0.5",20260864,49.66085313012203,1.0,0.47762617468833923,0.10962435510164854,3
"PGD estimated + CovAdap, lambda=0.5",20260865,49.15212492644787,1.0,0.41616255044937134,0.18177629450786206,8
"PGD estimated + CovAdap, lambda=0.5",20260866,-43.06648517648379,0.0,16.505273818969727,0.1552341500982158,60
"PGD estimated + CovAdap, lambda=0.5",20260867,45.79557460981111,1.0,0.12423474341630936,0.18595992692267346,12
"PGD estimated + CovAdap, lambda=0.5",20260868,45.82955643162131,1.0,0.08391313254833221,0.13029754368751897,10
"PGD estimated + CovAdap, lambda=0.5",20260869,46.535742446780205,1.0,0.6296331286430359,0.14355620276257056,22
"PGD estimated + CovAdap, lambda=0.5",20260870,-78.0893945892652,0.0,43.848960876464844,0.17147844648306548,60
"PGD estimated + CovAdap, lambda=0.5",20260871,48.0546201641361,1.0,0.4894867241382599,0.17635877040865258,7
"PGD estimated + CovAdap, lambda=0.5",20260872,-122.43459018071492,0.0,42.680511474609375,0.16978079198507215,60
"PGD estimated + CovAdap, lambda=0.5",20260873,-52.01175081729888,0.0,10.672618865966797,0.15155086398151668,60
"PGD estimated + CovAdap, lambda=0.5",20260874,41.16614837447802,1.0,0.5783073306083679,0.1397204680582838,40
"PGD estimated + CovAdap, lambda=0.5",20260875,-152.32675727208454,0.0,63.05816650390625,0.17290781174374978,60
"PGD estimated + CovAdap, lambda=0.5",20260876,32.31145824491978,1.0,0.478206992149353,0.1847382809906773,56
"PGD estimated + CovAdap, lambda=0.5",20260877,44.725907246271774,1.0,0.6182682514190674,0.09867587398482666,16
"PGD estimated + CovAdap, lambda=0.5",20260878,35.068986152609185,1.0,0.5831432342529297,0.14513911118513967,31
"PGD estimated + CovAdap, lambda=0.5",20260879,-38.72995882729688,0.0,9.895030975341797,0.1715516697426973,60
"PGD estimated + CovAdap, lambda=0.5",20260880,45.00098736832539,1.0,0.3796704113483429,0.1661292524095529,17
"PGD estimated + CovAdap, lambda=0.5",20260881,48.87190110484759,1.0,0.3684002161026001,0.17242491916632785,5
"PGD estimated + CovAdap, lambda=0.5",20260882,46.3824560487022,1.0,0.11046773940324783,0.49438997702285364,11
"PGD estimated + CovAdap, lambda=0.5",20260883,45.63603389263153,1.0,0.6004486680030823,0.13063717367014374,17
"PGD estimated + CovAdap, lambda=0.5",20260884,-36.25968211889268,0.0,9.55199146270752,0.14691295752939829,60
"PGD estimated + CovAdap, lambda=0.5",20260885,41.319189002116524,1.0,0.6458227634429932,0.13870480211561242,20
"PGD estimated + CovAdap, lambda=0.5",20260886,48.55112131933371,1.0,0.6312427520751953,0.1242698573440626,11
"PGD estimated + CovAdap, lambda=0.5",20260887,48.546996312836804,1.0,0.29677990078926086,0.10862268280414551,6
"PGD estimated + CovAdap, lambda=0.5",20260888,44.86773288746675,1.0,0.5099903345108032,0.13543706233102548,18
"PGD estimated + CovAdap, lambda=0.5",20260889,42.917169039448105,1.0,0.1962713599205017,0.15189362135843756,28
"PGD estimated + CovAdap, lambda=0.5",20260890,-134.35316337148348,0.0,56.631927490234375,0.14290281452018844,60
"PGD estimated + CovAdap, lambda=0.5",20260891,49.38902993003528,1.0,0.6448417901992798,0.09786723443349847,6
"PGD estimated + CovAdap, lambda=0.5",20260892,49.66736379762491,1.0,0.12574690580368042,0.12697198126045106,5
"PGD estimated + CovAdap, lambda=0.5",20260893,48.952782690525055,1.0,0.5277653932571411,0.0988139455804191,6
"PGD estimated + CovAdap, lambda=0.5",20260894,47.49638057251771,1.0,0.46736568212509155,0.2305553498576656,8
"PGD estimated + CovAdap, lambda=0.5",20260895,-111.24824231863023,0.0,44.18173599243164,0.14541500610876412,60
"PGD estimated + CovAdap, lambda=0.5",20260896,49.54547407229742,1.0,0.587384819984436,0.23465687706112792,5
"PGD estimated + CovAdap, lambda=0.5",20260897,49.462243646383286,1.0,0.5296532511711121,0.16029206431163018,4
"PGD estimated + CovAdap, lambda=0.5",20260898,32.235551265378795,1.0,0.39416196942329407,0.191225005076649,50
"PGD estimated + CovAdap, lambda=0.5",20260899,48.47082750995954,1.0,0.5391741991043091,0.08312828717983783,8
"PGD estimated + CovAdap, lambda=0.5",20260900,34.28593986729781,1.0,0.5581217408180237,0.1600616050652333,34
"PGD estimated + CovAdap, lambda=0.5",20260901,49.342108168949686,1.0,0.14654935896396637,0.1664139778085187,4
"PGD estimated + CovAdap, lambda=0.5",20260902,48.90654255946477,1.0,0.5735278725624084,0.13371224183411104,7
"PGD estimated + CovAdap, lambda=0.5",20260903,49.599483260263995,1.0,0.14384277164936066,0.1212325706033478,4
"PGD estimated + CovAdap, lambda=0.5",20260904,49.46512171626091,1.0,0.6184239387512207,0.10864491651368476,5
"PGD estimated + CovAdap, lambda=0.5",20260905,45.06342382232348,1.0,0.5344939827919006,0.12815033509319076,14
"PGD estimated + CovAdap, lambda=0.5",20260906,45.412561113635704,1.0,0.5010671615600586,0.16976326514496337,19
"PGD estimated + CovAdap, lambda=0.5",20260907,-42.65654420852661,0.0,18.962919235229492,0.16983636591637702,60
"PGD estimated + CovAdap, lambda=0.5",20260908,45.86579963068167,1.0,0.5472474098205566,0.16578472811817063,23
"PGD estimated + CovAdap, lambda=0.5",20260909,47.753870444993176,1.0,0.40979841351509094,0.11391174685541859,11
"PGD estimated + CovAdap, lambda=0.5",20260910,47.370089784264565,1.0,0.6468239426612854,0.13183392476341965,11
"PGD estimated + CovAdap, lambda=0.5",20260911,48.51304931938648,1.0,0.3524215817451477,0.14621425217127845,6
"PGD estimated + CovAdap, lambda=0.5",20260912,-96.25387763977052,0.0,40.862796783447266,0.1363347740014455,60
"PGD estimated + CovAdap, lambda=0.5",20260913,49.31918055812518,1.0,0.612075924873352,0.1154407814582768,4
"PGD estimated + CovAdap, lambda=0.5",20260914,47.43286575128634,1.0,0.39607569575309753,0.13056729425790542,8
"PGD estimated + CovAdap, lambda=0.5",20260915,49.24668466548125,1.0,0.4572644829750061,0.13727921052807981,6
"PGD estimated + CovAdap, lambda=0.5",20260916,46.95386077463627,1.0,0.3403635025024414,0.1820761571529155,23
"PGD estimated + CovAdap, lambda=0.5",20260917,43.10536678135395,1.0,0.6236473917961121,0.14151315973843837,24
"PGD estimated + CovAdap, lambda=0.5",20260918,48.16500144327681,1.0,0.07928107678890228,0.25632054590845094,6
"PGD estimated + CovAdap, lambda=0.5",20260919,-69.26373608907065,0.0,29.70271110534668,0.14996723963946895,60
"PGD estimated + CovAdap, lambda=0.5",20260920,49.087723327179745,1.0,0.4031497538089752,0.17806289731310004,5
"PGD estimated + CovAdap, lambda=0.5",20260921,-103.0245039065679,0.0,23.000568389892578,0.15617582928728496,60
"PGD estimated + CovAdap, lambda=0.5",20260922,48.8491469596823,1.0,0.055869847536087036,0.08775906579557324,6
"PGD estimated + CovAdap, lambda=0.5",20260923,43.91351155936718,1.0,0.6451331973075867,0.12943905254436966,14
"PGD estimated + CovAdap, lambda=0.5",20260924,48.75939843058586,1.0,0.4598524570465088,0.12067245554987217,6
"PGD estimated + CovAdap, lambda=0.5",20260925,49.083128323157624,1.0,0.4655614495277405,0.12219792106041819,5
"PGD estimated + CovAdap, lambda=0.5",20260926,48.80336647729079,1.0,0.5818516612052917,0.13793384747364443,5
"PGD estimated + CovAdap, lambda=0.5",20260927,49.10683349023263,1.0,0.38013985753059387,0.09340982897425751,7
"PGD estimated + CovAdap, lambda=0.5",20260928,-120.46844206253687,0.0,70.80292510986328,0.1329190311973642,60
"PGD estimated + CovAdap, lambda=0.5",20260929,45.59671162813902,1.0,0.30862805247306824,0.17191056459926715,16
"PGD estimated + CovAdap, lambda=0.5",20260930,49.4001835634311,1.0,0.4645087718963623,0.13203965948358673,4
"PGD estimated + CovAdap, lambda=0.5",20260931,48.67138214160999,1.0,0.3369457423686981,0.1215396785070862,6
"PGD estimated + CovAdap, lambda=0.5",20260932,47.73792336136103,1.0,0.4052959978580475,0.1268373221357165,8
"PGD estimated + CovAdap, lambda=0.5",20260933,48.932625303665795,1.0,0.40534472465515137,0.1870508771248439,4
"PGD estimated + CovAdap, lambda=0.5",20260934,47.15888374795516,1.0,0.49412742257118225,0.12692933576276907,9
"PGD estimated + CovAdap, lambda=0.5",20260935,41.9907336657246,1.0,0.4593120515346527,0.15808687632007484,23
"PGD estimated + CovAdap, lambda=0.5",20260936,44.24534937739372,1.0,0.5465370416641235,0.13399986345903883,20
"PGD estimated + CovAdap, lambda=0.5",20260937,-123.85626192887626,0.0,38.31820297241211,0.13422114457488057,60
"PGD estimated + CovAdap, lambda=0.5",20260938,48.615688785910606,1.0,0.30939382314682007,0.23177223293611096,6
"PGD estimated + CovAdap, lambda=0.5",20260939,40.832632864514984,1.0,0.551480233669281,0.13984171062652037,20
"PGD estimated + CovAdap, lambda=0.5",20260940,47.414283737540245,1.0,0.5359877347946167,0.13353616648976163,23
"PGD estimated + CovAdap, lambda=0.5",20260941,46.468669541180134,1.0,0.4628583490848541,0.19684557269451383,16
"PGD estimated + CovAdap, lambda=0.5",20260942,46.80140354732672,1.0,0.526455283164978,0.16903184953648126,10
"PGD estimated + CovAdap, lambda=0.5",20260943,42.13068986684084,1.0,0.14208218455314636,0.1846879218268856,32
"PGD estimated + CovAdap, lambda=0.5",20260944,48.63312446077665,1.0,0.5333389639854431,0.14103111284884504,9
"PGD estimated + CovAdap, lambda=0.5",20260945,47.71411112944285,1.0,0.43366187810897827,0.140532530543101,15
"PGD estimated + CovAdap, lambda=0.5",20260946,48.13056372602781,1.0,0.5391494035720825,0.11226869696601297,10
"PGD estimated + CovAdap, lambda=0.5",20260947,48.42281452814738,1.0,0.5665178298950195,0.1971515180585088,10
"PGD estimated + CovAdap, lambda=0.5",20260948,47.47298519064982,1.0,0.37337544560432434,0.15927105775921713,9
"PGD estimated + CovAdap, lambda=0.5",20260949,48.36299036939939,1.0,0.5654663443565369,0.14969435145058496,9
"PGD estimated + CovAdap, lambda=0.5",20260950,48.803073015064,1.0,0.2001226395368576,0.1322850145978482,7
"PGD estimated + CovAdap, lambda=0.5",20260951,49.4999482134978,1.0,0.4644208550453186,0.10292704010406109,5
"PGD estimated + CovAdap, lambda=0.5",20260952,48.7712049682935,1.0,0.5689572095870972,0.11637324577383938,7
"PGD estimated + CovAdap, lambda=0.5",20260953,48.39600834747156,1.0,0.5881467461585999,0.24162191337579128,7
"PGD estimated + CovAdap, lambda=0.5",20260954,47.80858534574509,1.0,0.5886118412017822,0.15928284113836982,7
"PGD estimated + CovAdap, lambda=0.5",20260955,47.92576958487432,1.0,0.4920866787433624,0.15961706496485056,15
"PGD estimated + CovAdap, lambda=0.5",20260956,48.551004181305565,1.0,0.5263717770576477,0.15523990872363688,6
"PGD estimated + CovAdap, lambda=0.5",20260957,43.923570896188416,1.0,0.5430622696876526,0.1622439514429276,22
"PGD estimated + CovAdap, lambda=0.5",20260958,48.23462058479587,1.0,0.18615765869617462,0.11650414485791816,12
"PGD estimated + CovAdap, lambda=0.5",20260959,-24.311392883459728,0.0,7.345468044281006,0.15603411866906364,60
"PGD estimated + CovAdap, lambda=0.5",20260960,48.600606280068554,1.0,0.48274996876716614,0.16133158105921258,7
"PGD estimated + CovAdap, lambda=0.5",20260961,48.92376441756884,1.0,0.4990953207015991,0.12260652054684469,5
"PGD estimated + CovAdap, lambda=0.5",20260962,47.004938850800194,1.0,0.4779629111289978,0.13320735472366924,13
"PGD estimated + CovAdap, lambda=0.5",20260963,46.62400702138742,1.0,0.5952422618865967,0.15075138293884605,25
"PGD estimated + CovAdap, lambda=0.5",20260964,49.12165966629982,1.0,0.6171591281890869,0.21696316683470798,4
"PGD estimated + CovAdap, lambda=0.5",20260965,47.22514044120908,1.0,0.20326317846775055,0.15294975153474114,14
"PGD estimated + CovAdap, lambda=0.5",20260966,49.132973266144596,1.0,0.4115852415561676,0.14816844092171635,7
"PGD estimated + CovAdap, lambda=0.5",20260967,49.41713443150123,1.0,0.3419463336467743,0.1350718982433564,6
"PGD estimated + CovAdap, lambda=0.5",20260968,-72.39941769838333,0.0,36.98101806640625,0.1807684366641022,60
"PGD estimated + CovAdap, lambda=0.5",20260969,-125.68821040789287,0.0,40.25522994995117,0.13783781554394883,60
"PGD estimated + CovAdap, lambda=0.5",20260970,-36.00330993036429,0.0,0.8752667903900146,0.1474561470771118,60
"PGD estimated + CovAdap, lambda=0.5",20260971,45.10517394045989,1.0,0.6376819014549255,0.19633241587362696,15
"PGD estimated + CovAdap, lambda=0.5",20260972,47.39069802251955,1.0,0.10943535715341568,0.16363626837802517,8
"PGD estimated + CovAdap, lambda=0.5",20260973,43.0212973455588,1.0,0.34745359420776367,0.2069631187659114,18
"PGD estimated + CovAdap, lambda=0.5",20260974,47.82091246545315,1.0,0.3881070017814636,0.15916965297374724,8
"PGD estimated + CovAdap, lambda=0.5",20260975,46.69336455066998,1.0,0.5158485770225525,0.1612819179993555,12
"PGD estimated + CovAdap, lambda=0.5",20260976,-106.04163313905397,0.0,53.94241714477539,0.15489260218598827,60
"PGD estimated + CovAdap, lambda=0.5",20260977,49.419376293818154,1.0,0.41734206676483154,0.10442392282621367,7
"PGD estimated + CovAdap, lambda=0.5",20260978,48.39541952311993,1.0,0.5067727565765381,0.1276647870572539,7
"PGD estimated + CovAdap, lambda=0.5",20260979,45.566458734373256,1.0,0.47950658202171326,0.18819739805383726,24
"PGD estimated + CovAdap, lambda=0.5",20260980,-58.79287389914196,0.0,16.665069580078125,0.16171540853647268,60
"PGD estimated + CovAdap, lambda=0.5",20260981,-75.01357445120811,0.0,9.100915908813477,0.1747042835168627,60
"PGD estimated + CovAdap, lambda=0.5",20260982,-29.291029224793125,0.0,8.228840827941895,0.16643829956983136,60
"PGD estimated + CovAdap, lambda=1.0",20260733,49.71011654287577,1.0,0.3682200610637665,0.16279922745693176,3
"PGD estimated + CovAdap, lambda=1.0",20260734,49.095220467696585,1.0,0.1296313852071762,0.08957897087972867,5
"PGD estimated + CovAdap, lambda=1.0",20260735,49.577093094587326,1.0,0.5418025851249695,0.1418387765910308,4
"PGD estimated + CovAdap, lambda=1.0",20260736,-63.848015666008,0.0,15.156295776367188,0.14516777802393926,60
"PGD estimated + CovAdap, lambda=1.0",20260737,47.56455574929714,1.0,0.5909557938575745,0.11578552547957026,9
"PGD estimated + CovAdap, lambda=1.0",20260738,42.09801380584637,1.0,0.1394728720188141,0.16132234405652357,30
"PGD estimated + CovAdap, lambda=1.0",20260739,45.6594725313286,1.0,0.14431695640087128,0.16678379729945209,20
"PGD estimated + CovAdap, lambda=1.0",20260740,48.01857955753803,1.0,0.399740993976593,0.1230868738868659,6
"PGD estimated + CovAdap, lambda=1.0",20260741,44.40820237994194,1.0,0.4741385579109192,0.16593179109003103,26
"PGD estimated + CovAdap, lambda=1.0",20260742,46.85030274093151,1.0,0.6166180372238159,0.44952658085726444,9
"PGD estimated + CovAdap, lambda=1.0",20260743,47.290821462869644,1.0,0.6304062008857727,0.12726154066269063,9
"PGD estimated + CovAdap, lambda=1.0",20260744,42.16775240873297,1.0,0.09714652597904205,0.19464638368586415,24
"PGD estimated + CovAdap, lambda=1.0",20260745,47.34002004315456,1.0,0.4900641143321991,0.09265386007302658,9
"PGD estimated + CovAdap, lambda=1.0",20260746,44.52885418136914,1.0,0.17328166961669922,0.1066026574400919,12
"PGD estimated + CovAdap, lambda=1.0",20260747,49.09006863335769,1.0,0.45856183767318726,0.1785810054220224,5
"PGD estimated + CovAdap, lambda=1.0",20260748,49.173474026223026,1.0,0.4041188657283783,0.11379221094654933,4
"PGD estimated + CovAdap, lambda=1.0",20260749,-124.53454979260763,0.0,60.64283752441406,0.1444171639029964,60
"PGD estimated + CovAdap, lambda=1.0",20260750,48.96351639429729,1.0,0.5083525776863098,0.2061857150388804,6
"PGD estimated + CovAdap, lambda=1.0",20260751,48.69211872170369,1.0,0.4898761808872223,0.11257261037063644,7
"PGD estimated + CovAdap, lambda=1.0",20260752,-96.43182361125945,0.0,47.13528060913086,0.1454208938480632,60
"PGD estimated + CovAdap, lambda=1.0",20260753,46.65816738704841,1.0,0.39151233434677124,0.16220109903721924,15
"PGD estimated + CovAdap, lambda=1.0",20260754,47.47394722948472,1.0,0.05366620421409607,0.13279731453098131,9
"PGD estimated + CovAdap, lambda=1.0",20260755,47.19184163957834,1.0,0.38036301732063293,0.16173859263472806,11
"PGD estimated + CovAdap, lambda=1.0",20260756,47.93181365728378,1.0,0.5259953141212463,0.14483556190815086,8
"PGD estimated + CovAdap, lambda=1.0",20260757,45.83364788939556,1.0,0.46924933791160583,0.20218840817559489,12
"PGD estimated + CovAdap, lambda=1.0",20260758,49.56822830438614,1.0,0.3854649066925049,0.4193424255531186,4
"PGD estimated + CovAdap, lambda=1.0",20260759,-106.10002322991689,0.0,54.19189453125,0.16153624262502458,60
"PGD estimated + CovAdap, lambda=1.0",20260760,-45.814320643742896,0.0,3.1893692016601562,0.1473025129572466,60
"PGD estimated + CovAdap, lambda=1.0",20260761,48.56852965305249,1.0,0.32150736451148987,0.14390762907575613,9
"PGD estimated + CovAdap, lambda=1.0",20260762,47.80540192872286,1.0,0.2247447669506073,0.15451352661006768,10
"PGD estimated + CovAdap, lambda=1.0",20260763,-93.66134557127951,0.0,47.12275695800781,0.1489089095183867,60
"PGD estimated + CovAdap, lambda=1.0",20260764,49.14692554871242,1.0,0.5867851972579956,0.12808464752541193,5
"PGD estimated + CovAdap, lambda=1.0",20260765,49.0956259816885,1.0,0.5658849477767944,0.08992139063512476,6
"PGD estimated + CovAdap, lambda=1.0",20260766,45.723323697845146,1.0,0.37999314069747925,0.27879786900350717,17
"PGD estimated + CovAdap, lambda=1.0",20260767,-101.54571942488352,0.0,61.922218322753906,0.14572204588360402,60
"PGD estimated + CovAdap, lambda=1.0",20260768,49.51837329566479,1.0,0.4555869698524475,0.0994167904667769,4
"PGD estimated + CovAdap, lambda=1.0",20260769,47.97633072237174,1.0,0.5301900506019592,0.11081401476640412,9
"PGD estimated + CovAdap, lambda=1.0",20260770,-22.168472458918885,0.0,4.430466651916504,0.12586633938026956,60
"PGD estimated + CovAdap, lambda=1.0",20260771,48.524158880114555,1.0,0.5932579636573792,0.22584819098529618,9
"PGD estimated + CovAdap, lambda=1.0",20260772,49.3329440827171,1.0,0.24704763293266296,0.09942263904724132,4
"PGD estimated + CovAdap, lambda=1.0",20260773,47.20537641644478,1.0,0.44145655632019043,0.11122436054491502,11
"PGD estimated + CovAdap, lambda=1.0",20260774,49.37850532929103,1.0,0.4022037982940674,0.12076435270900307,4
"PGD estimated + CovAdap, lambda=1.0",20260775,48.125550677378975,1.0,0.5715240240097046,0.12472717965767512,9
"PGD estimated + CovAdap, lambda=1.0",20260776,-76.7212861776352,0.0,31.07723045349121,0.14434146637378756,60
"PGD estimated + CovAdap, lambda=1.0",20260777,-66.39863228797913,0.0,30.01976776123047,0.14133796815217473,60
"PGD estimated + CovAdap, lambda=1.0",20260778,41.50210776428382,1.0,0.621076762676239,0.12443836898645694,22
"PGD estimated + CovAdap, lambda=1.0",20260779,49.23339561124643,1.0,0.5544145703315735,0.1095919565885602,6
"PGD estimated + CovAdap, lambda=1.0",20260780,47.57113797465961,1.0,0.2720295786857605,0.11282779830646955,13
"PGD estimated + CovAdap, lambda=1.0",20260781,41.567063361406326,1.0,0.4422479271888733,0.1696749203499409,28
"PGD estimated + CovAdap, lambda=1.0",20260782,-60.67354484399159,0.0,36.52768325805664,0.17004043403713753,60
"PGD estimated + CovAdap, lambda=1.0",20260783,-28.356246923406918,0.0,8.27116584777832,0.18625603793510656,60
"PGD estimated + CovAdap, lambda=1.0",20260784,-56.8021891117096,0.0,21.553028106689453,0.14153282422912525,60
"PGD estimated + CovAdap, lambda=1.0",20260785,47.22045283019543,1.0,0.3056807518005371,0.15383867584031957,12
"PGD estimated + CovAdap, lambda=1.0",20260786,45.97245454788208,1.0,0.5837523937225342,0.21769525775367268,18
"PGD estimated + CovAdap, lambda=1.0",20260787,48.67841077595949,1.0,0.4891926944255829,0.16382193536529513,9
"PGD estimated + CovAdap, lambda=1.0",20260788,49.84273195515076,1.0,0.33882591128349304,0.4959067901840535,2
"PGD estimated + CovAdap, lambda=1.0",20260789,49.027577474713326,1.0,0.10314631462097168,0.19615726327182167,7
"PGD estimated + CovAdap, lambda=1.0",20260790,49.69144916286071,1.0,0.30387476086616516,0.18669342099639175,3
"PGD estimated + CovAdap, lambda=1.0",20260791,48.863094652692475,1.0,0.5128366351127625,0.17984670750864473,6
"PGD estimated + CovAdap, lambda=1.0",20260792,49.5281352798144,1.0,0.5945717692375183,0.08539559133380817,4
"PGD estimated + CovAdap, lambda=1.0",20260793,47.27277475595474,1.0,0.4255383610725403,0.12727999839352394,12
"PGD estimated + CovAdap, lambda=1.0",20260794,-63.08043618996939,0.0,33.27153396606445,0.15716735452066571,60
"PGD estimated + CovAdap, lambda=1.0",20260795,-59.221517443656914,0.0,27.854978561401367,0.1340492917173933,60
"PGD estimated + CovAdap, lambda=1.0",20260796,48.56135826806227,1.0,0.5409556031227112,0.12965556086047733,5
"PGD estimated + CovAdap, lambda=1.0",20260797,47.01523927847544,1.0,0.39507436752319336,0.13348835545696633,12
"PGD estimated + CovAdap, lambda=1.0",20260798,-111.82863732179004,0.0,42.251895904541016,0.14618842620157219,60
"PGD estimated + CovAdap, lambda=1.0",20260799,-166.76402954260507,0.0,69.34624481201172,0.14748673903636514,60
"PGD estimated + CovAdap, lambda=1.0",20260800,48.88974650328358,1.0,0.2269618958234787,0.19781795284893203,7
"PGD estimated + CovAdap, lambda=1.0",20260801,47.92528617878755,1.0,0.6132165789604187,0.20561668747317371,7
"PGD estimated + CovAdap, lambda=1.0",20260802,-55.27977486451468,0.0,24.588043212890625,0.1571293597429795,60
"PGD estimated + CovAdap, lambda=1.0",20260803,43.86821817358335,1.0,0.6488223671913147,0.1815203092519798,42
"PGD estimated + CovAdap, lambda=1.0",20260804,48.120339592297874,1.0,0.5596150159835815,0.0966185429698087,7
"PGD estimated + CovAdap, lambda=1.0",20260805,-87.25307067235309,0.0,36.79659652709961,0.1702318800586821,60
"PGD estimated + CovAdap, lambda=1.0",20260806,49.659227614601456,1.0,0.5727798342704773,0.5229021499123756,3
"PGD estimated + CovAdap, lambda=1.0",20260807,47.772534837325416,1.0,0.5215263962745667,0.15025785374763376,20
"PGD estimated + CovAdap, lambda=1.0",20260808,43.103298239409924,1.0,0.38910314440727234,0.17366814186522572,17
"PGD estimated + CovAdap, lambda=1.0",20260809,47.83210550714284,1.0,0.0312812365591526,0.13321862447109065,15
"PGD estimated + CovAdap, lambda=1.0",20260810,43.12634325027466,1.0,0.6204134225845337,0.13051247373710775,16
"PGD estimated + CovAdap, lambda=1.0",20260811,48.39600320160389,1.0,0.44860774278640747,0.11573212910813435,7
"PGD estimated + CovAdap, lambda=1.0",20260812,49.38363501429558,1.0,0.47753995656967163,0.09776585683457312,5
"PGD estimated + CovAdap, lambda=1.0",20260813,47.981881669412054,1.0,0.21389661729335785,0.1321771772854665,13
"PGD estimated + CovAdap, lambda=1.0",20260814,46.39678763846556,1.0,0.5819002985954285,0.10994099467762507,11
"PGD estimated + CovAdap, lambda=1.0",20260815,49.175883673131466,1.0,0.34747645258903503,0.11856993817509828,5
"PGD estimated + CovAdap, lambda=1.0",20260816,36.259037574753165,1.0,0.031053118407726288,0.14103811403492847,37
"PGD estimated + CovAdap, lambda=1.0",20260817,35.87653290728728,1.0,0.5632646679878235,0.12254647878024573,28
"PGD estimated + CovAdap, lambda=1.0",20260818,49.207613895336785,1.0,0.5784945487976074,0.10373347420398543,4
"PGD estimated + CovAdap, lambda=1.0",20260819,47.37291106084982,1.0,0.5920512080192566,0.1366625321664757,10
"PGD estimated + CovAdap, lambda=1.0",20260820,-39.75801831483842,0.0,8.175986289978027,0.14301192525294457,60
"PGD estimated + CovAdap, lambda=1.0",20260821,45.82009733219942,1.0,0.5435596704483032,0.1411799005513472,14
"PGD estimated + CovAdap, lambda=1.0",20260822,-33.74675434827805,0.0,4.919820308685303,0.1473258201180245,60
"PGD estimated + CovAdap, lambda=1.0",20260823,48.989811504880585,1.0,0.6452621221542358,0.11891921031922713,7
"PGD estimated + CovAdap, lambda=1.0",20260824,43.48702285190423,1.0,0.4316425919532776,0.2090286719797507,21
"PGD estimated + CovAdap, lambda=1.0",20260825,48.07817916075388,1.0,0.6497921943664551,0.10126212488968078,7
"PGD estimated + CovAdap, lambda=1.0",20260826,44.05366609493891,1.0,0.5776486396789551,0.12001105643862194,21
"PGD estimated + CovAdap, lambda=1.0",20260827,47.343896990021065,1.0,0.5788483023643494,0.10920803963847987,9
"PGD estimated + CovAdap, lambda=1.0",20260828,-49.39938759803773,0.0,1.2715321779251099,0.1613442190426425,60
"PGD estimated + CovAdap, lambda=1.0",20260829,48.892781292398766,1.0,0.3795716166496277,0.10170275875593351,5
"PGD estimated + CovAdap, lambda=1.0",20260830,47.287669971585274,1.0,0.47149813175201416,0.14835504236617905,16
"PGD estimated + CovAdap, lambda=1.0",20260831,43.370554864406586,1.0,0.4616089463233948,0.1454776519648317,21
"PGD estimated + CovAdap, lambda=1.0",20260832,49.168757339318596,1.0,0.649197518825531,0.18539467417569294,7
"PGD estimated + CovAdap, lambda=1.0",20260833,-52.160682221253715,0.0,30.640424728393555,0.13681698134045842,60
"PGD estimated + CovAdap, lambda=1.0",20260834,49.346098056683935,1.0,0.23981784284114838,0.13014615878051314,5
"PGD estimated + CovAdap, lambda=1.0",20260835,47.5371390680472,1.0,0.5890097618103027,0.10659312992735882,12
"PGD estimated + CovAdap, lambda=1.0",20260836,49.50082706411679,1.0,0.552531361579895,0.09858813887504565,3
"PGD estimated + CovAdap, lambda=1.0",20260837,-71.89589579900105,0.0,25.62932014465332,0.15193897277982732,60
"PGD estimated + CovAdap, lambda=1.0",20260838,48.45427167912324,1.0,0.6247813105583191,0.09364902173391587,7
"PGD estimated + CovAdap, lambda=1.0",20260839,45.0426682283481,1.0,0.3991280198097229,0.1769108923597119,13
"PGD estimated + CovAdap, lambda=1.0",20260840,43.51567134012779,1.0,0.4092814028263092,0.13899676632046745,20
"PGD estimated + CovAdap, lambda=1.0",20260841,45.28062924742699,1.0,0.5460700392723083,0.2232067990630337,19
"PGD estimated + CovAdap, lambda=1.0",20260842,45.63965421418349,1.0,0.6405246257781982,0.15030728273386934,13
"PGD estimated + CovAdap, lambda=1.0",20260843,48.33255573362112,1.0,0.4931463897228241,0.11279750493190543,7
"PGD estimated + CovAdap, lambda=1.0",20260844,34.93615638713042,1.0,0.35799145698547363,0.16710128139641464,40
"PGD estimated + CovAdap, lambda=1.0",20260845,46.788202272107206,1.0,0.21488772332668304,0.16629579976802536,14
"PGD estimated + CovAdap, lambda=1.0",20260846,47.818738055725895,1.0,0.4424164593219757,0.12664201979670786,8
"PGD estimated + CovAdap, lambda=1.0",20260847,47.81592456996441,1.0,0.5603477358818054,0.134649414623308,9
"PGD estimated + CovAdap, lambda=1.0",20260848,48.55852026989062,1.0,0.4162566363811493,0.1269124250311142,9
"PGD estimated + CovAdap, lambda=1.0",20260849,48.41621013482412,1.0,0.6182923913002014,0.11664848642832089,7
"PGD estimated + CovAdap, lambda=1.0",20260850,49.1031279116869,1.0,0.5659547448158264,0.2047285825024577,4
"PGD estimated + CovAdap, lambda=1.0",20260851,43.93296079337597,1.0,0.594659686088562,0.12073327321277069,17
"PGD estimated + CovAdap, lambda=1.0",20260852,47.85532179226478,1.0,0.29140612483024597,0.19359595515914382,16
"PGD estimated + CovAdap, lambda=1.0",20260853,48.36282440523306,1.0,0.42268145084381104,0.11956962897173685,18
"PGD estimated + CovAdap, lambda=1.0",20260854,-56.10582415262858,0.0,8.302800178527832,0.1450347707615917,60
"PGD estimated + CovAdap, lambda=1.0",20260855,49.713311195373535,1.0,0.3972429037094116,0.08039574896791635,3
"PGD estimated + CovAdap, lambda=1.0",20260856,46.91697892298301,1.0,0.46116259694099426,0.15034585791954774,10
"PGD estimated + CovAdap, lambda=1.0",20260857,48.590418606996536,1.0,0.5849546194076538,0.11190107715299431,6
"PGD estimated + CovAdap, lambda=1.0",20260858,40.33588953316212,1.0,0.5834984183311462,0.1622846916755202,23
"PGD estimated + CovAdap, lambda=1.0",20260859,48.62286413336794,1.0,0.16956208646297455,0.1031380467857425,6
"PGD estimated + CovAdap, lambda=1.0",20260860,41.06212732940912,1.0,0.42291250824928284,0.14058092943196207,29
"PGD estimated + CovAdap, lambda=1.0",20260861,44.550019865234695,1.0,0.6196703314781189,0.15124350414118753,14
"PGD estimated + CovAdap, lambda=1.0",20260862,48.7249980121851,1.0,0.5908153653144836,0.11080794843190345,6
"PGD estimated + CovAdap, lambda=1.0",20260863,49.684424785276256,1.0,0.23200753331184387,0.16497325595448156,3
"PGD estimated + CovAdap, lambda=1.0",20260864,49.66085313012203,1.0,0.47762617468833923,0.10962435510164854,3
"PGD estimated + CovAdap, lambda=1.0",20260865,49.15236231684685,1.0,0.41738027334213257,0.1816923915173971,8
"PGD estimated + CovAdap, lambda=1.0",20260866,-43.03330770134925,0.0,16.453710556030273,0.1535766901736006,60
"PGD estimated + CovAdap, lambda=1.0",20260867,45.797114719947174,1.0,0.09165167808532715,0.19227703724798095,12
"PGD estimated + CovAdap, lambda=1.0",20260868,45.82830141298473,1.0,0.09314712136983871,0.13744009317828842,10
"PGD estimated + CovAdap, lambda=1.0",20260869,46.52910441160202,1.0,0.6294882893562317,0.14423238058257573,22
"PGD estimated + CovAdap, lambda=1.0",20260870,-77.99932072559992,0.0,43.82127380371094,0.1680989215773424,60
"PGD estimated + CovAdap, lambda=1.0",20260871,48.054685957729816,1.0,0.47820213437080383,0.1769629545897836,7
"PGD estimated + CovAdap, lambda=1.0",20260872,-122.44095909595487,0.0,42.68144989013672,0.17146179562008315,60
"PGD estimated + CovAdap, lambda=1.0",20260873,-52.00154060125351,0.0,10.672622680664062,0.14898117915562464,60
"PGD estimated + CovAdap, lambda=1.0",20260874,41.160807847976685,1.0,0.5966504812240601,0.141085306361621,40
"PGD estimated + CovAdap, lambda=1.0",20260875,-151.91344853242236,0.0,62.95934295654297,0.17347014624320048,60
"PGD estimated + CovAdap, lambda=1.0",20260876,32.67066645373902,1.0,0.4459998905658722,0.18055533401128057,56
"PGD estimated + CovAdap, lambda=1.0",20260877,44.725907246271774,1.0,0.6182682514190674,0.09867587398482666,16
"PGD estimated + CovAdap, lambda=1.0",20260878,35.08391597867011,1.0,0.5172064900398254,0.14506408392681233,31
"PGD estimated + CovAdap, lambda=1.0",20260879,-38.72630013525486,0.0,9.894018173217773,0.17211771901160539,60
"PGD estimated + CovAdap, lambda=1.0",20260880,44.99411230285962,1.0,0.3922799229621887,0.1609803069093885,17
"PGD estimated + CovAdap, lambda=1.0",20260881,48.87175642699003,1.0,0.3654906451702118,0.1792250822546405,5
"PGD estimated + CovAdap, lambda=1.0",20260882,46.41963102916877,1.0,0.6421951651573181,0.5038388775909257,10
"PGD estimated + CovAdap, lambda=1.0",20260883,45.63501611848672,1.0,0.600430965423584,0.12947043167283542,17
"PGD estimated + CovAdap, lambda=1.0",20260884,-36.20751665035884,0.0,9.540109634399414,0.14290310317479946,60
"PGD estimated + CovAdap, lambda=1.0",20260885,41.3218869070212,1.0,0.6353422403335571,0.1375010721863524,20
"PGD estimated + CovAdap, lambda=1.0",20260886,48.55112131933371,1.0,0.6312427520751953,0.1242698573440626,11
"PGD estimated + CovAdap, lambda=1.0",20260887,48.5429045210282,1.0,0.2883022427558899,0.09565932209857637,6
"PGD estimated + CovAdap, lambda=1.0",20260888,44.87516499559084,1.0,0.5099785923957825,0.13086533051400495,18
"PGD estimated + CovAdap, lambda=1.0",20260889,42.91602240875363,1.0,0.1900854855775833,0.15243301854460586,28
"PGD estimated + CovAdap, lambda=1.0",20260890,-134.3703682124615,0.0,56.63821029663086,0.1434645341724753,60
"PGD estimated + CovAdap, lambda=1.0",20260891,49.38902993003528,1.0,0.6448417901992798,0.09786723443349847,6
"PGD estimated + CovAdap, lambda=1.0",20260892,49.66736379762491,1.0,0.12574690580368042,0.12697198126045106,5
"PGD estimated + CovAdap, lambda=1.0",20260893,48.952782690525055,1.0,0.5277653932571411,0.0988139455804191,6
"PGD estimated + CovAdap, lambda=1.0",20260894,47.4922841116786,1.0,0.468782514333725,0.24571709000385128,8
"PGD estimated + CovAdap, lambda=1.0",20260895,-111.22497600317006,0.0,44.16189193725586,0.1460697743850797,60
"PGD estimated + CovAdap, lambda=1.0",20260896,49.52936773002148,1.0,0.646571934223175,0.22512436535523744,5
"PGD estimated + CovAdap, lambda=1.0",20260897,49.456901460886,1.0,0.5582603812217712,0.15031537245685686,4
"PGD estimated + CovAdap, lambda=1.0",20260898,32.312230671445526,1.0,0.3464778661727905,0.18633007661314197,50
"PGD estimated + CovAdap, lambda=1.0",20260899,48.47082750995954,1.0,0.5391741991043091,0.08312828717983783,8
"PGD estimated + CovAdap, lambda=1.0",20260900,34.31010324756304,1.0,0.5529917478561401,0.15637443712683205,34
"PGD estimated + CovAdap, lambda=1.0",20260901,49.32726466407378,1.0,0.2522876560688019,0.1700944853077955,4
"PGD estimated + CovAdap, lambda=1.0",20260902,48.90971933801969,1.0,0.5696462988853455,0.13464239044271983,7
"PGD estimated + CovAdap, lambda=1.0",20260903,49.599483260263995,1.0,0.14384277164936066,0.1212325706033478,4
"PGD estimated + CovAdap, lambda=1.0",20260904,49.46512171626091,1.0,0.6184239387512207,0.10864491651368476,5
"PGD estimated + CovAdap, lambda=1.0",20260905,45.05869525671005,1.0,0.5640178918838501,0.1392130537234456,14
"PGD estimated + CovAdap, lambda=1.0",20260906,45.41800213853518,1.0,0.5020791888237,0.17011699908435532,19
"PGD estimated + CovAdap, lambda=1.0",20260907,-42.581695993741356,0.0,18.90909194946289,0.16530981926211738,60
"PGD estimated + CovAdap, lambda=1.0",20260908,45.864681328336395,1.0,0.5687656998634338,0.16395846607582093,23
"PGD estimated + CovAdap, lambda=1.0",20260909,47.753870444993176,1.0,0.40979841351509094,0.11391174685541859,11
"PGD estimated + CovAdap, lambda=1.0",20260910,47.370089784264565,1.0,0.6468239426612854,0.13183392476341965,11
"PGD estimated + CovAdap, lambda=1.0",20260911,48.51293872048458,1.0,0.35238566994667053,0.14775597739669052,6
"PGD estimated + CovAdap, lambda=1.0",20260912,-96.28438337643941,0.0,40.866050720214844,0.13542553700876916,60
"PGD estimated + CovAdap, lambda=1.0",20260913,49.31918055812518,1.0,0.612075924873352,0.1154407814582768,4
"PGD estimated + CovAdap, lambda=1.0",20260914,47.43314905713002,1.0,0.3926760256290436,0.1259932630167646,8
"PGD estimated + CovAdap, lambda=1.0",20260915,49.23874332010746,1.0,0.5525606274604797,0.13820314877359885,6
"PGD estimated + CovAdap, lambda=1.0",20260916,46.992783688008785,1.0,0.34029683470726013,0.18303347956340071,23
"PGD estimated + CovAdap, lambda=1.0",20260917,43.104995504021645,1.0,0.6236072778701782,0.14597373901432129,24
"PGD estimated + CovAdap, lambda=1.0",20260918,48.161975460126996,1.0,0.0741061344742775,0.25295895461975787,6
"PGD estimated + CovAdap, lambda=1.0",20260919,-69.28893180688222,0.0,29.70928382873535,0.15099033461034986,60
"PGD estimated + CovAdap, lambda=1.0",20260920,49.08324077477058,1.0,0.4285755455493927,0.18125636687950816,5
"PGD estimated + CovAdap, lambda=1.0",20260921,-103.01723802089691,0.0,23.003087997436523,0.15549030142032905,60
"PGD estimated + CovAdap, lambda=1.0",20260922,48.8491469596823,1.0,0.055869847536087036,0.08775906579557324,6
"PGD estimated + CovAdap, lambda=1.0",20260923,43.91351155936718,1.0,0.6451331973075867,0.12943905254436966,14
"PGD estimated + CovAdap, lambda=1.0",20260924,48.75939843058586,1.0,0.4598524570465088,0.12067245554987217,6
"PGD estimated + CovAdap, lambda=1.0",20260925,49.083128323157624,1.0,0.4655614495277405,0.12219792106041819,5
"PGD estimated + CovAdap, lambda=1.0",20260926,48.80336647729079,1.0,0.5818516612052917,0.13793384747364443,5
"PGD estimated + CovAdap, lambda=1.0",20260927,49.10580366353194,1.0,0.38028329610824585,0.08863268069863317,7
"PGD estimated + CovAdap, lambda=1.0",20260928,-120.46842871109648,0.0,70.80290985107422,0.13370074594012857,60
"PGD estimated + CovAdap, lambda=1.0",20260929,45.60326967140038,1.0,0.30821090936660767,0.16459240898282607,16
"PGD estimated + CovAdap, lambda=1.0",20260930,49.40920012692611,1.0,0.4786982536315918,0.1176668783650939,4
"PGD estimated + CovAdap, lambda=1.0",20260931,48.67138214160999,1.0,0.3369457423686981,0.1215396785070862,6
"PGD estimated + CovAdap, lambda=1.0",20260932,47.734564830859505,1.0,0.436220645904541,0.1309182498150069,8
"PGD estimated + CovAdap, lambda=1.0",20260933,48.93333686391512,1.0,0.4010598659515381,0.1879772427831305,4
"PGD estimated + CovAdap, lambda=1.0",20260934,47.16333914051454,1.0,0.48028871417045593,0.12516467579709067,9
"PGD estimated + CovAdap, lambda=1.0",20260935,41.99800164749225,1.0,0.4603019654750824,0.1585551484896694,23
"PGD estimated + CovAdap, lambda=1.0",20260936,44.24534937739372,1.0,0.5465370416641235,0.13399986345903883,20
"PGD estimated + CovAdap, lambda=1.0",20260937,-123.87233928839362,0.0,38.31953811645508,0.13254443924566264,60
"PGD estimated + CovAdap, lambda=1.0",20260938,48.61663940052191,1.0,0.30390793085098267,0.23017276720504468,6
"PGD estimated + CovAdap, lambda=1.0",20260939,40.83513380835454,1.0,0.4870748817920685,0.1350595836667007,20
"PGD estimated + CovAdap, lambda=1.0",20260940,47.42017403741677,1.0,0.5359869599342346,0.1315714015503083,23
"PGD estimated + CovAdap, lambda=1.0",20260941,46.475466740628086,1.0,0.458359032869339,0.17793718388949176,16
"PGD estimated + CovAdap, lambda=1.0",20260942,46.80874605973562,1.0,0.5119929313659668,0.1762331177353444,10
"PGD estimated + CovAdap, lambda=1.0",20260943,43.170907855033875,1.0,0.6312960982322693,0.18176546341322725,27
"PGD estimated + CovAdap, lambda=1.0",20260944,48.63312446077665,1.0,0.5333389639854431,0.14103111284884504,9
"PGD estimated + CovAdap, lambda=1.0",20260945,47.71560342609882,1.0,0.429953932762146,0.1383449672313376,15
"PGD estimated + CovAdap, lambda=1.0",20260946,48.13056372602781,1.0,0.5391494035720825,0.11226869696601297,10
"PGD estimated + CovAdap, lambda=1.0",20260947,48.41622503101826,1.0,0.5711442232131958,0.21125441327406702,10
"PGD estimated + CovAdap, lambda=1.0",20260948,47.483106498916946,1.0,0.34530216455459595,0.15560127720304578,9
"PGD estimated + CovAdap, lambda=1.0",20260949,48.37069994211197,1.0,0.5583116412162781,0.14579036386968264,9
"PGD estimated + CovAdap, lambda=1.0",20260950,48.803073015064,1.0,0.2001226395368576,0.1322850145978482,7
"PGD estimated + CovAdap, lambda=1.0",20260951,49.4999482134978,1.0,0.4644208550453186,0.10292704010406109,5
"PGD estimated + CovAdap, lambda=1.0",20260952,48.7712049682935,1.0,0.5689572095870972,0.11637324577383938,7
"PGD estimated + CovAdap, lambda=1.0",20260953,48.395801896850266,1.0,0.5880983471870422,0.23883881550928912,7
"PGD estimated + CovAdap, lambda=1.0",20260954,47.820418521761894,1.0,0.5599148869514465,0.1447979821778024,7
"PGD estimated + CovAdap, lambda=1.0",20260955,47.93052552640438,1.0,0.47532200813293457,0.15737553704667137,15
"PGD estimated + CovAdap, lambda=1.0",20260956,48.54465044041475,1.0,0.6028849482536316,0.15198022083630133,6
"PGD estimated + CovAdap, lambda=1.0",20260957,43.98550133407116,1.0,0.6479766964912415,0.15872515959484573,21
"PGD estimated + CovAdap, lambda=1.0",20260958,48.23462058479587,1.0,0.18615765869617462,0.11650414485791816,12
"PGD estimated + CovAdap, lambda=1.0",20260959,-24.322709510723755,0.0,7.351876735687256,0.15709649201247103,60
"PGD estimated + CovAdap, lambda=1.0",20260960,48.60371379554272,1.0,0.5182048082351685,0.1554264010008426,7
"PGD estimated + CovAdap, lambda=1.0",20260961,48.92376441756884,1.0,0.4990953207015991,0.12260652054684469,5
"PGD estimated + CovAdap, lambda=1.0",20260962,46.99880685160557,1.0,0.48072728514671326,0.13222439870368605,13
"PGD estimated + CovAdap, lambda=1.0",20260963,46.626549596587815,1.0,0.5935084819793701,0.15292330767084825,25
"PGD estimated + CovAdap, lambda=1.0",20260964,49.12076437473297,1.0,0.6203118562698364,0.21294903062070727,4
"PGD estimated + CovAdap, lambda=1.0",20260965,47.221490586797394,1.0,0.2549142837524414,0.16110346102811754,14
"PGD estimated + CovAdap, lambda=1.0",20260966,49.131648836036526,1.0,0.4274784028530121,0.14593111223014446,7
"PGD estimated + CovAdap, lambda=1.0",20260967,49.41985907653967,1.0,0.3368756175041199,0.1338066881023712,6
"PGD estimated + CovAdap, lambda=1.0",20260968,-72.41108185052872,0.0,36.99348068237305,0.17849925963254648,60
"PGD estimated + CovAdap, lambda=1.0",20260969,-125.70625114440918,0.0,40.27259826660156,0.13807192162223159,60
"PGD estimated + CovAdap, lambda=1.0",20260970,-36.0053551197052,0.0,0.8752506375312805,0.14767034489504535,60
"PGD estimated + CovAdap, lambda=1.0",20260971,45.108676900466286,1.0,0.6404526233673096,0.18463150001990755,15
"PGD estimated + CovAdap, lambda=1.0",20260972,47.385093477865055,1.0,0.22539976239204407,0.15497146723157712,8
"PGD estimated + CovAdap, lambda=1.0",20260973,43.0237403685848,1.0,0.34741905331611633,0.20564155757630623,18
"PGD estimated + CovAdap, lambda=1.0",20260974,47.82091246545315,1.0,0.3881070017814636,0.15916965297374724,8
"PGD estimated + CovAdap, lambda=1.0",20260975,46.70506942272186,1.0,0.5012522339820862,0.15551811284098863,12
"PGD estimated + CovAdap, lambda=1.0",20260976,-106.02783990899721,0.0,53.93925094604492,0.16419259540418144,60
"PGD estimated + CovAdap, lambda=1.0",20260977,49.419376293818154,1.0,0.41734206676483154,0.10442392282621367,7
"PGD estimated + CovAdap, lambda=1.0",20260978,48.39541952311993,1.0,0.5067727565765381,0.1276647870572539,7
"PGD estimated + CovAdap, lambda=1.0",20260979,45.529929389556244,1.0,0.6179676055908203,0.19173818477575674,24
"PGD estimated + CovAdap, lambda=1.0",20260980,-58.798835833867386,0.0,16.668750762939453,0.16428449854197918,60
"PGD estimated + CovAdap, lambda=1.0",20260981,49.15202576418718,1.0,0.5419949889183044,0.41219457201408405,6
"PGD estimated + CovAdap, lambda=1.0",20260982,-29.09977403283119,0.0,8.164182662963867,0.16447431666670806,60
"PGD estimated + CovAdap, lambda=2.0",20260733,49.71786365409692,1.0,0.34635138511657715,0.15466323573787066,3
"PGD estimated + CovAdap, lambda=2.0",20260734,49.095220467696585,1.0,0.1296313852071762,0.08957897087972867,5
"PGD estimated + CovAdap, lambda=2.0",20260735,49.577093094587326,1.0,0.5418025851249695,0.1418387765910308,4
"PGD estimated + CovAdap, lambda=2.0",20260736,-63.84591176112493,0.0,15.155498504638672,0.1455910107859698,60
"PGD estimated + CovAdap, lambda=2.0",20260737,47.56455574929714,1.0,0.5909557938575745,0.11578552547957026,9
"PGD estimated + CovAdap, lambda=2.0",20260738,42.106533194581665,1.0,0.13851618766784668,0.16025742748886856,30
"PGD estimated + CovAdap, lambda=2.0",20260739,45.66544197623928,1.0,0.13922910392284393,0.16883398842060554,20
"PGD estimated + CovAdap, lambda=2.0",20260740,48.01832499603431,1.0,0.3939717411994934,0.11379086636045756,6
"PGD estimated + CovAdap, lambda=2.0",20260741,44.406138976415,1.0,0.47416406869888306,0.16592250416460536,26
"PGD estimated + CovAdap, lambda=2.0",20260742,46.88435194392999,1.0,0.5986291170120239,0.4124499115191385,9
"PGD estimated + CovAdap, lambda=2.0",20260743,47.34149673084418,1.0,0.624949038028717,0.11643660824479933,9
"PGD estimated + CovAdap, lambda=2.0",20260744,42.175865882386766,1.0,0.06643016636371613,0.19283724018625792,24
"PGD estimated + CovAdap, lambda=2.0",20260745,47.34002004315456,1.0,0.4900641143321991,0.09265386007302658,9
"PGD estimated + CovAdap, lambda=2.0",20260746,44.52885418136914,1.0,0.17328166961669922,0.1066026574400919,12
"PGD estimated + CovAdap, lambda=2.0",20260747,49.083870738744736,1.0,0.47290265560150146,0.1754132163390682,5
"PGD estimated + CovAdap, lambda=2.0",20260748,49.173474026223026,1.0,0.4041188657283783,0.11379221094654933,4
"PGD estimated + CovAdap, lambda=2.0",20260749,-124.5359075665474,0.0,60.644527435302734,0.1465429878027855,60
"PGD estimated + CovAdap, lambda=2.0",20260750,48.96585089713335,1.0,0.48033854365348816,0.20663603501479524,6
"PGD estimated + CovAdap, lambda=2.0",20260751,48.69211872170369,1.0,0.4898761808872223,0.11257261037063644,7
"PGD estimated + CovAdap, lambda=2.0",20260752,-96.436229377985,0.0,47.13348388671875,0.14644422389871908,60
"PGD estimated + CovAdap, lambda=2.0",20260753,46.65945156663656,1.0,0.3914671838283539,0.16325491565518713,15
"PGD estimated + CovAdap, lambda=2.0",20260754,47.47546958706031,1.0,0.05807032808661461,0.1311775921988806,9
"PGD estimated + CovAdap, lambda=2.0",20260755,47.190693244338036,1.0,0.3835321068763733,0.16106761841035797,11
"PGD estimated + CovAdap, lambda=2.0",20260756,47.93648477643728,1.0,0.4699418842792511,0.1428962130493995,8
"PGD estimated + CovAdap, lambda=2.0",20260757,45.84561131646236,1.0,0.39968350529670715,0.19735737311124366,12
"PGD estimated + CovAdap, lambda=2.0",20260758,49.56487406541904,1.0,0.37103089690208435,0.4192847905386689,4
"PGD estimated + CovAdap, lambda=2.0",20260759,-106.1132301489512,0.0,54.193546295166016,0.16476800328776117,60
"PGD estimated + CovAdap, lambda=2.0",20260760,-45.79627674818038,0.0,3.1345949172973633,0.14549524452481438,60
"PGD estimated + CovAdap, lambda=2.0",20260761,48.59617810944716,1.0,0.6495741605758667,0.14360739296243039,8
"PGD estimated + CovAdap, lambda=2.0",20260762,47.809083173672356,1.0,0.22460854053497314,0.15074040037825445,10
"PGD estimated + CovAdap, lambda=2.0",20260763,-93.66200666626294,0.0,47.122650146484375,0.15088778855251814,60
"PGD estimated + CovAdap, lambda=2.0",20260764,49.14692554871242,1.0,0.5867851972579956,0.12808464752541193,5
"PGD estimated + CovAdap, lambda=2.0",20260765,49.0956259816885,1.0,0.5658849477767944,0.08992139063512476,6
"PGD estimated + CovAdap, lambda=2.0",20260766,45.77571847538153,1.0,0.4642830491065979,0.2632156338691412,17
"PGD estimated + CovAdap, lambda=2.0",20260767,-101.5415409008662,0.0,61.923179626464844,0.14880744840991145,60
"PGD estimated + CovAdap, lambda=2.0",20260768,49.51837329566479,1.0,0.4555869698524475,0.0994167904667769,4
"PGD estimated + CovAdap, lambda=2.0",20260769,47.97633072237174,1.0,0.5301900506019592,0.11081401476640412,9
"PGD estimated + CovAdap, lambda=2.0",20260770,-22.17419770359993,0.0,4.430448055267334,0.1262788244145808,60
"PGD estimated + CovAdap, lambda=2.0",20260771,48.549810245633125,1.0,0.5980865359306335,0.21767269300812184,9
"PGD estimated + CovAdap, lambda=2.0",20260772,49.3329440827171,1.0,0.24704763293266296,0.09942263904724132,4
"PGD estimated + CovAdap, lambda=2.0",20260773,47.203736183544,1.0,0.44310083985328674,0.10982836261857289,11
"PGD estimated + CovAdap, lambda=2.0",20260774,49.37850532929103,1.0,0.4022037982940674,0.12076435270900307,4
"PGD estimated + CovAdap, lambda=2.0",20260775,48.127350782354675,1.0,0.5668744444847107,0.12389831998634954,9
"PGD estimated + CovAdap, lambda=2.0",20260776,-76.73071086406708,0.0,31.075477600097656,0.14374291401262038,60
"PGD estimated + CovAdap, lambda=2.0",20260777,-66.39803429444632,0.0,30.019775390625,0.14868282829389495,60
"PGD estimated + CovAdap, lambda=2.0",20260778,41.501896272103,1.0,0.6210799813270569,0.12520935379363465,22
"PGD estimated + CovAdap, lambda=2.0",20260779,49.23339561124643,1.0,0.5544145703315735,0.1095919565885602,6
"PGD estimated + CovAdap, lambda=2.0",20260780,47.57113797465961,1.0,0.2720295786857605,0.11282779830646955,13
"PGD estimated + CovAdap, lambda=2.0",20260781,41.629124676187836,1.0,0.6442075371742249,0.16840515932538536,27
"PGD estimated + CovAdap, lambda=2.0",20260782,-60.67820666233699,0.0,36.52912521362305,0.17552134733044117,60
"PGD estimated + CovAdap, lambda=2.0",20260783,-28.099949285387993,0.0,8.229114532470703,0.18438899612912357,60
"PGD estimated + CovAdap, lambda=2.0",20260784,-56.8063880602519,0.0,21.553016662597656,0.13917532723655054,60
"PGD estimated + CovAdap, lambda=2.0",20260785,47.221074126660824,1.0,0.3055185377597809,0.15226805464236423,12
"PGD estimated + CovAdap, lambda=2.0",20260786,46.001428609093026,1.0,0.4808913469314575,0.20888818202186443,18
"PGD estimated + CovAdap, lambda=2.0",20260787,48.67915077755848,1.0,0.4881928861141205,0.16518791641925093,9
"PGD estimated + CovAdap, lambda=2.0",20260788,49.853334461649254,1.0,0.3493502736091614,0.5024985963141042,2
"PGD estimated + CovAdap, lambda=2.0",20260789,49.02899367300173,1.0,0.10376814752817154,0.19211627143445703,7
"PGD estimated + CovAdap, lambda=2.0",20260790,49.68767609447241,1.0,0.3255678117275238,0.18285206947151866,3
"PGD estimated + CovAdap, lambda=2.0",20260791,48.86907133460045,1.0,0.48104751110076904,0.17650877028933007,6
"PGD estimated + CovAdap, lambda=2.0",20260792,49.5281352798144,1.0,0.5945717692375183,0.08539559133380817,4
"PGD estimated + CovAdap, lambda=2.0",20260793,47.27277475595474,1.0,0.4255383610725403,0.12727999839352394,12
"PGD estimated + CovAdap, lambda=2.0",20260794,-63.08852690458297,0.0,33.27204895019531,0.15553602794585766,60
"PGD estimated + CovAdap, lambda=2.0",20260795,-59.219707449277244,0.0,27.854934692382812,0.13476245403659667,60
"PGD estimated + CovAdap, lambda=2.0",20260796,48.56410262982051,1.0,0.5390039682388306,0.12099148477949735,5
"PGD estimated + CovAdap, lambda=2.0",20260797,47.00918558239937,1.0,0.4142729640007019,0.13354766568272655,12
"PGD estimated + CovAdap, lambda=2.0",20260798,-111.83406676848729,0.0,42.256996154785156,0.14735716578931937,60
"PGD estimated + CovAdap, lambda=2.0",20260799,-166.7761538823446,0.0,69.3489761352539,0.15133883243186266,60
"PGD estimated + CovAdap, lambda=2.0",20260800,48.893043268471956,1.0,0.21653248369693756,0.19488727041323897,7
"PGD estimated + CovAdap, lambda=2.0",20260801,47.977676739295326,1.0,0.6497513055801392,0.15856474520953043,6
"PGD estimated + CovAdap, lambda=2.0",20260802,-55.26838866869608,0.0,24.58367919921875,0.1579480276433089,60
"PGD estimated + CovAdap, lambda=2.0",20260803,43.90130733450254,1.0,0.6474612355232239,0.18338300980195482,42
"PGD estimated + CovAdap, lambda=2.0",20260804,48.120339592297874,1.0,0.5596150159835815,0.0966185429698087,7
"PGD estimated + CovAdap, lambda=2.0",20260805,-87.24104913075765,0.0,36.797298431396484,0.17455178562987644,60
"PGD estimated + CovAdap, lambda=2.0",20260806,49.66551661491394,1.0,0.516312837600708,0.6317672763917331,3
"PGD estimated + CovAdap, lambda=2.0",20260807,47.76893834769726,1.0,0.5215263366699219,0.15126885890353653,20
"PGD estimated + CovAdap, lambda=2.0",20260808,43.10459321985642,1.0,0.3902377784252167,0.17023773021193894,17
"PGD estimated + CovAdap, lambda=2.0",20260809,47.83210550714284,1.0,0.0312812365591526,0.13321862447109065,15
"PGD estimated + CovAdap, lambda=2.0",20260810,43.12634325027466,1.0,0.6204134225845337,0.13051247373710775,16
"PGD estimated + CovAdap, lambda=2.0",20260811,48.39278194308281,1.0,0.45843231678009033,0.11811389727142095,7
"PGD estimated + CovAdap, lambda=2.0",20260812,49.38363501429558,1.0,0.47753995656967163,0.09776585683457312,5
"PGD estimated + CovAdap, lambda=2.0",20260813,47.98340839147568,1.0,0.21296793222427368,0.1322372728292217,13
"PGD estimated + CovAdap, lambda=2.0",20260814,46.39678763846556,1.0,0.5819002985954285,0.10994099467762507,11
"PGD estimated + CovAdap, lambda=2.0",20260815,49.175883673131466,1.0,0.34747645258903503,0.11856993817509828,5
"PGD estimated + CovAdap, lambda=2.0",20260816,36.253332750561334,1.0,0.05264030024409294,0.14195484813371778,37
"PGD estimated + CovAdap, lambda=2.0",20260817,35.876390149196,1.0,0.5632665157318115,0.12738830059305598,28
"PGD estimated + CovAdap, lambda=2.0",20260818,49.207613895336785,1.0,0.5784945487976074,0.10373347420398543,4
"PGD estimated + CovAdap, lambda=2.0",20260819,47.33941345413526,1.0,0.31923091411590576,0.13351360407380541,11
"PGD estimated + CovAdap, lambda=2.0",20260820,-39.76126476128896,0.0,8.175972938537598,0.142775030227756,60
"PGD estimated + CovAdap, lambda=2.0",20260821,45.823833614587784,1.0,0.5248638987541199,0.14230450766004368,14
"PGD estimated + CovAdap, lambda=2.0",20260822,-33.745054165522255,0.0,4.919893741607666,0.14649024272550654,60
"PGD estimated + CovAdap, lambda=2.0",20260823,48.98718798657258,1.0,0.6442228555679321,0.12085993483439794,7
"PGD estimated + CovAdap, lambda=2.0",20260824,43.48136586447557,1.0,0.4438483715057373,0.21680240085810348,21
"PGD estimated + CovAdap, lambda=2.0",20260825,48.07817916075388,1.0,0.6497921943664551,0.10126212488968078,7
"PGD estimated + CovAdap, lambda=2.0",20260826,44.05366609493891,1.0,0.5776486396789551,0.12001105643862194,21
"PGD estimated + CovAdap, lambda=2.0",20260827,47.34295408427715,1.0,0.5867317318916321,0.1054627076609988,9
"PGD estimated + CovAdap, lambda=2.0",20260828,-49.396838903427124,0.0,1.274860143661499,0.16254222259418147,60
"PGD estimated + CovAdap, lambda=2.0",20260829,48.892781292398766,1.0,0.3795716166496277,0.10170275875593351,5
"PGD estimated + CovAdap, lambda=2.0",20260830,47.29392412304878,1.0,0.46738553047180176,0.14650250550174373,16
"PGD estimated + CovAdap, lambda=2.0",20260831,43.37158695360024,1.0,0.46158623695373535,0.14394539363454217,21
"PGD estimated + CovAdap, lambda=2.0",20260832,49.14475500832001,1.0,0.28143659234046936,0.18696158950180328,8
"PGD estimated + CovAdap, lambda=2.0",20260833,-52.16270287831625,0.0,30.640472412109375,0.13756753530452973,60
"PGD estimated + CovAdap, lambda=2.0",20260834,49.346098056683935,1.0,0.23981784284114838,0.13014615878051314,5
"PGD estimated + CovAdap, lambda=2.0",20260835,47.5371390680472,1.0,0.5890097618103027,0.10659312992735882,12
"PGD estimated + CovAdap, lambda=2.0",20260836,49.50082706411679,1.0,0.552531361579895,0.09858813887504565,3
"PGD estimated + CovAdap, lambda=2.0",20260837,-71.89646069208781,0.0,25.628738403320312,0.15510393604339986,60
"PGD estimated + CovAdap, lambda=2.0",20260838,48.45427167912324,1.0,0.6247813105583191,0.09364902173391587,7
"PGD estimated + CovAdap, lambda=2.0",20260839,45.04641344149908,1.0,0.3991600275039673,0.1686916822057469,13
"PGD estimated + CovAdap, lambda=2.0",20260840,43.755601386229195,1.0,0.6167253255844116,0.1362219993379245,16
"PGD estimated + CovAdap, lambda=2.0",20260841,45.31194816033045,1.0,0.5203102827072144,0.21501996152731895,19
"PGD estimated + CovAdap, lambda=2.0",20260842,45.63972240189712,1.0,0.6407546401023865,0.1509468413703641,13
"PGD estimated + CovAdap, lambda=2.0",20260843,48.33255573362112,1.0,0.4931463897228241,0.11279750493190543,7
"PGD estimated + CovAdap, lambda=2.0",20260844,34.95854825526476,1.0,0.3584655225276947,0.16598275335022747,40
"PGD estimated + CovAdap, lambda=2.0",20260845,46.78089587887128,1.0,0.21279525756835938,0.17296256656906792,14
"PGD estimated + CovAdap, lambda=2.0",20260846,47.818738055725895,1.0,0.4424164593219757,0.12664201979670786,8
"PGD estimated + CovAdap, lambda=2.0",20260847,47.815868804852165,1.0,0.5422464609146118,0.13361877031020858,9
"PGD estimated + CovAdap, lambda=2.0",20260848,48.54525889456272,1.0,0.41594749689102173,0.12674109931488228,9
"PGD estimated + CovAdap, lambda=2.0",20260849,48.41621013482412,1.0,0.6182923913002014,0.11664848642832089,7
"PGD estimated + CovAdap, lambda=2.0",20260850,49.10221271216869,1.0,0.5650587677955627,0.20603611853818046,4
"PGD estimated + CovAdap, lambda=2.0",20260851,43.93296079337597,1.0,0.594659686088562,0.12073327321277069,17
"PGD estimated + CovAdap, lambda=2.0",20260852,47.8901867667834,1.0,0.6180341839790344,0.19122471464370747,15
"PGD estimated + CovAdap, lambda=2.0",20260853,48.36282440523306,1.0,0.42268145084381104,0.11956962897173685,18
"PGD estimated + CovAdap, lambda=2.0",20260854,-56.1061640183131,0.0,8.302722930908203,0.14441861118218333,60
"PGD estimated + CovAdap, lambda=2.0",20260855,49.713311195373535,1.0,0.3972429037094116,0.08039574896791635,3
"PGD estimated + CovAdap, lambda=2.0",20260856,46.91720899939537,1.0,0.4605567455291748,0.15241422467541163,10
"PGD estimated + CovAdap, lambda=2.0",20260857,48.59363759060701,1.0,0.5779110789299011,0.11120280092148516,6
"PGD estimated + CovAdap, lambda=2.0",20260858,40.33836992581685,1.0,0.5828099250793457,0.16053478840385033,23
"PGD estimated + CovAdap, lambda=2.0",20260859,48.62286413336794,1.0,0.16956208646297455,0.1031380467857425,6
"PGD estimated + CovAdap, lambda=2.0",20260860,41.063349559903145,1.0,0.42290711402893066,0.1383245026746558,29
"PGD estimated + CovAdap, lambda=2.0",20260861,44.550850585103035,1.0,0.6174835562705994,0.15208990398831948,14
"PGD estimated + CovAdap, lambda=2.0",20260862,48.7249980121851,1.0,0.5908153653144836,0.11080794843190345,6
"PGD estimated + CovAdap, lambda=2.0",20260863,49.684424785276256,1.0,0.23200753331184387,0.16497325595448156,3
"PGD estimated + CovAdap, lambda=2.0",20260864,49.66085313012203,1.0,0.47762617468833923,0.10962435510164854,3
"PGD estimated + CovAdap, lambda=2.0",20260865,49.15244152148565,1.0,0.41837769746780396,0.18169248266067228,8
"PGD estimated + CovAdap, lambda=2.0",20260866,-43.00292082627614,0.0,16.406103134155273,0.15290394052251388,60
"PGD estimated + CovAdap, lambda=2.0",20260867,45.7968734446913,1.0,0.08386821299791336,0.19672925965194532,12
"PGD estimated + CovAdap, lambda=2.0",20260868,45.82688207551837,1.0,0.10340414941310883,0.14361105938802182,10
"PGD estimated + CovAdap, lambda=2.0",20260869,46.52628449102243,1.0,0.6293814182281494,0.1448068419898888,22
"PGD estimated + CovAdap, lambda=2.0",20260870,-77.9382229447365,0.0,43.80145263671875,0.16832597293491952,60
"PGD estimated + CovAdap, lambda=2.0",20260871,48.05481327573458,1.0,0.472007155418396,0.1779874551045348,7
"PGD estimated + CovAdap, lambda=2.0",20260872,-122.44805955886838,0.0,42.682430267333984,0.1729015821241189,60
"PGD estimated + CovAdap, lambda=2.0",20260873,-51.99528501431147,0.0,10.672624588012695,0.14717090195159688,60
"PGD estimated + CovAdap, lambda=2.0",20260874,41.15696170926094,1.0,0.6089479327201843,0.14200336476479994,40
"PGD estimated + CovAdap, lambda=2.0",20260875,-151.35158983866376,0.0,62.826053619384766,0.17378933918025177,60
"PGD estimated + CovAdap, lambda=2.0",20260876,32.898542312284306,1.0,0.4251926839351654,0.17864865352568995,56
"PGD estimated + CovAdap, lambda=2.0",20260877,44.725907246271774,1.0,0.6182682514190674,0.09867587398482666,16
"PGD estimated + CovAdap, lambda=2.0",20260878,35.09230319658914,1.0,0.48286527395248413,0.14516379524954173,31
"PGD estimated + CovAdap, lambda=2.0",20260879,-38.72410306831201,0.0,9.893348693847656,0.1723196006004248,60
"PGD estimated + CovAdap, lambda=2.0",20260880,44.990766540169716,1.0,0.3973604440689087,0.1581689686480069,17
"PGD estimated + CovAdap, lambda=2.0",20260881,48.87164691090584,1.0,0.36359214782714844,0.18365522231985623,5
"PGD estimated + CovAdap, lambda=2.0",20260882,46.44883913298448,1.0,0.6104341149330139,0.45763385714983834,10
"PGD estimated + CovAdap, lambda=2.0",20260883,45.634338930249214,1.0,0.6004220843315125,0.1290064370780118,17
"PGD estimated + CovAdap, lambda=2.0",20260884,-36.20101147890092,0.0,9.54367733001709,0.14002368245043803,60
"PGD estimated + CovAdap, lambda=2.0",20260885,41.323186000188194,1.0,0.627951443195343,0.1372460870034054,20
"PGD estimated + CovAdap, lambda=2.0",20260886,48.55112131933371,1.0,0.6312427520751953,0.1242698573440626,11
"PGD estimated + CovAdap, lambda=2.0",20260887,48.53962768614292,1.0,0.28331172466278076,0.08915540196452613,6
"PGD estimated + CovAdap, lambda=2.0",20260888,44.878691613674164,1.0,0.5099690556526184,0.12804881874006357,18
"PGD estimated + CovAdap, lambda=2.0",20260889,42.915326515833534,1.0,0.18728727102279663,0.15291947202986894,28
"PGD estimated + CovAdap, lambda=2.0",20260890,-134.39764925837517,0.0,56.64813995361328,0.14910890640516605,60
"PGD estimated + CovAdap, lambda=2.0",20260891,49.38902993003528,1.0,0.6448417901992798,0.09786723443349847,6
"PGD estimated + CovAdap, lambda=2.0",20260892,49.66736379762491,1.0,0.12574690580368042,0.12697198126045106,5
"PGD estimated + CovAdap, lambda=2.0",20260893,48.952782690525055,1.0,0.5277653932571411,0.0988139455804191,6
"PGD estimated + CovAdap, lambda=2.0",20260894,47.488102592527866,1.0,0.4739462435245514,0.2614270404394837,8
"PGD estimated + CovAdap, lambda=2.0",20260895,-111.20323381821315,0.0,44.14328384399414,0.14722044858722652,60
"PGD estimated + CovAdap, lambda=2.0",20260896,49.41962260007858,1.0,0.5021157264709473,0.19592007409607087,7
"PGD estimated + CovAdap, lambda=2.0",20260897,49.45368014772733,1.0,0.5753846168518066,0.14537233549839262,4
"PGD estimated + CovAdap, lambda=2.0",20260898,32.29823134094477,1.0,0.3560284674167633,0.1844483074776239,50
"PGD estimated + CovAdap, lambda=2.0",20260899,48.47082750995954,1.0,0.5391741991043091,0.08312828717983783,8
"PGD estimated + CovAdap, lambda=2.0",20260900,34.32078033685684,1.0,0.5505019426345825,0.15512008172477235,34
"PGD estimated + CovAdap, lambda=2.0",20260901,49.317650670806565,1.0,0.3112214207649231,0.17368223066643373,4
"PGD estimated + CovAdap, lambda=2.0",20260902,48.91153973340988,1.0,0.5675028562545776,0.13606623840077012,7
"PGD estimated + CovAdap, lambda=2.0",20260903,49.599483260263995,1.0,0.14384277164936066,0.1212325706033478,4
"PGD estimated + CovAdap, lambda=2.0",20260904,49.46512171626091,1.0,0.6184239387512207,0.10864491651368476,5
"PGD estimated + CovAdap, lambda=2.0",20260905,45.05508187909921,1.0,0.5805192589759827,0.1500126952568544,14
"PGD estimated + CovAdap, lambda=2.0",20260906,45.42108092208703,1.0,0.5024391412734985,0.17172813632660558,19
"PGD estimated + CovAdap, lambda=2.0",20260907,-42.53717384735742,0.0,18.877649307250977,0.16415685660608512,60
"PGD estimated + CovAdap, lambda=2.0",20260908,45.863809595505394,1.0,0.5807144045829773,0.1635633216350497,23
"PGD estimated + CovAdap, lambda=2.0",20260909,47.753870444993176,1.0,0.40979841351509094,0.11391174685541859,11
"PGD estimated + CovAdap, lambda=2.0",20260910,47.370089784264565,1.0,0.6468239426612854,0.13183392476341965,11
"PGD estimated + CovAdap, lambda=2.0",20260911,48.51287147651116,1.0,0.35236087441444397,0.14876529855666373,6
"PGD estimated + CovAdap, lambda=2.0",20260912,-96.3074431419373,0.0,40.86837387084961,0.13517871375652832,60
"PGD estimated + CovAdap, lambda=2.0",20260913,49.31918055812518,1.0,0.612075924873352,0.1154407814582768,4
"PGD estimated + CovAdap, lambda=2.0",20260914,47.43314084162314,1.0,0.3927746117115021,0.12346112086094882,8
"PGD estimated + CovAdap, lambda=2.0",20260915,49.23452153801918,1.0,0.6032220125198364,0.13944639770025327,6
"PGD estimated + CovAdap, lambda=2.0",20260916,47.010587525864445,1.0,0.340264230966568,0.18521076942083087,23
"PGD estimated + CovAdap, lambda=2.0",20260917,43.10472559928894,1.0,0.6235799193382263,0.1488142951885485,24
"PGD estimated + CovAdap, lambda=2.0",20260918,48.15650561389824,1.0,0.11394227296113968,0.25136788633386103,6
"PGD estimated + CovAdap, lambda=2.0",20260919,-69.30755106608072,0.0,29.71417999267578,0.1517595856391332,60
"PGD estimated + CovAdap, lambda=2.0",20260920,49.07555006444454,1.0,0.5029491186141968,0.19086995751292357,5
"PGD estimated + CovAdap, lambda=2.0",20260921,-103.01174569129945,0.0,23.005916595458984,0.15601784771230473,60
"PGD estimated + CovAdap, lambda=2.0",20260922,48.8491469596823,1.0,0.055869847536087036,0.08775906579557324,6
"PGD estimated + CovAdap, lambda=2.0",20260923,43.91351155936718,1.0,0.6451331973075867,0.12943905254436966,14
"PGD estimated + CovAdap, lambda=2.0",20260924,48.75939843058586,1.0,0.4598524570465088,0.12067245554987217,6
"PGD estimated + CovAdap, lambda=2.0",20260925,49.083128323157624,1.0,0.4655614495277405,0.12219792106041819,5
"PGD estimated + CovAdap, lambda=2.0",20260926,48.80336647729079,1.0,0.5818516612052917,0.13793384747364443,5
"PGD estimated + CovAdap, lambda=2.0",20260927,49.104913003742695,1.0,0.3803761899471283,0.08775598003249342,7
"PGD estimated + CovAdap, lambda=2.0",20260928,-120.46840232610705,0.0,70.8028793334961,0.13575429279391704,60
"PGD estimated + CovAdap, lambda=2.0",20260929,45.607057362794876,1.0,0.3079532980918884,0.1609817177343953,16
"PGD estimated + CovAdap, lambda=2.0",20260930,49.41321274886529,1.0,0.48586663603782654,0.11163870371855072,4
"PGD estimated + CovAdap, lambda=2.0",20260931,48.67138214160999,1.0,0.3369457423686981,0.1215396785070862,6
"PGD estimated + CovAdap, lambda=2.0",20260932,47.732284585634865,1.0,0.456424355506897,0.13383886626600838,8
"PGD estimated + CovAdap, lambda=2.0",20260933,48.93374102314313,1.0,0.39855754375457764,0.18971075597539816,4
"PGD estimated + CovAdap, lambda=2.0",20260934,47.16624653587739,1.0,0.47066637873649597,0.12615591301316534,9
"PGD estimated + CovAdap, lambda=2.0",20260935,42.00239937007427,1.0,0.4609123468399048,0.1594178634271581,23
"PGD estimated + CovAdap, lambda=2.0",20260936,44.24534937739372,1.0,0.5465370416641235,0.13399986345903883,20
"PGD estimated + CovAdap, lambda=2.0",20260937,-123.88434239228569,0.0,38.32049560546875,0.13176968082880877,60
"PGD estimated + CovAdap, lambda=2.0",20260938,48.61652123183012,1.0,0.30012020468711853,0.23491488123335344,6
"PGD estimated + CovAdap, lambda=2.0",20260939,40.83474174638589,1.0,0.45514553785324097,0.13410515364887696,20
"PGD estimated + CovAdap, lambda=2.0",20260940,47.423643976449966,1.0,0.5359870195388794,0.13061810436792373,23
"PGD estimated + CovAdap, lambda=2.0",20260941,46.476692455510296,1.0,0.4574473202228546,0.16890822321044213,16
"PGD estimated + CovAdap, lambda=2.0",20260942,46.812846576174096,1.0,0.5049675703048706,0.18165416259420072,10
"PGD estimated + CovAdap, lambda=2.0",20260943,43.91541341443856,1.0,0.4118267893791199,0.17320856676105423,25
"PGD estimated + CovAdap, lambda=2.0",20260944,48.63312446077665,1.0,0.5333389639854431,0.14103111284884504,9
"PGD estimated + CovAdap, lambda=2.0",20260945,47.716232327123485,1.0,0.4284205138683319,0.1372349892207913,15
"PGD estimated + CovAdap, lambda=2.0",20260946,48.13056372602781,1.0,0.5391494035720825,0.11226869696601297,10
"PGD estimated + CovAdap, lambda=2.0",20260947,48.40917919079463,1.0,0.5756926536560059,0.22322953053705588,10
"PGD estimated + CovAdap, lambda=2.0",20260948,47.48967049270868,1.0,0.32701608538627625,0.15406324125466553,9
"PGD estimated + CovAdap, lambda=2.0",20260949,48.37541643778483,1.0,0.554893970489502,0.14329750039487799,9
"PGD estimated + CovAdap, lambda=2.0",20260950,48.803073015064,1.0,0.2001226395368576,0.1322850145978482,7
"PGD estimated + CovAdap, lambda=2.0",20260951,49.4999482134978,1.0,0.4644208550453186,0.10292704010406109,5
"PGD estimated + CovAdap, lambda=2.0",20260952,48.7712049682935,1.0,0.5689572095870972,0.11637324577383938,7
"PGD estimated + CovAdap, lambda=2.0",20260953,48.39562791585922,1.0,0.5881352424621582,0.2378393314363642,7
"PGD estimated + CovAdap, lambda=2.0",20260954,47.828594356775284,1.0,0.5401122570037842,0.13482690184559937,7
"PGD estimated + CovAdap, lambda=2.0",20260955,47.93264283488194,1.0,0.4681793749332428,0.1561638977538623,15
"PGD estimated + CovAdap, lambda=2.0",20260956,48.54104701677958,1.0,0.6462790369987488,0.15041544485590239,6
"PGD estimated + CovAdap, lambda=2.0",20260957,43.99659018218517,1.0,0.6368172764778137,0.15767803175399053,21
"PGD estimated + CovAdap, lambda=2.0",20260958,48.23462058479587,1.0,0.18615765869617462,0.11650414485791816,12
"PGD estimated + CovAdap, lambda=2.0",20260959,-24.329464981953304,0.0,7.3552117347717285,0.15798921558723977,60
"PGD estimated + CovAdap, lambda=2.0",20260960,48.605811332662896,1.0,0.5347425937652588,0.15221798033603146,7
"PGD estimated + CovAdap, lambda=2.0",20260961,48.92376441756884,1.0,0.4990953207015991,0.12260652054684469,5
"PGD estimated + CovAdap, lambda=2.0",20260962,46.996172177294895,1.0,0.48113003373146057,0.13202335262091108,13
"PGD estimated + CovAdap, lambda=2.0",20260963,46.6279409925143,1.0,0.592536211013794,0.1544309724465551,25
"PGD estimated + CovAdap, lambda=2.0",20260964,49.120189025998116,1.0,0.6223285794258118,0.21116564986272945,4
"PGD estimated + CovAdap, lambda=2.0",20260965,47.2191091304024,1.0,0.28820762038230896,0.17095645746656324,14
"PGD estimated + CovAdap, lambda=2.0",20260966,49.13103643308084,1.0,0.4348272383213043,0.1450264735846252,7
"PGD estimated + CovAdap, lambda=2.0",20260967,49.42133144289255,1.0,0.33484509587287903,0.13325976020534921,6
"PGD estimated + CovAdap, lambda=2.0",20260968,-72.42128072182338,0.0,37.0064697265625,0.17687167369736193,60
"PGD estimated + CovAdap, lambda=2.0",20260969,-125.72512364387511,0.0,40.28917694091797,0.1389733794742031,60
"PGD estimated + CovAdap, lambda=2.0",20260970,-36.006868412097305,0.0,0.8752374053001404,0.1477166211839547,60
"PGD estimated + CovAdap, lambda=2.0",20260971,45.11146198709805,1.0,0.6436216831207275,0.1774147020993141,15
"PGD estimated + CovAdap, lambda=2.0",20260972,47.38062325368325,1.0,0.2892797887325287,0.14974205305760066,8
"PGD estimated + CovAdap, lambda=2.0",20260973,43.02583055943251,1.0,0.34739163517951965,0.2052454200595904,18
"PGD estimated + CovAdap, lambda=2.0",20260974,47.82091246545315,1.0,0.3881070017814636,0.15916965297374724,8
"PGD estimated + CovAdap, lambda=2.0",20260975,46.71037472784519,1.0,0.49525976181030273,0.15242049791054993,12
"PGD estimated + CovAdap, lambda=2.0",20260976,-106.01802516976994,0.0,53.936859130859375,0.16530734328768876,60
"PGD estimated + CovAdap, lambda=2.0",20260977,49.419376293818154,1.0,0.41734206676483154,0.10442392282621367,7
"PGD estimated + CovAdap, lambda=2.0",20260978,48.39541952311993,1.0,0.5067727565765381,0.1276647870572539,7
"PGD estimated + CovAdap, lambda=2.0",20260979,45.471837279697255,1.0,0.3121180832386017,0.1890259535450052,25
"PGD estimated + CovAdap, lambda=2.0",20260980,-58.80372361342113,0.0,16.671649932861328,0.16654636451848026,60
"PGD estimated + CovAdap, lambda=2.0",20260981,49.19411860158046,1.0,0.4660256803035736,0.3853578923147787,6
"PGD estimated + CovAdap, lambda=2.0",20260982,-28.999754548072815,0.0,8.132719993591309,0.16372885234721962,60
"Random contour, no defense",20260733,49.59513848771652,1.0,0.39819952845573425,0.2552354557117367,4
"Random contour, no defense",20260734,49.095220467696585,1.0,0.1296313852071762,0.08957897087972867,5
"Random contour, no defense",20260735,49.577093094587326,1.0,0.5418025851249695,0.1418387765910308,4
"Random contour, no defense",20260736,-63.83595259984337,0.0,15.140905380249023,0.17015198554038022,60
"Random contour, no defense",20260737,47.56455574929714,1.0,0.5909557938575745,0.11578552547957026,9
"Random contour, no defense",20260738,42.07075870409608,1.0,0.13659603893756866,0.16145591941398166,30
"Random contour, no defense",20260739,45.52966929599643,1.0,0.21626751124858856,0.21670588825779977,20
"Random contour, no defense",20260740,48.01159303883711,1.0,0.4878804087638855,0.15316067809783013,6
"Random contour, no defense",20260741,44.3985275576512,1.0,0.4808598756790161,0.20408284555532308,26
"Random contour, no defense",20260742,47.31630486001571,1.0,0.4473131597042084,0.3754414535126168,10
"Random contour, no defense",20260743,47.52765613297621,1.0,0.5662122368812561,0.3940653058997626,8
"Random contour, no defense",20260744,42.18759181226293,1.0,0.24678318202495575,0.26344749431865255,24
"Random contour, no defense",20260745,47.34002004315456,1.0,0.4900641143321991,0.09265386007302658,9
"Random contour, no defense",20260746,44.52885418136914,1.0,0.17328166961669922,0.1066026574400919,12
"Random contour, no defense",20260747,49.11317079762618,1.0,0.3837582468986511,0.25143841893719043,5
"Random contour, no defense",20260748,49.173474026223026,1.0,0.4041188657283783,0.11379221094654933,4
"Random contour, no defense",20260749,-124.68961824973425,0.0,60.69017791748047,0.15540641716709028,60
"Random contour, no defense",20260750,48.956007043520614,1.0,0.5984647870063782,0.21111685103134273,6
"Random contour, no defense",20260751,48.69211872170369,1.0,0.4898761808872223,0.11257261037063644,7
"Random contour, no defense",20260752,-97.34067994356155,0.0,47.267635345458984,0.1759903341573807,60
"Random contour, no defense",20260753,46.6749559417367,1.0,0.3889301121234894,0.20805390336374305,15
"Random contour, no defense",20260754,47.47754930766921,1.0,0.06490423530340195,0.17027766768683306,9
"Random contour, no defense",20260755,47.16762697696686,1.0,0.40161311626434326,0.18028511088565716,11
"Random contour, no defense",20260756,47.92504272361597,1.0,0.6072465181350708,0.1847323500776486,8
"Random contour, no defense",20260757,45.8310506567359,1.0,0.38958725333213806,0.2925480477366034,12
"Random contour, no defense",20260758,49.56102457394203,1.0,0.39099016785621643,0.44571020472293815,4
"Random contour, no defense",20260759,-105.88753519455594,0.0,54.16292953491211,0.241791149302844,60
"Random contour, no defense",20260760,-45.76715439558028,0.0,3.070753574371338,0.1509351237617396,60
"Random contour, no defense",20260761,48.59772206842899,1.0,0.6467818021774292,0.19960871891303011,8
"Random contour, no defense",20260762,47.826882922401026,1.0,0.22374077141284943,0.15315127851437293,10
"Random contour, no defense",20260763,-93.65390345454217,0.0,47.10873031616211,0.18138278800417026,60
"Random contour, no defense",20260764,49.14692554871242,1.0,0.5867851972579956,0.12808464752541193,5
"Random contour, no defense",20260765,49.0956259816885,1.0,0.5658849477767944,0.08992139063512476,6
"Random contour, no defense",20260766,45.30747990806898,1.0,0.590004563331604,0.25064955659043375,22
"Random contour, no defense",20260767,-101.60482462247212,0.0,61.929847717285156,0.20274800341465388,60
"Random contour, no defense",20260768,49.51837329566479,1.0,0.4555869698524475,0.0994167904667769,4
"Random contour, no defense",20260769,47.97633072237174,1.0,0.5301900506019592,0.11081401476640412,9
"Random contour, no defense",20260770,-22.1595862309138,0.0,4.432226657867432,0.1339834225655855,60
"Random contour, no defense",20260771,48.420686523119606,1.0,0.4105986952781677,0.32431162421905024,11
"Random contour, no defense",20260772,49.3329440827171,1.0,0.24704763293266296,0.09942263904724132,4
"Random contour, no defense",20260773,47.197410886486374,1.0,0.45059317350387573,0.14125873771278077,11
"Random contour, no defense",20260774,49.37850532929103,1.0,0.4022037982940674,0.12076435270900307,4
"Random contour, no defense",20260775,48.139613186319664,1.0,0.4904516339302063,0.16874154463712335,9
"Random contour, no defense",20260776,-76.74869199593861,0.0,31.080280303955078,0.1675509606630481,60
"Random contour, no defense",20260777,-66.39750492572784,0.0,30.01997947692871,0.18157155917586562,60
"Random contour, no defense",20260778,41.50028611719608,1.0,0.6211005449295044,0.1343636848078739,22
"Random contour, no defense",20260779,49.23339561124643,1.0,0.5544145703315735,0.1095919565885602,6
"Random contour, no defense",20260780,47.57113797465961,1.0,0.2720295786857605,0.11282779830646955,13
"Random contour, no defense",20260781,41.38205367823441,1.0,0.6396557688713074,0.23333732486033407,28
"Random contour, no defense",20260782,-60.910491844018296,0.0,36.5919075012207,0.22609977527234637,60
"Random contour, no defense",20260783,-28.41484316686789,0.0,8.226360321044922,0.24081456204582105,60
"Random contour, no defense",20260784,-56.82674606641134,0.0,21.552988052368164,0.1555735398078415,60
"Random contour, no defense",20260785,47.21085549642642,1.0,0.2904692590236664,0.15206525174616328,12
"Random contour, no defense",20260786,45.965991665919624,1.0,0.6211724281311035,0.3062205055312074,18
"Random contour, no defense",20260787,48.73681781689326,1.0,0.5997162461280823,0.22169819841663913,8
"Random contour, no defense",20260788,49.86815887192885,1.0,0.6287695169448853,0.8718433652872326,2
"Random contour, no defense",20260789,49.0191352677842,1.0,0.1701069325208664,0.31293977425381,7
"Random contour, no defense",20260790,49.57414910197258,1.0,0.5312144756317139,0.2936383766916939,4
"Random contour, no defense",20260791,48.9130951911211,1.0,0.6157391667366028,0.2370957538290405,5
"Random contour, no defense",20260792,49.5281352798144,1.0,0.5945717692375183,0.08539559133380817,4
"Random contour, no defense",20260793,47.27277475595474,1.0,0.4255383610725403,0.12727999839352394,12
"Random contour, no defense",20260794,-63.12350133061409,0.0,33.269500732421875,0.18658850943881475,60
"Random contour, no defense",20260795,-59.55754999319712,0.0,28.065746307373047,0.1412515094233264,60
"Random contour, no defense",20260796,48.58419086535772,1.0,0.5083563327789307,0.2486127335092035,5
"Random contour, no defense",20260797,46.984780594706535,1.0,0.4342201352119446,0.17818991130831008,12
"Random contour, no defense",20260798,-111.81826843818028,0.0,42.24098205566406,0.16683687223982654,60
"Random contour, no defense",20260799,-166.77134629090628,0.0,69.34746551513672,0.2164373734567001,60
"Random contour, no defense",20260800,48.8315073599418,1.0,0.25548845529556274,0.21602594225010424,7
"Random contour, no defense",20260801,46.77016816288233,1.0,0.1978018581867218,0.23889362089892835,20
"Random contour, no defense",20260802,-55.364501953124986,0.0,24.546955108642578,0.19068028307220883,60
"Random contour, no defense",20260803,46.657013192772865,1.0,0.5432615280151367,0.4134824303524001,14
"Random contour, no defense",20260804,48.120339592297874,1.0,0.5596150159835815,0.0966185429698087,7
"Random contour, no defense",20260805,-87.14358107248943,0.0,36.77375793457031,0.23929518642348982,60
"Random contour, no defense",20260806,49.60487431784471,1.0,0.4082527756690979,1.2984798456685407,4
"Random contour, no defense",20260807,47.77154787878196,1.0,0.5215299129486084,0.1889191825010128,20
"Random contour, no defense",20260808,43.130211638907596,1.0,0.3325195610523224,0.21524318959202157,17
"Random contour, no defense",20260809,47.83210550714284,1.0,0.0312812365591526,0.13321862447109065,15
"Random contour, no defense",20260810,43.12634325027466,1.0,0.6204134225845337,0.13051247373710775,16
"Random contour, no defense",20260811,48.351757879058525,1.0,0.6040443181991577,0.17229252506772855,7
"Random contour, no defense",20260812,49.38363501429558,1.0,0.47753995656967163,0.09776585683457312,5
"Random contour, no defense",20260813,47.99206996088227,1.0,0.22222106158733368,0.1724614161061382,13
"Random contour, no defense",20260814,46.39678763846556,1.0,0.5819002985954285,0.10994099467762507,11
"Random contour, no defense",20260815,49.175883673131466,1.0,0.34747645258903503,0.11856993817509828,5
"Random contour, no defense",20260816,36.21382195750872,1.0,0.1949363350868225,0.16790085109795197,37
"Random contour, no defense",20260817,35.848681439956025,1.0,0.5642505884170532,0.2237342837605918,28
"Random contour, no defense",20260818,49.207613895336785,1.0,0.5784945487976074,0.10373347420398543,4
"Random contour, no defense",20260819,46.91410620510578,1.0,0.5852132439613342,0.2450482282164606,15
"Random contour, no defense",20260820,-39.84854843219121,0.0,8.189763069152832,0.1841393673495553,60
"Random contour, no defense",20260821,45.824279452363655,1.0,0.5103588700294495,0.16923875594233245,14
"Random contour, no defense",20260822,-33.786507030328124,0.0,4.920238971710205,0.19003258346354443,60
"Random contour, no defense",20260823,48.99655447155237,1.0,0.405293732881546,0.1960395724069174,7
"Random contour, no defense",20260824,43.31518798818191,1.0,0.45409461855888367,0.3422532413070008,21
"Random contour, no defense",20260825,48.07817916075388,1.0,0.6497921943664551,0.10126212488968078,7
"Random contour, no defense",20260826,44.05366609493891,1.0,0.5776486396789551,0.12001105643862194,21
"Random contour, no defense",20260827,47.33745276927948,1.0,0.6074845790863037,0.13257726395516514,9
"Random contour, no defense",20260828,-49.45921906332177,0.0,1.3343160152435303,0.19729513735168813,60
"Random contour, no defense",20260829,48.892781292398766,1.0,0.3795716166496277,0.10170275875593351,5
"Random contour, no defense",20260830,47.41635515789191,1.0,0.507918655872345,0.1621407703034902,15
"Random contour, no defense",20260831,43.37910642226537,1.0,0.4530050754547119,0.14132841844787486,21
"Random contour, no defense",20260832,49.063232024510704,1.0,0.5575181841850281,0.21085455584642926,9
"Random contour, no defense",20260833,-52.17504807313284,0.0,30.6412296295166,0.15022463942812747,60
"Random contour, no defense",20260834,49.346098056683935,1.0,0.23981784284114838,0.13014615878051314,5
"Random contour, no defense",20260835,47.5371390680472,1.0,0.5890097618103027,0.10659312992735882,12
"Random contour, no defense",20260836,49.50082706411679,1.0,0.552531361579895,0.09858813887504565,3
"Random contour, no defense",20260837,-71.89321382840475,0.0,25.623891830444336,0.17728630016995378,60
"Random contour, no defense",20260838,48.45427167912324,1.0,0.6247813105583191,0.09364902173391587,7
"Random contour, no defense",20260839,45.03649082779884,1.0,0.39923495054244995,0.22499295300029556,13
"Random contour, no defense",20260840,43.790956282367304,1.0,0.22552390396595,0.18817154953369786,16
"Random contour, no defense",20260841,45.632826060056686,1.0,0.3185030221939087,0.2902640528880113,15
"Random contour, no defense",20260842,45.639572098851204,1.0,0.6416059732437134,0.15404993629053146,13
"Random contour, no defense",20260843,48.33255573362112,1.0,0.4931463897228241,0.11279750493190543,7
"Random contour, no defense",20260844,34.17122781276703,1.0,0.3668966293334961,0.23017600076223443,40
"Random contour, no defense",20260845,46.85746204356353,1.0,0.6315426826477051,0.18897637075133933,12
"Random contour, no defense",20260846,47.818738055725895,1.0,0.4424164593219757,0.12664201979670786,8
"Random contour, no defense",20260847,46.72004657487074,1.0,0.6369779706001282,0.1396942728171128,19
"Random contour, no defense",20260848,48.395957976579666,1.0,0.40967804193496704,0.18615245975840294,9
"Random contour, no defense",20260849,48.41621013482412,1.0,0.6182923913002014,0.11664848642832089,7
"Random contour, no defense",20260850,49.10334307948749,1.0,0.5390311479568481,0.31236518001097724,4
"Random contour, no defense",20260851,43.93296079337597,1.0,0.594659686088562,0.12073327321277069,17
"Random contour, no defense",20260852,48.05513188242912,1.0,0.6037811040878296,0.16621376590023682,13
"Random contour, no defense",20260853,48.36282440523306,1.0,0.42268145084381104,0.11956962897173685,18
"Random contour, no defense",20260854,-56.10255710283914,0.0,8.303298950195312,0.15987045685597825,60
"Random contour, no defense",20260855,49.713311195373535,1.0,0.3972429037094116,0.08039574896791635,3
"Random contour, no defense",20260856,46.923467534283795,1.0,0.4593539535999298,0.28631965572493345,10
"Random contour, no defense",20260857,48.68517460425695,1.0,0.3610736131668091,0.15593623910858137,6
"Random contour, no defense",20260858,40.35964320600033,1.0,0.5380319952964783,0.19566445384775538,23
"Random contour, no defense",20260859,48.62286413336794,1.0,0.16956208646297455,0.1031380467857425,6
"Random contour, no defense",20260860,41.06430008510748,1.0,0.4228983521461487,0.14285408414064013,29
"Random contour, no defense",20260861,44.60275823995471,1.0,0.1994563192129135,0.1905992284988066,14
"Random contour, no defense",20260862,48.7249980121851,1.0,0.5908153653144836,0.11080794843190345,6
"Random contour, no defense",20260863,49.684424785276256,1.0,0.23200753331184387,0.16497325595448156,3
"Random contour, no defense",20260864,49.66085313012203,1.0,0.47762617468833923,0.10962435510164854,3
"Random contour, no defense",20260865,49.166563364366695,1.0,0.3066087067127228,0.2012203820090605,8
"Random contour, no defense",20260866,-42.85695053140323,0.0,16.218013763427734,0.1750237566013736,60
"Random contour, no defense",20260867,45.76106749971707,1.0,0.3577296733856201,0.2966002504693673,12
"Random contour, no defense",20260868,45.77250013997157,1.0,0.4190218150615692,0.2143500020129127,10
"Random contour, no defense",20260869,46.49386082092921,1.0,0.6342427134513855,0.15920912769779358,22
"Random contour, no defense",20260870,-77.65060293674469,0.0,43.69731903076172,0.23188064143505235,60
"Random contour, no defense",20260871,48.01892102509737,1.0,0.2336706817150116,0.28586163036456325,8
"Random contour, no defense",20260872,-122.4616340796153,0.0,42.68983459472656,0.19055058006564493,60
"Random contour, no defense",20260873,-51.99168624480565,0.0,10.672673225402832,0.17495579617503632,60
"Random contour, no defense",20260874,41.14795914043983,1.0,0.4631246030330658,0.17148489238705175,40
"Random contour, no defense",20260875,-148.21968134244284,0.0,62.05108642578125,0.2086022067172729,60
"Random contour, no defense",20260876,31.93724907934666,1.0,0.4943731427192688,0.21398041015911273,56
"Random contour, no defense",20260877,44.725907246271774,1.0,0.6182682514190674,0.09867587398482666,16
"Random contour, no defense",20260878,35.09790281703074,1.0,0.4200146496295929,0.15806689101246907,31
"Random contour, no defense",20260879,-38.74861766397953,0.0,9.890369415283203,0.26133468969885343,60
"Random contour, no defense",20260880,45.05473250647386,1.0,0.5171037316322327,0.162667168482737,16
"Random contour, no defense",20260881,48.88212864100933,1.0,0.3322599530220032,0.19010125124900726,5
"Random contour, no defense",20260882,45.428309132655464,1.0,0.5893527865409851,0.26417114919950657,21
"Random contour, no defense",20260883,45.63535925249259,1.0,0.6005170345306396,0.13907506812796658,17
"Random contour, no defense",20260884,-36.252835373083755,0.0,9.578775405883789,0.1563574092887442,60
"Random contour, no defense",20260885,41.27505212277174,1.0,0.31477007269859314,0.19749700976204984,21
"Random contour, no defense",20260886,48.55112131933371,1.0,0.6312427520751953,0.1242698573440626,11
"Random contour, no defense",20260887,48.503559509913124,1.0,0.26011115312576294,0.16443330012558313,6
"Random contour, no defense",20260888,44.85521779457728,1.0,0.5103300213813782,0.14856425085805305,18
"Random contour, no defense",20260889,42.916709169745445,1.0,0.2971082329750061,0.1918288049933827,28
"Random contour, no defense",20260890,-134.78376186887425,0.0,56.78863525390625,0.16631651780155243,60
"Random contour, no defense",20260891,49.38902993003528,1.0,0.6448417901992798,0.09786723443349847,6
"Random contour, no defense",20260892,49.66736379762491,1.0,0.12574690580368042,0.12697198126045106,5
"Random contour, no defense",20260893,48.952782690525055,1.0,0.5277653932571411,0.0988139455804191,6
"Random contour, no defense",20260894,47.43223927915096,1.0,0.5803307890892029,0.506521384485732,8
"Random contour, no defense",20260895,-111.11679468552275,0.0,44.0688362121582,0.17177373550428918,60
"Random contour, no defense",20260896,49.390724589427315,1.0,0.5589680671691895,0.19233516805000672,7
"Random contour, no defense",20260897,49.367665469646454,1.0,0.5185272693634033,0.191111679760118,5
"Random contour, no defense",20260898,31.144940075775,1.0,0.3938716948032379,0.2384702356696892,52
"Random contour, no defense",20260899,48.47082750995954,1.0,0.5391741991043091,0.08312828717983783,8
"Random contour, no defense",20260900,34.3165343105793,1.0,0.5505623817443848,0.1692898768114949,34
"Random contour, no defense",20260901,49.360448996226,1.0,0.5807116031646729,0.2757723318431767,3
"Random contour, no defense",20260902,48.54110582669576,1.0,0.4491494297981262,0.14408021728924872,12
"Random contour, no defense",20260903,49.599483260263995,1.0,0.14384277164936066,0.1212325706033478,4
"Random contour, no defense",20260904,49.46512171626091,1.0,0.6184239387512207,0.10864491651368476,5
"Random contour, no defense",20260905,45.05522198230028,1.0,0.45860812067985535,0.2705079670023819,14
"Random contour, no defense",20260906,45.44092706839243,1.0,0.5041938424110413,0.19774566729553447,19
"Random contour, no defense",20260907,-42.44222575426101,0.0,18.799543380737305,0.21104150826100826,60
"Random contour, no defense",20260908,46.08565500378609,1.0,0.5296229124069214,0.20545352323419755,21
"Random contour, no defense",20260909,47.753870444993176,1.0,0.40979841351509094,0.11391174685541859,11
"Random contour, no defense",20260910,47.370089784264565,1.0,0.6468239426612854,0.13183392476341965,11
"Random contour, no defense",20260911,48.49707753956318,1.0,0.3142813444137573,0.22520851357985505,6
"Random contour, no defense",20260912,-96.39805229504903,0.0,40.87027359008789,0.13986226164388949,60
"Random contour, no defense",20260913,49.31918055812518,1.0,0.612075924873352,0.1154407814582768,4
"Random contour, no defense",20260914,47.35798058410486,1.0,0.6001190543174744,0.17449783037047584,9
"Random contour, no defense",20260915,49.122749830285706,1.0,0.3202402591705322,0.1762488335962631,8
"Random contour, no defense",20260916,48.54187118510406,1.0,0.5493231415748596,0.1752544450854989,7
"Random contour, no defense",20260917,43.103252589702606,1.0,0.6242260932922363,0.17472941031231717,24
"Random contour, no defense",20260918,48.09639631708463,1.0,0.4983624219894409,0.25695115172345034,6
"Random contour, no defense",20260919,-70.36598408222198,0.0,30.023204803466797,0.16863248004789838,60
"Random contour, no defense",20260920,49.044607896357775,1.0,0.22647245228290558,0.1779140433566665,6
"Random contour, no defense",20260921,-103.016703248024,0.0,23.02202796936035,0.19387491742706758,60
"Random contour, no defense",20260922,48.8491469596823,1.0,0.055869847536087036,0.08775906579557324,6
"Random contour, no defense",20260923,43.91351155936718,1.0,0.6451331973075867,0.12943905254436966,14
"Random contour, no defense",20260924,48.75939843058586,1.0,0.4598524570465088,0.12067245554987217,6
"Random contour, no defense",20260925,49.083128323157624,1.0,0.4655614495277405,0.12219792106041819,5
"Random contour, no defense",20260926,48.80336647729079,1.0,0.5818516612052917,0.13793384747364443,5
"Random contour, no defense",20260927,49.07336331407229,1.0,0.4139026403427124,0.17230618921634977,7
"Random contour, no defense",20260928,-120.46833842992785,0.0,70.80279541015625,0.15361445952189265,60
"Random contour, no defense",20260929,45.61018343269825,1.0,0.3058488965034485,0.19015349472794033,16
"Random contour, no defense",20260930,49.05555424590905,1.0,0.630483865737915,0.21841927718661058,9
"Random contour, no defense",20260931,48.67138214160999,1.0,0.3369457423686981,0.1215396785070862,6
"Random contour, no defense",20260932,47.744879735012844,1.0,0.33189722895622253,0.1647372759987103,8
"Random contour, no defense",20260933,48.92488715052605,1.0,0.4133352041244507,0.20131585463399035,4
"Random contour, no defense",20260934,47.15199291954438,1.0,0.4951128661632538,0.1828736009522679,9
"Random contour, no defense",20260935,41.88296283284823,1.0,0.45502299070358276,0.19569166115765857,23
"Random contour, no defense",20260936,44.24534937739372,1.0,0.5465370416641235,0.13399986345903883,20
"Random contour, no defense",20260937,-123.91704817612967,0.0,38.31793212890625,0.14598826989660735,60
"Random contour, no defense",20260938,48.58212346086899,1.0,0.26012930274009705,0.27000558665685137,6
"Random contour, no defense",20260939,-24.77969532211622,0.0,4.024242401123047,0.30381788793524905,60
"Random contour, no defense",20260940,47.506665483117104,1.0,0.5359776020050049,0.14746965287054822,23
"Random contour, no defense",20260941,46.264690121014915,1.0,0.5076311230659485,0.3519685807291655,15
"Random contour, no defense",20260942,46.88873042166233,1.0,0.5827818512916565,0.2990042917395347,9
"Random contour, no defense",20260943,45.10241443912188,1.0,0.5134994387626648,0.2286661542689823,21
"Random contour, no defense",20260944,48.63312446077665,1.0,0.5333389639854431,0.14103111284884504,9
"Random contour, no defense",20260945,47.690712896486126,1.0,0.437443345785141,0.1540763463096486,15
"Random contour, no defense",20260946,48.13056372602781,1.0,0.5391494035720825,0.11226869696601297,10
"Random contour, no defense",20260947,48.356472363074616,1.0,0.6325929760932922,0.34580939838679015,10
"Random contour, no defense",20260948,47.510307160516575,1.0,0.30294761061668396,0.20528246745824133,9
"Random contour, no defense",20260949,48.20545882483323,1.0,0.39957141876220703,0.2336964251722927,10
"Random contour, no defense",20260950,48.803073015064,1.0,0.2001226395368576,0.1322850145978482,7
"Random contour, no defense",20260951,49.4999482134978,1.0,0.4644208550453186,0.10292704010406109,5
"Random contour, no defense",20260952,48.7712049682935,1.0,0.5689572095870972,0.11637324577383938,7
"Random contour, no defense",20260953,48.394854436318084,1.0,0.5934982299804688,0.19094313873125776,7
"Random contour, no defense",20260954,47.84114740292231,1.0,0.5129120349884033,0.17457222752019816,7
"Random contour, no defense",20260955,47.98026568442583,1.0,0.4375206530094147,0.15063910548082618,15
"Random contour, no defense",20260956,48.31422522167365,1.0,0.5729285478591919,0.23205975358213016,9
"Random contour, no defense",20260957,43.86244663099448,1.0,0.5739087462425232,0.25937759038686586,22
"Random contour, no defense",20260958,48.23462058479587,1.0,0.18615765869617462,0.11650414485791816,12
"Random contour, no defense",20260959,-24.25150429209073,0.0,7.314532279968262,0.18784621706434804,60
"Random contour, no defense",20260960,48.56966343522072,1.0,0.4091019034385681,0.22994801470274928,7
"Random contour, no defense",20260961,48.92376441756884,1.0,0.4990953207015991,0.12260652054684469,5
"Random contour, no defense",20260962,46.94002330799897,1.0,0.5381631255149841,0.1519176255413059,13
"Random contour, no defense",20260963,46.63360042870045,1.0,0.5895102620124817,0.22647010925350067,25
"Random contour, no defense",20260964,48.997113317251205,1.0,0.4034026861190796,0.16956875774701619,6
"Random contour, no defense",20260965,47.6098477045695,1.0,0.569072961807251,0.37079959234290705,8
"Random contour, no defense",20260966,49.14293483148019,1.0,0.292046457529068,0.15531718140179615,7
"Random contour, no defense",20260967,49.46643249193827,1.0,0.5207099914550781,0.17184759278809766,5
"Random contour, no defense",20260968,-72.44054571787515,0.0,37.05060958862305,0.2520011923770058,60
"Random contour, no defense",20260969,-125.8103315035502,0.0,40.36113357543945,0.18233360370505772,60
"Random contour, no defense",20260970,-35.99547164142132,0.0,0.8752484917640686,0.19257508411545088,60
"Random contour, no defense",20260971,45.10054384171963,1.0,0.6415970921516418,0.19526112377999336,15
"Random contour, no defense",20260972,47.36961145947377,1.0,0.4271530210971832,0.15818301168012333,8
"Random contour, no defense",20260973,43.01442110786836,1.0,0.34702280163764954,0.28105978203548043,18
"Random contour, no defense",20260974,47.82091246545315,1.0,0.3881070017814636,0.15916965297374724,8
"Random contour, no defense",20260975,46.66483214994272,1.0,0.5338960289955139,0.19904908268691882,12
"Random contour, no defense",20260976,-106.42432535688081,0.0,54.0328483581543,0.23576637701457756,60
"Random contour, no defense",20260977,49.419376293818154,1.0,0.41734206676483154,0.10442392282621367,7
"Random contour, no defense",20260978,48.39541952311993,1.0,0.5067727565765381,0.1276647870572539,7
"Random contour, no defense",20260979,44.8123895873626,1.0,0.6468662619590759,0.26434870074169087,27
"Random contour, no defense",20260980,-58.90625246365866,0.0,16.724285125732422,0.20698909159052717,60
"Random contour, no defense",20260981,49.48487301170826,1.0,0.5202084183692932,0.4297428042217556,5
"Random contour, no defense",20260982,-29.040421952803932,0.0,7.998180866241455,0.2130941504036245,60
"Random contour + CovAdap, lambda=0.5",20260733,49.705834743877254,1.0,0.4129386842250824,0.18258060606264262,3
"Random contour + CovAdap, lambda=0.5",20260734,49.095220467696585,1.0,0.1296313852071762,0.08957897087972867,5
"Random contour + CovAdap, lambda=0.5",20260735,49.577093094587326,1.0,0.5418025851249695,0.1418387765910308,4
"Random contour + CovAdap, lambda=0.5",20260736,-63.82563443978626,0.0,15.14287281036377,0.1591484927405512,60
"Random contour + CovAdap, lambda=0.5",20260737,47.56455574929714,1.0,0.5909557938575745,0.11578552547957026,9
"Random contour + CovAdap, lambda=0.5",20260738,42.0877204661568,1.0,0.1374746859073639,0.15532479057382767,30
"Random contour + CovAdap, lambda=0.5",20260739,45.62872769559423,1.0,0.14111731946468353,0.16980428094068808,20
"Random contour + CovAdap, lambda=0.5",20260740,48.01661394288143,1.0,0.428079217672348,0.1275846707340308,6
"Random contour + CovAdap, lambda=0.5",20260741,44.39687833686669,1.0,0.47470706701278687,0.17573953737858997,26
"Random contour + CovAdap, lambda=0.5",20260742,47.359084613621235,1.0,0.3692494332790375,0.28477072565984896,10
"Random contour + CovAdap, lambda=0.5",20260743,47.51197808980942,1.0,0.585052490234375,0.38028250574946276,8
"Random contour + CovAdap, lambda=0.5",20260744,42.18524155269067,1.0,0.1502937376499176,0.2162146658592623,24
"Random contour + CovAdap, lambda=0.5",20260745,47.34002004315456,1.0,0.4900641143321991,0.09265386007302658,9
"Random contour + CovAdap, lambda=0.5",20260746,44.52885418136914,1.0,0.17328166961669922,0.1066026574400919,12
"Random contour + CovAdap, lambda=0.5",20260747,49.09191858023405,1.0,0.45551392436027527,0.18633821538104878,5
"Random contour + CovAdap, lambda=0.5",20260748,49.173474026223026,1.0,0.4041188657283783,0.11379221094654933,4
"Random contour + CovAdap, lambda=0.5",20260749,-124.5613481402397,0.0,60.65998840332031,0.14655388401423652,60
"Random contour + CovAdap, lambda=0.5",20260750,48.96566468725602,1.0,0.4825730621814728,0.20193335691837044,6
"Random contour + CovAdap, lambda=0.5",20260751,48.69211872170369,1.0,0.4898761808872223,0.11257261037063644,7
"Random contour + CovAdap, lambda=0.5",20260752,-96.80132847030956,0.0,47.15705108642578,0.16409547430031962,60
"Random contour + CovAdap, lambda=0.5",20260753,46.66908952842156,1.0,0.3902603089809418,0.1813769100622513,15
"Random contour + CovAdap, lambda=0.5",20260754,47.477457566186786,1.0,0.0648331269621849,0.16083237414765206,9
"Random contour + CovAdap, lambda=0.5",20260755,47.18315074592829,1.0,0.39158985018730164,0.14207101426301333,11
"Random contour + CovAdap, lambda=0.5",20260756,47.9386170382301,1.0,0.44435474276542664,0.15542897662866711,8
"Random contour + CovAdap, lambda=0.5",20260757,45.85257692883412,1.0,0.3340056240558624,0.24318686251848043,12
"Random contour + CovAdap, lambda=0.5",20260758,49.55646515637636,1.0,0.36547544598579407,0.42531488088488567,4
"Random contour + CovAdap, lambda=0.5",20260759,-106.10585033893587,0.0,54.19222640991211,0.22545121457733525,60
"Random contour + CovAdap, lambda=0.5",20260760,-45.76824506123861,0.0,3.0726096630096436,0.14904927595497947,60
"Random contour + CovAdap, lambda=0.5",20260761,48.59773734211922,1.0,0.6472904682159424,0.1702193713815388,8
"Random contour + CovAdap, lambda=0.5",20260762,47.821729543308415,1.0,0.22395381331443787,0.13972051661911938,10
"Random contour + CovAdap, lambda=0.5",20260763,-93.65744623541829,0.0,47.115108489990234,0.17333272514975087,60
"Random contour + CovAdap, lambda=0.5",20260764,49.14692554871242,1.0,0.5867851972579956,0.12808464752541193,5
"Random contour + CovAdap, lambda=0.5",20260765,49.0956259816885,1.0,0.5658849477767944,0.08992139063512476,6
"Random contour + CovAdap, lambda=0.5",20260766,45.65683371325334,1.0,0.6143531799316406,0.2507849063843743,17
"Random contour + CovAdap, lambda=0.5",20260767,-101.56666461626688,0.0,61.93040084838867,0.18876890001516886,60
"Random contour + CovAdap, lambda=0.5",20260768,49.51837329566479,1.0,0.4555869698524475,0.0994167904667769,4
"Random contour + CovAdap, lambda=0.5",20260769,47.97633072237174,1.0,0.5301900506019592,0.11081401476640412,9
"Random contour + CovAdap, lambda=0.5",20260770,-22.193251421054207,0.0,4.430453777313232,0.12726479677984562,60
"Random contour + CovAdap, lambda=0.5",20260771,48.55862465997537,1.0,0.514347493648529,0.28477424299476745,10
"Random contour + CovAdap, lambda=0.5",20260772,49.3329440827171,1.0,0.24704763293266296,0.09942263904724132,4
"Random contour + CovAdap, lambda=0.5",20260773,47.20148176699877,1.0,0.44632187485694885,0.1186194890087605,11
"Random contour + CovAdap, lambda=0.5",20260774,49.37850532929103,1.0,0.4022037982940674,0.12076435270900307,4
"Random contour + CovAdap, lambda=0.5",20260775,48.136144926150635,1.0,0.539806067943573,0.13458975623484568,9
"Random contour + CovAdap, lambda=0.5",20260776,-76.76013485590617,0.0,31.079458236694336,0.16184300289507472,60
"Random contour + CovAdap, lambda=0.5",20260777,-66.39571321010588,0.0,30.01953887939453,0.17692605024743807,60
"Random contour + CovAdap, lambda=0.5",20260778,41.5006033629179,1.0,0.6210952997207642,0.12885230498901026,22
"Random contour + CovAdap, lambda=0.5",20260779,49.23339561124643,1.0,0.5544145703315735,0.1095919565885602,6
"Random contour + CovAdap, lambda=0.5",20260780,47.57113797465961,1.0,0.2720295786857605,0.11282779830646955,13
"Random contour + CovAdap, lambda=0.5",20260781,41.5621210138003,1.0,0.44709616899490356,0.19618189465815822,28
"Random contour + CovAdap, lambda=0.5",20260782,-60.78495065371195,0.0,36.5579719543457,0.2059912886803639,60
"Random contour + CovAdap, lambda=0.5",20260783,-28.34792581697305,0.0,8.188516616821289,0.2187832411217803,60
"Random contour + CovAdap, lambda=0.5",20260784,-56.82424175739288,0.0,21.55303382873535,0.151975908813413,60
"Random contour + CovAdap, lambda=0.5",20260785,47.219446224470936,1.0,0.30214717984199524,0.1476643896134133,12
"Random contour + CovAdap, lambda=0.5",20260786,46.01160918672879,1.0,0.4731866121292114,0.22252005851201037,18
"Random contour + CovAdap, lambda=0.5",20260787,48.72544285655022,1.0,0.6420732736587524,0.18660104023850393,8
"Random contour + CovAdap, lambda=0.5",20260788,49.868140007058784,1.0,0.5475003123283386,0.7081099170467612,2
"Random contour + CovAdap, lambda=0.5",20260789,49.02665550634265,1.0,0.12247054278850555,0.22026993260256908,7
"Random contour + CovAdap, lambda=0.5",20260790,49.653338308135666,1.0,0.5380529761314392,0.22421013727844663,3
"Random contour + CovAdap, lambda=0.5",20260791,48.91440171003342,1.0,0.6000609397888184,0.19075500194837014,5
"Random contour + CovAdap, lambda=0.5",20260792,49.5281352798144,1.0,0.5945717692375183,0.08539559133380817,4
"Random contour + CovAdap, lambda=0.5",20260793,47.27277475595474,1.0,0.4255383610725403,0.12727999839352394,12
"Random contour + CovAdap, lambda=0.5",20260794,-63.103886077801384,0.0,33.270267486572266,0.17225678301647848,60
"Random contour + CovAdap, lambda=0.5",20260795,-59.306652069091804,0.0,27.91152572631836,0.1349617461010071,60
"Random contour + CovAdap, lambda=0.5",20260796,48.581894377867386,1.0,0.5142933130264282,0.22482583928223562,5
"Random contour + CovAdap, lambda=0.5",20260797,46.99139709522327,1.0,0.42851927876472473,0.14130182118546644,12
"Random contour + CovAdap, lambda=0.5",20260798,-111.82671203215916,0.0,42.24726486206055,0.15343997570425338,60
"Random contour + CovAdap, lambda=0.5",20260799,-166.78186313311255,0.0,69.34963989257812,0.1990050489589512,60
"Random contour + CovAdap, lambda=0.5",20260800,48.88421013082067,1.0,0.203378364443779,0.17859031495208444,7
"Random contour + CovAdap, lambda=0.5",20260801,47.976110676924385,1.0,0.6436538696289062,0.188596185603247,6
"Random contour + CovAdap, lambda=0.5",20260802,-55.26638793945312,0.0,24.556772232055664,0.18552500161572744,60
"Random contour + CovAdap, lambda=0.5",20260803,43.93644597133001,1.0,0.6450892686843872,0.2178976653850268,42
"Random contour + CovAdap, lambda=0.5",20260804,48.120339592297874,1.0,0.5596150159835815,0.0966185429698087,7
"Random contour + CovAdap, lambda=0.5",20260805,-87.1828544139862,0.0,36.7838020324707,0.2229900338277286,60
"Random contour + CovAdap, lambda=0.5",20260806,49.636163870493576,1.0,0.13193422555923462,0.9877475757775817,4
"Random contour + CovAdap, lambda=0.5",20260807,47.75314383208752,1.0,0.5215268731117249,0.16453756086778812,20
"Random contour + CovAdap, lambda=0.5",20260808,43.121735997498035,1.0,0.35502150654792786,0.19668877280728903,17
"Random contour + CovAdap, lambda=0.5",20260809,47.83210550714284,1.0,0.0312812365591526,0.13321862447109065,15
"Random contour + CovAdap, lambda=0.5",20260810,43.12634325027466,1.0,0.6204134225845337,0.13051247373710775,16
"Random contour + CovAdap, lambda=0.5",20260811,48.377075761556625,1.0,0.5139554142951965,0.13450640685079515,7
"Random contour + CovAdap, lambda=0.5",20260812,49.38363501429558,1.0,0.47753995656967163,0.09776585683457312,5
"Random contour + CovAdap, lambda=0.5",20260813,47.9926534605523,1.0,0.21711842715740204,0.13611599908387986,13
"Random contour + CovAdap, lambda=0.5",20260814,46.39678763846556,1.0,0.5819002985954285,0.10994099467762507,11
"Random contour + CovAdap, lambda=0.5",20260815,49.175883673131466,1.0,0.34747645258903503,0.11856993817509828,5
"Random contour + CovAdap, lambda=0.5",20260816,36.231329408163816,1.0,0.11798069626092911,0.15356964014362157,37
"Random contour + CovAdap, lambda=0.5",20260817,35.85123345752557,1.0,0.5642223954200745,0.21863000775419378,28
"Random contour + CovAdap, lambda=0.5",20260818,49.207613895336785,1.0,0.5784945487976074,0.10373347420398543,4
"Random contour + CovAdap, lambda=0.5",20260819,47.28719758987427,1.0,0.5520250201225281,0.14681644408587285,11
"Random contour + CovAdap, lambda=0.5",20260820,-39.78716886043549,0.0,8.177371978759766,0.164505239987161,60
"Random contour + CovAdap, lambda=0.5",20260821,45.82779447237651,1.0,0.49752557277679443,0.1530511596260602,14
"Random contour + CovAdap, lambda=0.5",20260822,-33.766315519809716,0.0,4.920064449310303,0.16631779689878254,60
"Random contour + CovAdap, lambda=0.5",20260823,48.981727212667465,1.0,0.6041426062583923,0.14650722616314096,7
"Random contour + CovAdap, lambda=0.5",20260824,43.41158641626438,1.0,0.46519777178764343,0.2783232510171198,21
"Random contour + CovAdap, lambda=0.5",20260825,48.07817916075388,1.0,0.6497921943664551,0.10126212488968078,7
"Random contour + CovAdap, lambda=0.5",20260826,44.05366609493891,1.0,0.5776486396789551,0.12001105643862194,21
"Random contour + CovAdap, lambda=0.5",20260827,47.33962306380272,1.0,0.6011438369750977,0.10632578779581212,9
"Random contour + CovAdap, lambda=0.5",20260828,-49.438980539639786,0.0,1.315718650817871,0.1882137954893298,60
"Random contour + CovAdap, lambda=0.5",20260829,48.892781292398766,1.0,0.3795716166496277,0.10170275875593351,5
"Random contour + CovAdap, lambda=0.5",20260830,47.370786686738334,1.0,0.6165577173233032,0.14591488813731665,15
"Random contour + CovAdap, lambda=0.5",20260831,43.37759839495023,1.0,0.4565335512161255,0.13794178100145615,21
"Random contour + CovAdap, lambda=0.5",20260832,49.1722595145305,1.0,0.6071714162826538,0.18321076941078257,7
"Random contour + CovAdap, lambda=0.5",20260833,-52.17108764251073,0.0,30.640880584716797,0.14425190228836204,60
"Random contour + CovAdap, lambda=0.5",20260834,49.346098056683935,1.0,0.23981784284114838,0.13014615878051314,5
"Random contour + CovAdap, lambda=0.5",20260835,47.5371390680472,1.0,0.5890097618103027,0.10659312992735882,12
"Random contour + CovAdap, lambda=0.5",20260836,49.50082706411679,1.0,0.552531361579895,0.09858813887504565,3
"Random contour + CovAdap, lambda=0.5",20260837,-71.89380820592245,0.0,25.6245059967041,0.17483517187051273,60
"Random contour + CovAdap, lambda=0.5",20260838,48.45427167912324,1.0,0.6247813105583191,0.09364902173391587,7
"Random contour + CovAdap, lambda=0.5",20260839,45.04388887683551,1.0,0.3990895748138428,0.19682887881515726,13
"Random contour + CovAdap, lambda=0.5",20260840,43.780769462386765,1.0,0.33512359857559204,0.154216423624446,16
"Random contour + CovAdap, lambda=0.5",20260841,45.62599856158097,1.0,0.5035955309867859,0.24490556973084904,15
"Random contour + CovAdap, lambda=0.5",20260842,45.63968207438786,1.0,0.641846239566803,0.1473568130794616,13
"Random contour + CovAdap, lambda=0.5",20260843,48.33255573362112,1.0,0.4931463897228241,0.11279750493190543,7
"Random contour + CovAdap, lambda=0.5",20260844,34.89080723375082,1.0,0.35716429352760315,0.1993911609907675,40
"Random contour + CovAdap, lambda=0.5",20260845,46.770976319909096,1.0,0.21920520067214966,0.16946026262383282,14
"Random contour + CovAdap, lambda=0.5",20260846,47.818738055725895,1.0,0.4424164593219757,0.12664201979670786,8
"Random contour + CovAdap, lambda=0.5",20260847,47.812996596097946,1.0,0.5856115818023682,0.1383769696027635,9
"Random contour + CovAdap, lambda=0.5",20260848,48.4498138949275,1.0,0.4133572280406952,0.14524840308882114,9
"Random contour + CovAdap, lambda=0.5",20260849,48.41621013482412,1.0,0.6182923913002014,0.11664848642832089,7
"Random contour + CovAdap, lambda=0.5",20260850,49.10187657674154,1.0,0.5541883707046509,0.24840833495181672,4
"Random contour + CovAdap, lambda=0.5",20260851,43.93296079337597,1.0,0.594659686088562,0.12073327321277069,17
"Random contour + CovAdap, lambda=0.5",20260852,47.933810641368225,1.0,0.4583370089530945,0.17723019092047926,15
"Random contour + CovAdap, lambda=0.5",20260853,48.36282440523306,1.0,0.42268145084381104,0.11956962897173685,18
"Random contour + CovAdap, lambda=0.5",20260854,-56.103603402773544,0.0,8.303101539611816,0.15356197993399126,60
"Random contour + CovAdap, lambda=0.5",20260855,49.713311195373535,1.0,0.3972429037094116,0.08039574896791635,3
"Random contour + CovAdap, lambda=0.5",20260856,46.92185376087824,1.0,0.46062755584716797,0.23564365750664518,10
"Random contour + CovAdap, lambda=0.5",20260857,48.61333199342092,1.0,0.5305385589599609,0.10771128535773034,6
"Random contour + CovAdap, lambda=0.5",20260858,40.34071194628875,1.0,0.5787047743797302,0.17303920943349055,23
"Random contour + CovAdap, lambda=0.5",20260859,48.62286413336794,1.0,0.16956208646297455,0.1031380467857425,6
"Random contour + CovAdap, lambda=0.5",20260860,41.06462645282348,1.0,0.4228958785533905,0.14037889930418188,29
"Random contour + CovAdap, lambda=0.5",20260861,44.5578427662452,1.0,0.5928739309310913,0.1575320255114016,14
"Random contour + CovAdap, lambda=0.5",20260862,48.7249980121851,1.0,0.5908153653144836,0.11080794843190345,6
"Random contour + CovAdap, lambda=0.5",20260863,49.684424785276256,1.0,0.23200753331184387,0.16497325595448156,3
"Random contour + CovAdap, lambda=0.5",20260864,49.66085313012203,1.0,0.47762617468833923,0.10962435510164854,3
"Random contour + CovAdap, lambda=0.5",20260865,49.17387775580088,1.0,0.2643401026725769,0.17842475885837378,8
"Random contour + CovAdap, lambda=0.5",20260866,-42.86832726001741,0.0,16.224533081054688,0.1702622521551159,60
"Random contour + CovAdap, lambda=0.5",20260867,45.776657432317734,1.0,0.23807930946350098,0.26861587765623723,12
"Random contour + CovAdap, lambda=0.5",20260868,45.77535663545132,1.0,0.40469294786453247,0.20702021996682998,10
"Random contour + CovAdap, lambda=0.5",20260869,46.50531491140525,1.0,0.6322552561759949,0.14890725804684538,22
"Random contour + CovAdap, lambda=0.5",20260870,-77.61126079161961,0.0,43.68635940551758,0.20624680018034172,60
"Random contour + CovAdap, lambda=0.5",20260871,48.05105025072893,1.0,0.5268823504447937,0.22210838415546028,7
"Random contour + CovAdap, lambda=0.5",20260872,-122.46584900220236,0.0,42.68973922729492,0.18676847906845437,60
"Random contour + CovAdap, lambda=0.5",20260873,-51.98997082312901,0.0,10.672651290893555,0.1655800689147384,60
"Random contour + CovAdap, lambda=0.5",20260874,41.14835073053837,1.0,0.541905403137207,0.15471008745648013,40
"Random contour + CovAdap, lambda=0.5",20260875,-148.36423500378925,0.0,62.08800506591797,0.19817331429318827,60
"Random contour + CovAdap, lambda=0.5",20260876,32.59614540388187,1.0,0.45678725838661194,0.18809646035210806,56
"Random contour + CovAdap, lambda=0.5",20260877,44.725907246271774,1.0,0.6182682514190674,0.09867587398482666,16
"Random contour + CovAdap, lambda=0.5",20260878,35.0997192710638,1.0,0.46434515714645386,0.14828053468847377,31
"Random contour + CovAdap, lambda=0.5",20260879,-38.72997643053532,0.0,9.889774322509766,0.22078675495241654,60
"Random contour + CovAdap, lambda=0.5",20260880,44.99842834721009,1.0,0.38722094893455505,0.14198829671648505,17
"Random contour + CovAdap, lambda=0.5",20260881,48.87957643469175,1.0,0.3361179828643799,0.17886571007274737,5
"Random contour + CovAdap, lambda=0.5",20260882,45.54842389623324,1.0,0.595021665096283,0.22385784577599493,20
"Random contour + CovAdap, lambda=0.5",20260883,45.63426987330119,1.0,0.6004589796066284,0.12558987490770296,17
"Random contour + CovAdap, lambda=0.5",20260884,-36.24134327967961,0.0,9.574528694152832,0.1500642264602717,60
"Random contour + CovAdap, lambda=0.5",20260885,41.28715393443902,1.0,0.3035656809806824,0.1617847601283252,21
"Random contour + CovAdap, lambda=0.5",20260886,48.55112131933371,1.0,0.6312427520751953,0.1242698573440626,11
"Random contour + CovAdap, lambda=0.5",20260887,48.50992789616188,1.0,0.263034850358963,0.1305915539376248,6
"Random contour + CovAdap, lambda=0.5",20260888,44.87457072734833,1.0,0.510086715221405,0.13202697407360364,18
"Random contour + CovAdap, lambda=0.5",20260889,42.906377509236336,1.0,0.24807119369506836,0.15764748524935307,28
"Random contour + CovAdap, lambda=0.5",20260890,-134.75429833928746,0.0,56.77793884277344,0.16206113446932624,60
"Random contour + CovAdap, lambda=0.5",20260891,49.38902993003528,1.0,0.6448417901992798,0.09786723443349847,6
"Random contour + CovAdap, lambda=0.5",20260892,49.66736379762491,1.0,0.12574690580368042,0.12697198126045106,5
"Random contour + CovAdap, lambda=0.5",20260893,48.952782690525055,1.0,0.5277653932571411,0.0988139455804191,6
"Random contour + CovAdap, lambda=0.5",20260894,47.45661775767803,1.0,0.5363631844520569,0.4095770928179444,8
"Random contour + CovAdap, lambda=0.5",20260895,-111.11638683080677,0.0,44.068275451660156,0.16588230876084412,60
"Random contour + CovAdap, lambda=0.5",20260896,49.40573941667874,1.0,0.532631516456604,0.1833457194854115,7
"Random contour + CovAdap, lambda=0.5",20260897,49.391433119773865,1.0,0.421684205532074,0.14493297360738372,5
"Random contour + CovAdap, lambda=0.5",20260898,31.223294496536255,1.0,0.3405917286872864,0.20225458940458477,52
"Random contour + CovAdap, lambda=0.5",20260899,48.47082750995954,1.0,0.5391741991043091,0.08312828717983783,8
"Random contour + CovAdap, lambda=0.5",20260900,34.31802500784397,1.0,0.5493695139884949,0.15750600348392185,34
"Random contour + CovAdap, lambda=0.5",20260901,49.32062813639641,1.0,0.30190563201904297,0.18509884453996012,4
"Random contour + CovAdap, lambda=0.5",20260902,48.89522862931093,1.0,0.6111273765563965,0.12022921499708726,7
"Random contour + CovAdap, lambda=0.5",20260903,49.599483260263995,1.0,0.14384277164936066,0.1212325706033478,4
"Random contour + CovAdap, lambda=0.5",20260904,49.46512171626091,1.0,0.6184239387512207,0.10864491651368476,5
"Random contour + CovAdap, lambda=0.5",20260905,45.05789262553056,1.0,0.5609362125396729,0.238316659532857,14
"Random contour + CovAdap, lambda=0.5",20260906,45.418136924505234,1.0,0.5003066062927246,0.17752038377740864,19
"Random contour + CovAdap, lambda=0.5",20260907,-42.44270890951158,0.0,18.800661087036133,0.19602780281819207,60
"Random contour + CovAdap, lambda=0.5",20260908,45.72820716599623,1.0,0.577997624874115,0.17400248473892013,25
"Random contour + CovAdap, lambda=0.5",20260909,47.753870444993176,1.0,0.40979841351509094,0.11391174685541859,11
"Random contour + CovAdap, lambda=0.5",20260910,47.370089784264565,1.0,0.6468239426612854,0.13183392476341965,11
"Random contour + CovAdap, lambda=0.5",20260911,48.502275923887886,1.0,0.32378268241882324,0.20857728695220337,6
"Random contour + CovAdap, lambda=0.5",20260912,-96.38864847024281,0.0,40.87037658691406,0.13714178227220936,60
"Random contour + CovAdap, lambda=0.5",20260913,49.31918055812518,1.0,0.612075924873352,0.1154407814582768,4
"Random contour + CovAdap, lambda=0.5",20260914,47.43264533827702,1.0,0.3987206518650055,0.1270359885506248,8
"Random contour + CovAdap, lambda=0.5",20260915,49.138285679121815,1.0,0.3087601959705353,0.14099034424657025,8
"Random contour + CovAdap, lambda=0.5",20260916,48.53970030943553,1.0,0.575373649597168,0.1471618811717643,7
"Random contour + CovAdap, lambda=0.5",20260917,43.103661040465035,1.0,0.6239651441574097,0.15778638048926272,24
"Random contour + CovAdap, lambda=0.5",20260918,48.12460553646088,1.0,0.3276022672653198,0.2343220528533374,6
"Random contour + CovAdap, lambda=0.5",20260919,-70.06713946660359,0.0,29.93548583984375,0.16028355512591108,60
"Random contour + CovAdap, lambda=0.5",20260920,49.0417149203519,1.0,0.24557806551456451,0.18094200053178666,6
"Random contour + CovAdap, lambda=0.5",20260921,-103.01503201325733,0.0,23.015857696533203,0.1873051919581919,60
"Random contour + CovAdap, lambda=0.5",20260922,48.8491469596823,1.0,0.055869847536087036,0.08775906579557324,6
"Random contour + CovAdap, lambda=0.5",20260923,43.91351155936718,1.0,0.6451331973075867,0.12943905254436966,14
"Random contour + CovAdap, lambda=0.5",20260924,48.75939843058586,1.0,0.4598524570465088,0.12067245554987217,6
"Random contour + CovAdap, lambda=0.5",20260925,49.083128323157624,1.0,0.4655614495277405,0.12219792106041819,5
"Random contour + CovAdap, lambda=0.5",20260926,48.80336647729079,1.0,0.5818516612052917,0.13793384747364443,5
"Random contour + CovAdap, lambda=0.5",20260927,49.100701491038,1.0,0.38283973932266235,0.10175265940490551,7
"Random contour + CovAdap, lambda=0.5",20260928,-120.46833111842473,0.0,70.80278778076172,0.1523758783918955,60
"Random contour + CovAdap, lambda=0.5",20260929,45.61202852676312,1.0,0.3071072995662689,0.1653733341948406,16
"Random contour + CovAdap, lambda=0.5",20260930,49.424557680885,1.0,0.5808258652687073,0.1778630295583351,4
"Random contour + CovAdap, lambda=0.5",20260931,48.67138214160999,1.0,0.3369457423686981,0.1215396785070862,6
"Random contour + CovAdap, lambda=0.5",20260932,47.73638974130154,1.0,0.4200182557106018,0.13819523241754833,8
"Random contour + CovAdap, lambda=0.5",20260933,48.93461247036855,1.0,0.38441208004951477,0.1817878730307409,4
"Random contour + CovAdap, lambda=0.5",20260934,47.156649174789585,1.0,0.48478254675865173,0.16791898192877083,9
"Random contour + CovAdap, lambda=0.5",20260935,41.97744254271189,1.0,0.4592648148536682,0.16672007773231767,23
"Random contour + CovAdap, lambda=0.5",20260936,44.24534937739372,1.0,0.5465370416641235,0.13399986345903883,20
"Random contour + CovAdap, lambda=0.5",20260937,-123.9159059127172,0.0,38.318458557128906,0.1417410589505527,60
"Random contour + CovAdap, lambda=0.5",20260938,48.585772916674614,1.0,0.2600000500679016,0.2710939260668329,6
"Random contour + CovAdap, lambda=0.5",20260939,40.81450957556565,1.0,0.5451669096946716,0.17047693578903117,20
"Random contour + CovAdap, lambda=0.5",20260940,47.45163177450498,1.0,0.535983145236969,0.1345746969530473,23
"Random contour + CovAdap, lambda=0.5",20260941,46.47489422311386,1.0,0.45215240120887756,0.20428300406769304,16
"Random contour + CovAdap, lambda=0.5",20260942,46.838801185290016,1.0,0.4622718095779419,0.24511442729163466,10
"Random contour + CovAdap, lambda=0.5",20260943,45.08133057753245,1.0,0.5434890985488892,0.2094716055245658,21
"Random contour + CovAdap, lambda=0.5",20260944,48.63312446077665,1.0,0.5333389639854431,0.14103111284884504,9
"Random contour + CovAdap, lambda=0.5",20260945,47.70748453835647,1.0,0.4316312074661255,0.13651191963587048,15
"Random contour + CovAdap, lambda=0.5",20260946,48.13056372602781,1.0,0.5391494035720825,0.11226869696601297,10
"Random contour + CovAdap, lambda=0.5",20260947,48.38568382461866,1.0,0.6081903576850891,0.2826726430166463,10
"Random contour + CovAdap, lambda=0.5",20260948,47.50591225425402,1.0,0.3090587854385376,0.18082034899302293,9
"Random contour + CovAdap, lambda=0.5",20260949,48.32155200342338,1.0,0.4306454062461853,0.1513297130946583,10
"Random contour + CovAdap, lambda=0.5",20260950,48.803073015064,1.0,0.2001226395368576,0.1322850145978482,7
"Random contour + CovAdap, lambda=0.5",20260951,49.4999482134978,1.0,0.4644208550453186,0.10292704010406109,5
"Random contour + CovAdap, lambda=0.5",20260952,48.7712049682935,1.0,0.5689572095870972,0.11637324577383938,7
"Random contour + CovAdap, lambda=0.5",20260953,48.39606264233589,1.0,0.5902799367904663,0.20009975161497118,7
"Random contour + CovAdap, lambda=0.5",20260954,47.8392670104901,1.0,0.5183283686637878,0.16745066087720342,7
"Random contour + CovAdap, lambda=0.5",20260955,47.96670834471782,1.0,0.44974300265312195,0.14656445261811749,15
"Random contour + CovAdap, lambda=0.5",20260956,48.34368391831716,1.0,0.5732671022415161,0.19553218904888903,9
"Random contour + CovAdap, lambda=0.5",20260957,43.97734588881334,1.0,0.6447209715843201,0.19356824754573893,21
"Random contour + CovAdap, lambda=0.5",20260958,48.23462058479587,1.0,0.18615765869617462,0.11650414485791816,12
"Random contour + CovAdap, lambda=0.5",20260959,-24.285779744386666,0.0,7.346465587615967,0.1656329415270385,60
"Random contour + CovAdap, lambda=0.5",20260960,48.601445923248924,1.0,0.4837304949760437,0.16006684991068562,7
"Random contour + CovAdap, lambda=0.5",20260961,48.92376441756884,1.0,0.4990953207015991,0.12260652054684469,5
"Random contour + CovAdap, lambda=0.5",20260962,46.96485363940398,1.0,0.49858105182647705,0.12956174447485375,13
"Random contour + CovAdap, lambda=0.5",20260963,46.634372601906456,1.0,0.5884103178977966,0.18425676092748586,25
"Random contour + CovAdap, lambda=0.5",20260964,49.00691147148609,1.0,0.3984980583190918,0.15931317348160726,6
"Random contour + CovAdap, lambda=0.5",20260965,47.608029276132584,1.0,0.5736949443817139,0.3584380767293738,8
"Random contour + CovAdap, lambda=0.5",20260966,49.1391490350167,1.0,0.3374760150909424,0.1337628724446061,7
"Random contour + CovAdap, lambda=0.5",20260967,49.46892490237951,1.0,0.490801066160202,0.12740177407047967,5
"Random contour + CovAdap, lambda=0.5",20260968,-72.42819346984228,0.0,37.054039001464844,0.2275772476995243,60
"Random contour + CovAdap, lambda=0.5",20260969,-125.80304670333862,0.0,40.357608795166016,0.17674825136295483,60
"Random contour + CovAdap, lambda=0.5",20260970,-36.00478752950827,0.0,0.8752086758613586,0.16922090557509778,60
"Random contour + CovAdap, lambda=0.5",20260971,45.109155808885895,1.0,0.6349013447761536,0.16759371927906053,15
"Random contour + CovAdap, lambda=0.5",20260972,47.369970132907234,1.0,0.42098021507263184,0.14664133176259497,8
"Random contour + CovAdap, lambda=0.5",20260973,43.01944540192684,1.0,0.3472066819667816,0.23930895665813967,18
"Random contour + CovAdap, lambda=0.5",20260974,47.82091246545315,1.0,0.3881070017814636,0.15916965297374724,8
"Random contour + CovAdap, lambda=0.5",20260975,46.68957541386286,1.0,0.5073679089546204,0.17638883071171355,12
"Random contour + CovAdap, lambda=0.5",20260976,-106.07714028159776,0.0,53.95135498046875,0.20579447134227552,60
"Random contour + CovAdap, lambda=0.5",20260977,49.419376293818154,1.0,0.41734206676483154,0.10442392282621367,7
"Random contour + CovAdap, lambda=0.5",20260978,48.39541952311993,1.0,0.5067727565765381,0.1276647870572539,7
"Random contour + CovAdap, lambda=0.5",20260979,45.23439498494069,1.0,0.15598127245903015,0.20313400269393408,27
"Random contour + CovAdap, lambda=0.5",20260980,-58.89630178610482,0.0,16.719770431518555,0.19893052855520305,60
"Random contour + CovAdap, lambda=0.5",20260981,49.46268031994502,1.0,0.6253440976142883,0.3732743186438812,5
"Random contour + CovAdap, lambda=0.5",20260982,-28.951920529206596,0.0,8.062508583068848,0.18142723203074082,60
"Random contour + CovAdap, lambda=1.0",20260733,49.71404389043649,1.0,0.3827020525932312,0.16693386950548902,3
"Random contour + CovAdap, lambda=1.0",20260734,49.095220467696585,1.0,0.1296313852071762,0.08957897087972867,5
"Random contour + CovAdap, lambda=1.0",20260735,49.577093094587326,1.0,0.5418025851249695,0.1418387765910308,4
"Random contour + CovAdap, lambda=1.0",20260736,-63.825181225935616,0.0,15.144465446472168,0.1593932170875078,60
"Random contour + CovAdap, lambda=1.0",20260737,47.56455574929714,1.0,0.5909557938575745,0.11578552547957026,9
"Random contour + CovAdap, lambda=1.0",20260738,42.09269415214658,1.0,0.13772346079349518,0.15649866037081167,30
"Random contour + CovAdap, lambda=1.0",20260739,45.65163468942046,1.0,0.13106320798397064,0.1679627495259217,20
"Random contour + CovAdap, lambda=1.0",20260740,48.01773986965418,1.0,0.41110125184059143,0.1198200999042711,6
"Random contour + CovAdap, lambda=1.0",20260741,44.398053124547005,1.0,0.47356492280960083,0.17036794297586763,26
"Random contour + CovAdap, lambda=1.0",20260742,47.36683424562216,1.0,0.36032775044441223,0.26262362439433307,10
"Random contour + CovAdap, lambda=1.0",20260743,47.50120932857196,1.0,0.5967040061950684,0.3692253432171005,8
"Random contour + CovAdap, lambda=1.0",20260744,42.183671567589045,1.0,0.11895771324634552,0.20728485004785036,24
"Random contour + CovAdap, lambda=1.0",20260745,47.34002004315456,1.0,0.4900641143321991,0.09265386007302658,9
"Random contour + CovAdap, lambda=1.0",20260746,44.52885418136914,1.0,0.17328166961669922,0.1066026574400919,12
"Random contour + CovAdap, lambda=1.0",20260747,49.08467426896095,1.0,0.4740326404571533,0.17952559600996604,5
"Random contour + CovAdap, lambda=1.0",20260748,49.173474026223026,1.0,0.4041188657283783,0.11379221094654933,4
"Random contour + CovAdap, lambda=1.0",20260749,-124.55321822563806,0.0,60.65743637084961,0.1464818109443549,60
"Random contour + CovAdap, lambda=1.0",20260750,48.96675368646781,1.0,0.46950507164001465,0.20319892811592488,6
"Random contour + CovAdap, lambda=1.0",20260751,48.69211872170369,1.0,0.4898761808872223,0.11257261037063644,7
"Random contour + CovAdap, lambda=1.0",20260752,-96.74753950536252,0.0,47.149898529052734,0.1610591666637766,60
"Random contour + CovAdap, lambda=1.0",20260753,46.6665281628569,1.0,0.3906497061252594,0.17443862005052094,15
"Random contour + CovAdap, lambda=1.0",20260754,47.47738328265647,1.0,0.06471613794565201,0.15453200761803693,9
"Random contour + CovAdap, lambda=1.0",20260755,47.18637294818958,1.0,0.38956424593925476,0.1422301889797143,11
"Random contour + CovAdap, lambda=1.0",20260756,47.94017991671959,1.0,0.42560020089149475,0.14917366751183297,8
"Random contour + CovAdap, lambda=1.0",20260757,45.88426257669926,1.0,0.6410706043243408,0.23942381366525717,11
"Random contour + CovAdap, lambda=1.0",20260758,49.55615602185329,1.0,0.3645317256450653,0.42428645925348907,4
"Random contour + CovAdap, lambda=1.0",20260759,-106.13292358318965,0.0,54.19578552246094,0.21876778290683005,60
"Random contour + CovAdap, lambda=1.0",20260760,-45.768999497095734,0.0,3.0735719203948975,0.14765740203908426,60
"Random contour + CovAdap, lambda=1.0",20260761,48.59767276545366,1.0,0.6475315690040588,0.15864663215116703,8
"Random contour + CovAdap, lambda=1.0",20260762,47.81917750587066,1.0,0.22410538792610168,0.13626494891569468,10
"Random contour + CovAdap, lambda=1.0",20260763,-93.65931154290834,0.0,47.11809539794922,0.1701527325435067,60
"Random contour + CovAdap, lambda=1.0",20260764,49.14692554871242,1.0,0.5867851972579956,0.12808464752541193,5
"Random contour + CovAdap, lambda=1.0",20260765,49.0956259816885,1.0,0.5658849477767944,0.08992139063512476,6
"Random contour + CovAdap, lambda=1.0",20260766,45.670899341503784,1.0,0.5835121870040894,0.24160203432530358,17
"Random contour + CovAdap, lambda=1.0",20260767,-101.55508033434549,0.0,61.930908203125,0.18376604732014795,60
"Random contour + CovAdap, lambda=1.0",20260768,49.51837329566479,1.0,0.4555869698524475,0.0994167904667769,4
"Random contour + CovAdap, lambda=1.0",20260769,47.97633072237174,1.0,0.5301900506019592,0.11081401476640412,9
"Random contour + CovAdap, lambda=1.0",20260770,-22.194371591011684,0.0,4.430334091186523,0.12715297660308417,60
"Random contour + CovAdap, lambda=1.0",20260771,48.61634351313114,1.0,0.6497418880462646,0.28858527275075335,9
"Random contour + CovAdap, lambda=1.0",20260772,49.3329440827171,1.0,0.24704763293266296,0.09942263904724132,4
"Random contour + CovAdap, lambda=1.0",20260773,47.20202369491259,1.0,0.4456028938293457,0.10996462487369674,11
"Random contour + CovAdap, lambda=1.0",20260774,49.37850532929103,1.0,0.4022037982940674,0.12076435270900307,4
"Random contour + CovAdap, lambda=1.0",20260775,48.13449537754059,1.0,0.547776460647583,0.12731222237463957,9
"Random contour + CovAdap, lambda=1.0",20260776,-76.76332859198251,0.0,31.07880210876465,0.16102934458003393,60
"Random contour + CovAdap, lambda=1.0",20260777,-66.39517211914062,0.0,30.019397735595703,0.1744641414318909,60
"Random contour + CovAdap, lambda=1.0",20260778,41.50078354279201,1.0,0.6210939288139343,0.12682942686818455,22
"Random contour + CovAdap, lambda=1.0",20260779,49.23339561124643,1.0,0.5544145703315735,0.1095919565885602,6
"Random contour + CovAdap, lambda=1.0",20260780,47.57113797465961,1.0,0.2720295786857605,0.11282779830646955,13
"Random contour + CovAdap, lambda=1.0",20260781,41.58761575569709,1.0,0.42347678542137146,0.1898116002485439,28
"Random contour + CovAdap, lambda=1.0",20260782,-60.75473817189534,0.0,36.54973602294922,0.20072983501290026,60
"Random contour + CovAdap, lambda=1.0",20260783,-28.262198115388554,0.0,8.190116882324219,0.21339163494648025,60
"Random contour + CovAdap, lambda=1.0",20260784,-56.82297535737357,0.0,21.553062438964844,0.1495815428616539,60
"Random contour + CovAdap, lambda=1.0",20260785,47.22042856117089,1.0,0.3032073378562927,0.14822270023359918,12
"Random contour + CovAdap, lambda=1.0",20260786,46.009736788769565,1.0,0.48129138350486755,0.21077224360169147,18
"Random contour + CovAdap, lambda=1.0",20260787,48.723165755470596,1.0,0.6492903828620911,0.1799249616809952,8
"Random contour + CovAdap, lambda=1.0",20260788,49.86605616907279,1.0,0.5346460938453674,0.6649814074900473,2
"Random contour + CovAdap, lambda=1.0",20260789,49.02883134533962,1.0,0.11012062430381775,0.20441871493805586,7
"Random contour + CovAdap, lambda=1.0",20260790,49.66430020083984,1.0,0.4687711298465729,0.2026969312556528,3
"Random contour + CovAdap, lambda=1.0",20260791,48.91381282607714,1.0,0.6071275472640991,0.1804402343609659,5
"Random contour + CovAdap, lambda=1.0",20260792,49.5281352798144,1.0,0.5945717692375183,0.08539559133380817,4
"Random contour + CovAdap, lambda=1.0",20260793,47.27277475595474,1.0,0.4255383610725403,0.12727999839352394,12
"Random contour + CovAdap, lambda=1.0",20260794,-63.0997403562069,0.0,33.270633697509766,0.16761643600385226,60
"Random contour + CovAdap, lambda=1.0",20260795,-59.25731762250264,0.0,27.88091278076172,0.13478837320166476,60
"Random contour + CovAdap, lambda=1.0",20260796,48.580308402578034,1.0,0.5182504057884216,0.20811624463265735,5
"Random contour + CovAdap, lambda=1.0",20260797,46.993992904822036,1.0,0.43122798204421997,0.13413535369045262,12
"Random contour + CovAdap, lambda=1.0",20260798,-111.82985198497774,0.0,42.25075912475586,0.15050752054036198,60
"Random contour + CovAdap, lambda=1.0",20260799,-166.78628345330554,0.0,69.35063171386719,0.19748072616914575,60
"Random contour + CovAdap, lambda=1.0",20260800,48.89283741265535,1.0,0.20257624983787537,0.17955803708079676,7
"Random contour + CovAdap, lambda=1.0",20260801,47.97774629791578,1.0,0.6353194713592529,0.1768398477879735,6
"Random contour + CovAdap, lambda=1.0",20260802,-55.25174637635549,0.0,24.55979347229004,0.18285685456404138,60
"Random contour + CovAdap, lambda=1.0",20260803,43.939785907665886,1.0,0.646289050579071,0.20523848757558683,42
"Random contour + CovAdap, lambda=1.0",20260804,48.120339592297874,1.0,0.5596150159835815,0.0966185429698087,7
"Random contour + CovAdap, lambda=1.0",20260805,-87.2011641263962,0.0,36.78841781616211,0.21583268039977815,60
"Random contour + CovAdap, lambda=1.0",20260806,49.64589244375627,1.0,0.13051381707191467,0.8670550864952293,4
"Random contour + CovAdap, lambda=1.0",20260807,47.754973128437996,1.0,0.521527111530304,0.1595235915497129,20
"Random contour + CovAdap, lambda=1.0",20260808,43.117761554817356,1.0,0.3642562925815582,0.18889676625213173,17
"Random contour + CovAdap, lambda=1.0",20260809,47.83210550714284,1.0,0.0312812365591526,0.13321862447109065,15
"Random contour + CovAdap, lambda=1.0",20260810,43.12634325027466,1.0,0.6204134225845337,0.13051247373710775,16
"Random contour + CovAdap, lambda=1.0",20260811,48.379965444405876,1.0,0.5040623545646667,0.1311245684796509,7
"Random contour + CovAdap, lambda=1.0",20260812,49.38363501429558,1.0,0.47753995656967163,0.09776585683457312,5
"Random contour + CovAdap, lambda=1.0",20260813,47.99052997802695,1.0,0.21624411642551422,0.13262076276277962,13
"Random contour + CovAdap, lambda=1.0",20260814,46.39678763846556,1.0,0.5819002985954285,0.10994099467762507,11
"Random contour + CovAdap, lambda=1.0",20260815,49.175883673131466,1.0,0.34747645258903503,0.11856993817509828,5
"Random contour + CovAdap, lambda=1.0",20260816,36.23552046716213,1.0,0.10544145107269287,0.15023891499975434,37
"Random contour + CovAdap, lambda=1.0",20260817,35.85357319315274,1.0,0.564185380935669,0.21442345935931711,28
"Random contour + CovAdap, lambda=1.0",20260818,49.207613895336785,1.0,0.5784945487976074,0.10373347420398543,4
"Random contour + CovAdap, lambda=1.0",20260819,47.298843299349144,1.0,0.5006241798400879,0.13657220809138562,11
"Random contour + CovAdap, lambda=1.0",20260820,-39.7783156434695,0.0,8.17645263671875,0.1573169046534624,60
"Random contour + CovAdap, lambda=1.0",20260821,45.828900185724095,1.0,0.4933222234249115,0.1495934765276823,14
"Random contour + CovAdap, lambda=1.0",20260822,-33.761037965615586,0.0,4.920017719268799,0.16047796629647568,60
"Random contour + CovAdap, lambda=1.0",20260823,48.97723632554213,1.0,0.642224907875061,0.13836871708085335,7
"Random contour + CovAdap, lambda=1.0",20260824,43.4373786598444,1.0,0.46463543176651,0.26141471114445614,21
"Random contour + CovAdap, lambda=1.0",20260825,48.07817916075388,1.0,0.6497921943664551,0.10126212488968078,7
"Random contour + CovAdap, lambda=1.0",20260826,44.05366609493891,1.0,0.5776486396789551,0.12001105643862194,21
"Random contour + CovAdap, lambda=1.0",20260827,47.340407306949295,1.0,0.598517119884491,0.09992055145285944,9
"Random contour + CovAdap, lambda=1.0",20260828,-49.43056086699168,0.0,1.3071398735046387,0.18538981228486495,60
"Random contour + CovAdap, lambda=1.0",20260829,48.892781292398766,1.0,0.3795716166496277,0.10170275875593351,5
"Random contour + CovAdap, lambda=1.0",20260830,47.35729066530863,1.0,0.6384217143058777,0.14544160493589584,15
"Random contour + CovAdap, lambda=1.0",20260831,43.376615921656295,1.0,0.45778703689575195,0.13857819277395483,21
"Random contour + CovAdap, lambda=1.0",20260832,49.17067454755306,1.0,0.6261910200119019,0.18436850622115233,7
"Random contour + CovAdap, lambda=1.0",20260833,-52.17141550779343,0.0,30.64084243774414,0.14205929615949586,60
"Random contour + CovAdap, lambda=1.0",20260834,49.346098056683935,1.0,0.23981784284114838,0.13014615878051314,5
"Random contour + CovAdap, lambda=1.0",20260835,47.5371390680472,1.0,0.5890097618103027,0.10659312992735882,12
"Random contour + CovAdap, lambda=1.0",20260836,49.50082706411679,1.0,0.552531361579895,0.09858813887504565,3
"Random contour + CovAdap, lambda=1.0",20260837,-71.89428548018137,0.0,25.62516975402832,0.16658846303638572,60
"Random contour + CovAdap, lambda=1.0",20260838,48.45427167912324,1.0,0.6247813105583191,0.09364902173391587,7
"Random contour + CovAdap, lambda=1.0",20260839,45.04663663605849,1.0,0.399036705493927,0.18501358761216105,13
"Random contour + CovAdap, lambda=1.0",20260840,43.77367749065161,1.0,0.4150768220424652,0.14603619000716134,16
"Random contour + CovAdap, lambda=1.0",20260841,45.61894430220127,1.0,0.5643948912620544,0.2390406948129532,15
"Random contour + CovAdap, lambda=1.0",20260842,45.63970315953096,1.0,0.642006516456604,0.1462224437833706,13
"Random contour + CovAdap, lambda=1.0",20260843,48.33255573362112,1.0,0.4931463897228241,0.11279750493190543,7
"Random contour + CovAdap, lambda=1.0",20260844,34.880824985603496,1.0,0.35699453949928284,0.18865558832432466,40
"Random contour + CovAdap, lambda=1.0",20260845,46.77222776909669,1.0,0.2181280255317688,0.16477589420181243,14
"Random contour + CovAdap, lambda=1.0",20260846,47.818738055725895,1.0,0.4424164593219757,0.12664201979670786,8
"Random contour + CovAdap, lambda=1.0",20260847,47.81445078551769,1.0,0.5620532631874084,0.13385270812024985,9
"Random contour + CovAdap, lambda=1.0",20260848,48.47268717984358,1.0,0.41423165798187256,0.1364843750625788,9
"Random contour + CovAdap, lambda=1.0",20260849,48.41621013482412,1.0,0.6182923913002014,0.11664848642832089,7
"Random contour + CovAdap, lambda=1.0",20260850,49.101406037807465,1.0,0.5591263771057129,0.231609747659717,4
"Random contour + CovAdap, lambda=1.0",20260851,43.93296079337597,1.0,0.594659686088562,0.12073327321277069,17
"Random contour + CovAdap, lambda=1.0",20260852,47.92622372508049,1.0,0.4952402710914612,0.17862856739524274,15
"Random contour + CovAdap, lambda=1.0",20260853,48.36282440523306,1.0,0.42268145084381104,0.11956962897173685,18
"Random contour + CovAdap, lambda=1.0",20260854,-56.10434325536092,0.0,8.30298900604248,0.15031061815172908,60
"Random contour + CovAdap, lambda=1.0",20260855,49.713311195373535,1.0,0.3972429037094116,0.08039574896791635,3
"Random contour + CovAdap, lambda=1.0",20260856,46.92102368672689,1.0,0.4608006477355957,0.21380938788729648,10
"Random contour + CovAdap, lambda=1.0",20260857,48.60546902815501,1.0,0.5485835075378418,0.10727525134445798,6
"Random contour + CovAdap, lambda=1.0",20260858,40.33628158271313,1.0,0.5877168774604797,0.16700424011977424,23
"Random contour + CovAdap, lambda=1.0",20260859,48.62286413336794,1.0,0.16956208646297455,0.1031380467857425,6
"Random contour + CovAdap, lambda=1.0",20260860,41.064696803689,1.0,0.4229002594947815,0.1390990520971913,29
"Random contour + CovAdap, lambda=1.0",20260861,44.55417613685131,1.0,0.614995002746582,0.15519495339114528,14
"Random contour + CovAdap, lambda=1.0",20260862,48.7249980121851,1.0,0.5908153653144836,0.11080794843190345,6
"Random contour + CovAdap, lambda=1.0",20260863,49.684424785276256,1.0,0.23200753331184387,0.16497325595448156,3
"Random contour + CovAdap, lambda=1.0",20260864,49.66085313012203,1.0,0.47762617468833923,0.10962435510164854,3
"Random contour + CovAdap, lambda=1.0",20260865,49.17076503733794,1.0,0.29221218824386597,0.1774351803018951,8
"Random contour + CovAdap, lambda=1.0",20260866,-42.872702757517494,0.0,16.229782104492188,0.16829974630116495,60
"Random contour + CovAdap, lambda=1.0",20260867,45.78278150906166,1.0,0.19023588299751282,0.25675174737975004,12
"Random contour + CovAdap, lambda=1.0",20260868,45.777510123948254,1.0,0.39377787709236145,0.20118716447939766,10
"Random contour + CovAdap, lambda=1.0",20260869,46.50987925132115,1.0,0.6312711834907532,0.14753720722962646,22
"Random contour + CovAdap, lambda=1.0",20260870,-77.65987914800642,0.0,43.701873779296875,0.19448022793905528,60
"Random contour + CovAdap, lambda=1.0",20260871,48.05438403288524,1.0,0.4907892942428589,0.2051368538190628,7
"Random contour + CovAdap, lambda=1.0",20260872,-122.46793953577676,0.0,42.68960189819336,0.18532231763477905,60
"Random contour + CovAdap, lambda=1.0",20260873,-51.98955571651458,0.0,10.672650337219238,0.1635320183716118,60
"Random contour + CovAdap, lambda=1.0",20260874,41.15246273080508,1.0,0.5494380593299866,0.15045490799616404,40
"Random contour + CovAdap, lambda=1.0",20260875,-148.48663564523062,0.0,62.119140625,0.19226087947943957,60
"Random contour + CovAdap, lambda=1.0",20260876,32.75087285786867,1.0,0.45276013016700745,0.18173901021982264,56
"Random contour + CovAdap, lambda=1.0",20260877,44.725907246271774,1.0,0.6182682514190674,0.09867587398482666,16
"Random contour + CovAdap, lambda=1.0",20260878,35.09972808261712,1.0,0.47446173429489136,0.1468860031765457,31
"Random contour + CovAdap, lambda=1.0",20260879,-38.72525697449842,0.0,9.889639854431152,0.21135761313885953,60
"Random contour + CovAdap, lambda=1.0",20260880,44.992626925309494,1.0,0.3965983986854553,0.14359131356564006,17
"Random contour + CovAdap, lambda=1.0",20260881,48.877912094195686,1.0,0.3373844623565674,0.1753139756855309,5
"Random contour + CovAdap, lambda=1.0",20260882,45.57428462306658,1.0,0.570857584476471,0.21226904600715502,20
"Random contour + CovAdap, lambda=1.0",20260883,45.63390572369099,1.0,0.6004511117935181,0.12334339528545252,17
"Random contour + CovAdap, lambda=1.0",20260884,-36.234566708405815,0.0,9.571625709533691,0.14660839705114806,60
"Random contour + CovAdap, lambda=1.0",20260885,41.31590494513512,1.0,0.6428057551383972,0.15304657266113295,20
"Random contour + CovAdap, lambda=1.0",20260886,48.55112131933371,1.0,0.6312427520751953,0.1242698573440626,11
"Random contour + CovAdap, lambda=1.0",20260887,48.513576082885265,1.0,0.26487913727760315,0.11298336681093755,6
"Random contour + CovAdap, lambda=1.0",20260888,44.877665633956596,1.0,0.5100434422492981,0.12908427974904607,18
"Random contour + CovAdap, lambda=1.0",20260889,42.9060158294936,1.0,0.2374347299337387,0.1540488872574707,28
"Random contour + CovAdap, lambda=1.0",20260890,-134.7291845182578,0.0,56.76881790161133,0.16059775416468897,60
"Random contour + CovAdap, lambda=1.0",20260891,49.38902993003528,1.0,0.6448417901992798,0.09786723443349847,6
"Random contour + CovAdap, lambda=1.0",20260892,49.66736379762491,1.0,0.12574690580368042,0.12697198126045106,5
"Random contour + CovAdap, lambda=1.0",20260893,48.952782690525055,1.0,0.5277653932571411,0.0988139455804191,6
"Random contour + CovAdap, lambda=1.0",20260894,47.4657387038072,1.0,0.5198690891265869,0.37947600596474973,8
"Random contour + CovAdap, lambda=1.0",20260895,-111.11799901723865,0.0,44.06961441040039,0.16292438176869456,60
"Random contour + CovAdap, lambda=1.0",20260896,49.406533742944404,1.0,0.5295711755752563,0.186050351626128,7
"Random contour + CovAdap, lambda=1.0",20260897,49.39981534828742,1.0,0.3970162570476532,0.13994731606437646,5
"Random contour + CovAdap, lambda=1.0",20260898,31.279960051178932,1.0,0.31362462043762207,0.1970137115840289,52
"Random contour + CovAdap, lambda=1.0",20260899,48.47082750995954,1.0,0.5391741991043091,0.08312828717983783,8
"Random contour + CovAdap, lambda=1.0",20260900,34.31920897463958,1.0,0.5493360161781311,0.15381757692398115,34
"Random contour + CovAdap, lambda=1.0",20260901,49.3111828888456,1.0,0.3745891749858856,0.17924382828171848,4
"Random contour + CovAdap, lambda=1.0",20260902,48.89948283632596,1.0,0.6022952795028687,0.12412703135877512,7
"Random contour + CovAdap, lambda=1.0",20260903,49.599483260263995,1.0,0.14384277164936066,0.1212325706033478,4
"Random contour + CovAdap, lambda=1.0",20260904,49.46512171626091,1.0,0.6184239387512207,0.10864491651368476,5
"Random contour + CovAdap, lambda=1.0",20260905,45.058452953894935,1.0,0.5838764309883118,0.22800916518045328,14
"Random contour + CovAdap, lambda=1.0",20260906,45.414766281843185,1.0,0.4995482563972473,0.17444363983213923,19
"Random contour + CovAdap, lambda=1.0",20260907,-42.45272801319758,0.0,18.810176849365234,0.18920551683152673,60
"Random contour + CovAdap, lambda=1.0",20260908,45.71798552572727,1.0,0.5745797157287598,0.16938584420949862,25
"Random contour + CovAdap, lambda=1.0",20260909,47.753870444993176,1.0,0.40979841351509094,0.11391174685541859,11
"Random contour + CovAdap, lambda=1.0",20260910,47.370089784264565,1.0,0.6468239426612854,0.13183392476341965,11
"Random contour + CovAdap, lambda=1.0",20260911,48.5050325418512,1.0,0.3294004499912262,0.19738797588535398,6
"Random contour + CovAdap, lambda=1.0",20260912,-96.38173906008402,0.0,40.870479583740234,0.13567387467223835,60
"Random contour + CovAdap, lambda=1.0",20260913,49.31918055812518,1.0,0.612075924873352,0.1154407814582768,4
"Random contour + CovAdap, lambda=1.0",20260914,47.432984138528504,1.0,0.3946550488471985,0.12401130592289533,8
"Random contour + CovAdap, lambda=1.0",20260915,49.14074771106243,1.0,0.3082229495048523,0.1399268655601585,8
"Random contour + CovAdap, lambda=1.0",20260916,48.536153361201286,1.0,0.6179370284080505,0.1430166257407777,7
"Random contour + CovAdap, lambda=1.0",20260917,43.10403289397557,1.0,0.6238763332366943,0.15500822642766857,24
"Random contour + CovAdap, lambda=1.0",20260918,48.13266484439373,1.0,0.27230459451675415,0.24126966466653257,6
"Random contour + CovAdap, lambda=1.0",20260919,-69.89940146605174,0.0,29.886343002319336,0.15657908393711614,60
"Random contour + CovAdap, lambda=1.0",20260920,49.042111887286104,1.0,0.236125186085701,0.18931364311970342,6
"Random contour + CovAdap, lambda=1.0",20260921,-103.01388160387677,0.0,23.013439178466797,0.18294386475698288,60
"Random contour + CovAdap, lambda=1.0",20260922,48.8491469596823,1.0,0.055869847536087036,0.08775906579557324,6
"Random contour + CovAdap, lambda=1.0",20260923,43.91351155936718,1.0,0.6451331973075867,0.12943905254436966,14
"Random contour + CovAdap, lambda=1.0",20260924,48.75939843058586,1.0,0.4598524570465088,0.12067245554987217,6
"Random contour + CovAdap, lambda=1.0",20260925,49.083128323157624,1.0,0.4655614495277405,0.12219792106041819,5
"Random contour + CovAdap, lambda=1.0",20260926,48.80336647729079,1.0,0.5818516612052917,0.13793384747364443,5
"Random contour + CovAdap, lambda=1.0",20260927,49.10217968871196,1.0,0.3817621171474457,0.09565093642059218,7
"Random contour + CovAdap, lambda=1.0",20260928,-120.4683266679446,0.0,70.80278778076172,0.15133168126053026,60
"Random contour + CovAdap, lambda=1.0",20260929,45.611646284659706,1.0,0.307523250579834,0.16066865131939762,16
"Random contour + CovAdap, lambda=1.0",20260930,49.42399287720521,1.0,0.5530872941017151,0.1540028402364094,4
"Random contour + CovAdap, lambda=1.0",20260931,48.67138214160999,1.0,0.3369457423686981,0.1215396785070862,6
"Random contour + CovAdap, lambda=1.0",20260932,47.73270959903797,1.0,0.45602938532829285,0.13681763766701538,8
"Random contour + CovAdap, lambda=1.0",20260933,48.93519452214241,1.0,0.3807488679885864,0.18519360120230738,4
"Random contour + CovAdap, lambda=1.0",20260934,47.159529745578766,1.0,0.4785456657409668,0.15867276509746825,9
"Random contour + CovAdap, lambda=1.0",20260935,41.99212580422561,1.0,0.4606844186782837,0.16392161475094522,23
"Random contour + CovAdap, lambda=1.0",20260936,44.24534937739372,1.0,0.5465370416641235,0.13399986345903883,20
"Random contour + CovAdap, lambda=1.0",20260937,-123.91487038135529,0.0,38.318870544433594,0.13923048454078132,60
"Random contour + CovAdap, lambda=1.0",20260938,48.58855264633894,1.0,0.25992295145988464,0.2721898014920128,6
"Random contour + CovAdap, lambda=1.0",20260939,40.81780322889487,1.0,0.5074021220207214,0.1619592983972779,20
"Random contour + CovAdap, lambda=1.0",20260940,47.44098241130511,1.0,0.5359840989112854,0.1318750285713914,23
"Random contour + CovAdap, lambda=1.0",20260941,46.473299622535706,1.0,0.4520602822303772,0.1874725484209664,16
"Random contour + CovAdap, lambda=1.0",20260942,46.83428596456846,1.0,0.46747344732284546,0.23244562669029006,10
"Random contour + CovAdap, lambda=1.0",20260943,45.06522370874882,1.0,0.5591394305229187,0.20332196999423446,21
"Random contour + CovAdap, lambda=1.0",20260944,48.63312446077665,1.0,0.5333389639854431,0.14103111284884504,9
"Random contour + CovAdap, lambda=1.0",20260945,47.711055847505726,1.0,0.43061909079551697,0.13481050397141087,15
"Random contour + CovAdap, lambda=1.0",20260946,48.13056372602781,1.0,0.5391494035720825,0.11226869696601297,10
"Random contour + CovAdap, lambda=1.0",20260947,48.38663496077061,1.0,0.607222855091095,0.2791658824167334,10
"Random contour + CovAdap, lambda=1.0",20260948,47.50281844288111,1.0,0.31369349360466003,0.1709718619802675,9
"Random contour + CovAdap, lambda=1.0",20260949,48.368446215987206,1.0,0.6298032999038696,0.14600896062002305,9
"Random contour + CovAdap, lambda=1.0",20260950,48.803073015064,1.0,0.2001226395368576,0.1322850145978482,7
"Random contour + CovAdap, lambda=1.0",20260951,49.4999482134978,1.0,0.4644208550453186,0.10292704010406109,5
"Random contour + CovAdap, lambda=1.0",20260952,48.7712049682935,1.0,0.5689572095870972,0.11637324577383938,7
"Random contour + CovAdap, lambda=1.0",20260953,48.396025970578194,1.0,0.5896859765052795,0.2093741057170271,7
"Random contour + CovAdap, lambda=1.0",20260954,47.837816362579666,1.0,0.522434413433075,0.16212694827228877,7
"Random contour + CovAdap, lambda=1.0",20260955,47.958517822126545,1.0,0.4513424336910248,0.1483302048049218,15
"Random contour + CovAdap, lambda=1.0",20260956,48.34638593594233,1.0,0.5736392140388489,0.18695297140897774,9
"Random contour + CovAdap, lambda=1.0",20260957,43.99168206254642,1.0,0.6349605321884155,0.1797401377782059,21
"Random contour + CovAdap, lambda=1.0",20260958,48.23462058479587,1.0,0.18615765869617462,0.11650414485791816,12
"Random contour + CovAdap, lambda=1.0",20260959,-24.295394559701283,0.0,7.35107946395874,0.16342014663389237,60
"Random contour + CovAdap, lambda=1.0",20260960,48.60468380153179,1.0,0.5128005146980286,0.15504554061201997,7
"Random contour + CovAdap, lambda=1.0",20260961,48.92376441756884,1.0,0.4990953207015991,0.12260652054684469,5
"Random contour + CovAdap, lambda=1.0",20260962,46.97128580510616,1.0,0.4949338436126709,0.12787946366133437,13
"Random contour + CovAdap, lambda=1.0",20260963,46.63331503172716,1.0,0.5890194773674011,0.17264707084611117,25
"Random contour + CovAdap, lambda=1.0",20260964,49.01217044144869,1.0,0.39615485072135925,0.15770616453840972,6
"Random contour + CovAdap, lambda=1.0",20260965,47.60660097002983,1.0,0.5772577524185181,0.34831005329059767,8
"Random contour + CovAdap, lambda=1.0",20260966,49.13753791898489,1.0,0.3568094074726105,0.1344276891475081,7
"Random contour + CovAdap, lambda=1.0",20260967,49.46121593316396,1.0,0.5833086967468262,0.13263427901893649,5
"Random contour + CovAdap, lambda=1.0",20260968,-72.42802780866624,0.0,37.05527877807617,0.21780568872187772,60
"Random contour + CovAdap, lambda=1.0",20260969,-125.79942119121553,0.0,40.355037689208984,0.1734000941523052,60
"Random contour + CovAdap, lambda=1.0",20260970,-36.00759526590507,0.0,0.8751988410949707,0.16223213948638224,60
"Random contour + CovAdap, lambda=1.0",20260971,45.111038049062095,1.0,0.6359171867370605,0.16379479057481142,15
"Random contour + CovAdap, lambda=1.0",20260972,47.37030662347873,1.0,0.4159052073955536,0.13933177821488113,8
"Random contour + CovAdap, lambda=1.0",20260973,43.0222927009066,1.0,0.34727635979652405,0.22495945203272283,18
"Random contour + CovAdap, lambda=1.0",20260974,47.82091246545315,1.0,0.3881070017814636,0.15916965297374724,8
"Random contour + CovAdap, lambda=1.0",20260975,46.69917207956314,1.0,0.49979138374328613,0.16739512473796236,12
"Random contour + CovAdap, lambda=1.0",20260976,-106.05892138679822,0.0,53.946800231933594,0.19962202142437283,60
"Random contour + CovAdap, lambda=1.0",20260977,49.419376293818154,1.0,0.41734206676483154,0.10442392282621367,7
"Random contour + CovAdap, lambda=1.0",20260978,48.39541952311993,1.0,0.5067727565765381,0.1276647870572539,7
"Random contour + CovAdap, lambda=1.0",20260979,45.34991458058357,1.0,0.6264889240264893,0.2024460988164038,25
"Random contour + CovAdap, lambda=1.0",20260980,-58.88914259274801,0.0,16.716188430786133,0.19423121070325797,60
"Random contour + CovAdap, lambda=1.0",20260981,49.42166887844603,1.0,0.2345382422208786,0.3902878837499566,6
"Random contour + CovAdap, lambda=1.0",20260982,-28.94601477185885,0.0,8.086341857910156,0.17440072309340807,60
"Random contour + CovAdap, lambda=2.0",20260733,49.71871780852477,1.0,0.36563777923583984,0.15790234864530653,3
"Random contour + CovAdap, lambda=2.0",20260734,49.095220467696585,1.0,0.1296313852071762,0.08957897087972867,5
"Random contour + CovAdap, lambda=2.0",20260735,49.577093094587326,1.0,0.5418025851249695,0.1418387765910308,4
"Random contour + CovAdap, lambda=2.0",20260736,-63.826300859451294,0.0,15.145883560180664,0.15386477967835702,60
"Random contour + CovAdap, lambda=2.0",20260737,47.56455574929714,1.0,0.5909557938575745,0.11578552547957026,9
"Random contour + CovAdap, lambda=2.0",20260738,42.09680071348945,1.0,0.13790060579776764,0.15801078112984684,30
"Random contour + CovAdap, lambda=2.0",20260739,45.66847212612629,1.0,0.12448900938034058,0.16794197397553706,20
"Random contour + CovAdap, lambda=2.0",20260740,48.018313979109124,1.0,0.39915961027145386,0.11445823330092887,6
"Random contour + CovAdap, lambda=2.0",20260741,44.39936937391758,1.0,0.4727431535720825,0.16738610257332676,26
"Random contour + CovAdap, lambda=2.0",20260742,47.372333228588104,1.0,0.3554753065109253,0.24267182325243067,10
"Random contour + CovAdap, lambda=2.0",20260743,47.48804880181949,1.0,0.6096841096878052,0.3524095887156948,8
"Random contour + CovAdap, lambda=2.0",20260744,42.18185576672356,1.0,0.09570147097110748,0.20119812546456764,24
"Random contour + CovAdap, lambda=2.0",20260745,47.34002004315456,1.0,0.4900641143321991,0.09265386007302658,9
"Random contour + CovAdap, lambda=2.0",20260746,44.52885418136914,1.0,0.17328166961669922,0.1066026574400919,12
"Random contour + CovAdap, lambda=2.0",20260747,49.0790551751852,1.0,0.4873620867729187,0.17577345941551603,5
"Random contour + CovAdap, lambda=2.0",20260748,49.173474026223026,1.0,0.4041188657283783,0.11379221094654933,4
"Random contour + CovAdap, lambda=2.0",20260749,-124.54850210746126,0.0,60.655338287353516,0.14714129369238702,60
"Random contour + CovAdap, lambda=2.0",20260750,48.96738480528196,1.0,0.46193164587020874,0.20479349211682663,6
"Random contour + CovAdap, lambda=2.0",20260751,48.69211872170369,1.0,0.4898761808872223,0.11257261037063644,7
"Random contour + CovAdap, lambda=2.0",20260752,-96.69665448367597,0.0,47.14581298828125,0.15770412127038108,60
"Random contour + CovAdap, lambda=2.0",20260753,46.66439272463322,1.0,0.39094895124435425,0.1700289774871727,15
"Random contour + CovAdap, lambda=2.0",20260754,47.47726809730132,1.0,0.06445470452308655,0.14672835968256218,9
"Random contour + CovAdap, lambda=2.0",20260755,47.18855192512274,1.0,0.38808509707450867,0.1463516198324885,11
"Random contour + CovAdap, lambda=2.0",20260756,47.940722612043224,1.0,0.41908785700798035,0.14525758185091273,8
"Random contour + CovAdap, lambda=2.0",20260757,45.88661063710848,1.0,0.601560652256012,0.22509312233759074,11
"Random contour + CovAdap, lambda=2.0",20260758,49.55598628024261,1.0,0.3640400767326355,0.42373252379686643,4
"Random contour + CovAdap, lambda=2.0",20260759,-106.15237869819005,0.0,54.19839859008789,0.20301825436288634,60
"Random contour + CovAdap, lambda=2.0",20260760,-45.76991854111352,0.0,3.07391357421875,0.14578280530493634,60
"Random contour + CovAdap, lambda=2.0",20260761,48.59757515291373,1.0,0.6477680206298828,0.14950095547767317,8
"Random contour + CovAdap, lambda=2.0",20260762,47.81651238476237,1.0,0.2242724448442459,0.13661692690145058,10
"Random contour + CovAdap, lambda=2.0",20260763,-93.66128525137901,0.0,47.120975494384766,0.16704604690416153,60
"Random contour + CovAdap, lambda=2.0",20260764,49.14692554871242,1.0,0.5867851972579956,0.12808464752541193,5
"Random contour + CovAdap, lambda=2.0",20260765,49.0956259816885,1.0,0.5658849477767944,0.08992139063512476,6
"Random contour + CovAdap, lambda=2.0",20260766,45.68822377920151,1.0,0.5650807619094849,0.23888689744220132,17
"Random contour + CovAdap, lambda=2.0",20260767,-101.54828802744548,0.0,61.93148422241211,0.17834970661086227,60
"Random contour + CovAdap, lambda=2.0",20260768,49.51837329566479,1.0,0.4555869698524475,0.0994167904667769,4
"Random contour + CovAdap, lambda=2.0",20260769,47.97633072237174,1.0,0.5301900506019592,0.11081401476640412,9
"Random contour + CovAdap, lambda=2.0",20260770,-22.194163034359615,0.0,4.430297374725342,0.12719604007526805,60
"Random contour + CovAdap, lambda=2.0",20260771,48.6271527359883,1.0,0.6288929581642151,0.2745367163129191,9
"Random contour + CovAdap, lambda=2.0",20260772,49.3329440827171,1.0,0.24704763293266296,0.09942263904724132,4
"Random contour + CovAdap, lambda=2.0",20260773,47.2019391382734,1.0,0.44547078013420105,0.10407799635155374,11
"Random contour + CovAdap, lambda=2.0",20260774,49.37850532929103,1.0,0.4022037982940674,0.12076435270900307,4
"Random contour + CovAdap, lambda=2.0",20260775,48.13283441464106,1.0,0.5524946451187134,0.12372304350533612,9
"Random contour + CovAdap, lambda=2.0",20260776,-76.7619768778483,0.0,31.077899932861328,0.1564322878934374,60
"Random contour + CovAdap, lambda=2.0",20260777,-66.39584108193716,0.0,30.019489288330078,0.1720948436598863,60
"Random contour + CovAdap, lambda=2.0",20260778,41.500980262955025,1.0,0.6210927367210388,0.12564506711769627,22
"Random contour + CovAdap, lambda=2.0",20260779,49.23339561124643,1.0,0.5544145703315735,0.1095919565885602,6
"Random contour + CovAdap, lambda=2.0",20260780,47.57113797465961,1.0,0.2720295786857605,0.11282779830646955,13
"Random contour + CovAdap, lambda=2.0",20260781,41.637247974673905,1.0,0.634407103061676,0.18649300188248258,27
"Random contour + CovAdap, lambda=2.0",20260782,-60.73467602332433,0.0,36.544334411621094,0.19252359615664633,60
"Random contour + CovAdap, lambda=2.0",20260783,-28.156250437100738,0.0,8.196432113647461,0.20805907069659396,60
"Random contour + CovAdap, lambda=2.0",20260784,-56.82130666573842,0.0,21.553083419799805,0.1464089209999041,60
"Random contour + CovAdap, lambda=2.0",20260785,47.22093307723601,1.0,0.30378392338752747,0.14897893629154227,12
"Random contour + CovAdap, lambda=2.0",20260786,46.009866654872894,1.0,0.48808932304382324,0.20387569388688342,18
"Random contour + CovAdap, lambda=2.0",20260787,48.68120317161083,1.0,0.4852011799812317,0.17060898563052732,9
"Random contour + CovAdap, lambda=2.0",20260788,49.863866130510964,1.0,0.530017614364624,0.6334462780870113,2
"Random contour + CovAdap, lambda=2.0",20260789,49.030270087222256,1.0,0.10315611958503723,0.19602073704856254,7
"Random contour + CovAdap, lambda=2.0",20260790,49.672338907917336,1.0,0.41795188188552856,0.19012619424772814,3
"Random contour + CovAdap, lambda=2.0",20260791,48.913289134701095,1.0,0.6134118437767029,0.17336445718789217,5
"Random contour + CovAdap, lambda=2.0",20260792,49.5281352798144,1.0,0.5945717692375183,0.08539559133380817,4
"Random contour + CovAdap, lambda=2.0",20260793,47.27277475595474,1.0,0.4255383610725403,0.12727999839352394,12
"Random contour + CovAdap, lambda=2.0",20260794,-63.096655021111175,0.0,33.27101135253906,0.163090687185159,60
"Random contour + CovAdap, lambda=2.0",20260795,-59.24826606114705,0.0,27.874778747558594,0.13520003534706632,60
"Random contour + CovAdap, lambda=2.0",20260796,48.57824462155501,1.0,0.5232365727424622,0.1858693789538764,5
"Random contour + CovAdap, lambda=2.0",20260797,46.996097515026726,1.0,0.43269670009613037,0.13057866492004114,12
"Random contour + CovAdap, lambda=2.0",20260798,-111.83323021729785,0.0,42.25476837158203,0.14888373987108733,60
"Random contour + CovAdap, lambda=2.0",20260799,-166.790762146314,0.0,69.35164642333984,0.1907119756646886,60
"Random contour + CovAdap, lambda=2.0",20260800,48.89741560195883,1.0,0.204245463013649,0.1831137769315315,7
"Random contour + CovAdap, lambda=2.0",20260801,47.978741601109505,1.0,0.6313933730125427,0.16822189800289797,6
"Random contour + CovAdap, lambda=2.0",20260802,-55.2452151377996,0.0,24.56303596496582,0.17902609706558165,60
"Random contour + CovAdap, lambda=2.0",20260803,43.94448643922806,1.0,0.6470317840576172,0.1968207689204872,42
"Random contour + CovAdap, lambda=2.0",20260804,48.120339592297874,1.0,0.5596150159835815,0.0966185429698087,7
"Random contour + CovAdap, lambda=2.0",20260805,-87.21597703297934,0.0,36.79240798950195,0.20860466734085564,60
"Random contour + CovAdap, lambda=2.0",20260806,49.66544184088707,1.0,0.5852605700492859,0.9994842916877263,3
"Random contour + CovAdap, lambda=2.0",20260807,47.75906880199909,1.0,0.5215269327163696,0.15622200566362215,20
"Random contour + CovAdap, lambda=2.0",20260808,43.113955783347286,1.0,0.3725797235965729,0.18167181409832298,17
"Random contour + CovAdap, lambda=2.0",20260809,47.83210550714284,1.0,0.0312812365591526,0.13321862447109065,15
"Random contour + CovAdap, lambda=2.0",20260810,43.12634325027466,1.0,0.6204134225845337,0.13051247373710775,16
"Random contour + CovAdap, lambda=2.0",20260811,48.38167185833057,1.0,0.49825772643089294,0.1292192238903972,7
"Random contour + CovAdap, lambda=2.0",20260812,49.38363501429558,1.0,0.47753995656967163,0.09776585683457312,5
"Random contour + CovAdap, lambda=2.0",20260813,47.98840790987015,1.0,0.21567100286483765,0.13110637423822905,13
"Random contour + CovAdap, lambda=2.0",20260814,46.39678763846556,1.0,0.5819002985954285,0.10994099467762507,11
"Random contour + CovAdap, lambda=2.0",20260815,49.175883673131466,1.0,0.34747645258903503,0.11856993817509828,5
"Random contour + CovAdap, lambda=2.0",20260816,36.23720352910459,1.0,0.10388904064893723,0.14810814236232045,37
"Random contour + CovAdap, lambda=2.0",20260817,35.85854147871335,1.0,0.5640982389450073,0.20782992136945627,28
"Random contour + CovAdap, lambda=2.0",20260818,49.207613895336785,1.0,0.5784945487976074,0.10373347420398543,4
"Random contour + CovAdap, lambda=2.0",20260819,47.308762600024544,1.0,0.46028900146484375,0.13171609678693677,11
"Random contour + CovAdap, lambda=2.0",20260820,-39.772571106751755,0.0,8.176076889038086,0.15086924051917464,60
"Random contour + CovAdap, lambda=2.0",20260821,45.82976384460926,1.0,0.4899662137031555,0.14754250975135924,14
"Random contour + CovAdap, lambda=2.0",20260822,-33.756686429182686,0.0,4.919980525970459,0.15593013778479575,60
"Random contour + CovAdap, lambda=2.0",20260823,47.969817116856575,1.0,0.5298441648483276,0.14073517378984748,17
"Random contour + CovAdap, lambda=2.0",20260824,43.45449249694745,1.0,0.46386000514030457,0.24865867948872064,21
"Random contour + CovAdap, lambda=2.0",20260825,48.07817916075388,1.0,0.6497921943664551,0.10126212488968078,7
"Random contour + CovAdap, lambda=2.0",20260826,44.05366609493891,1.0,0.5776486396789551,0.12001105643862194,21
"Random contour + CovAdap, lambda=2.0",20260827,47.34108420709769,1.0,0.5959668755531311,0.09740043369310368,9
"Random contour + CovAdap, lambda=2.0",20260828,-49.42276819050311,0.0,1.2994112968444824,0.18227789304112202,60
"Random contour + CovAdap, lambda=2.0",20260829,48.892781292398766,1.0,0.3795716166496277,0.10170275875593351,5
"Random contour + CovAdap, lambda=2.0",20260830,47.31032698601484,1.0,0.4549063742160797,0.14248041541556833,16
"Random contour + CovAdap, lambda=2.0",20260831,43.37553457419078,1.0,0.45884668827056885,0.13980217303148357,21
"Random contour + CovAdap, lambda=2.0",20260832,49.169354190429054,1.0,0.6420353055000305,0.18551044436508174,7
"Random contour + CovAdap, lambda=2.0",20260833,-52.170842905839294,0.0,30.640811920166016,0.14048343318034914,60
"Random contour + CovAdap, lambda=2.0",20260834,49.346098056683935,1.0,0.23981784284114838,0.13014615878051314,5
"Random contour + CovAdap, lambda=2.0",20260835,47.5371390680472,1.0,0.5890097618103027,0.10659312992735882,12
"Random contour + CovAdap, lambda=2.0",20260836,49.50082706411679,1.0,0.552531361579895,0.09858813887504565,3
"Random contour + CovAdap, lambda=2.0",20260837,-71.89485959211984,0.0,25.625581741333008,0.17119046659144732,60
"Random contour + CovAdap, lambda=2.0",20260838,48.45427167912324,1.0,0.6247813105583191,0.09364902173391587,7
"Random contour + CovAdap, lambda=2.0",20260839,45.049175637463726,1.0,0.39899227023124695,0.17415752180669325,13
"Random contour + CovAdap, lambda=2.0",20260840,43.76762825002273,1.0,0.48348096013069153,0.1406654481579524,16
"Random contour + CovAdap, lambda=2.0",20260841,45.61274190247059,1.0,0.6118130087852478,0.234633778119192,15
"Random contour + CovAdap, lambda=2.0",20260842,45.63969951371352,1.0,0.6421763896942139,0.14689532571149735,13
"Random contour + CovAdap, lambda=2.0",20260843,48.33255573362112,1.0,0.4931463897228241,0.11279750493190543,7
"Random contour + CovAdap, lambda=2.0",20260844,34.86189078291257,1.0,0.35667306184768677,0.1787532372861375,40
"Random contour + CovAdap, lambda=2.0",20260845,46.776091024279594,1.0,0.21758955717086792,0.15905522804467528,14
"Random contour + CovAdap, lambda=2.0",20260846,47.818738055725895,1.0,0.4424164593219757,0.12664201979670786,8
"Random contour + CovAdap, lambda=2.0",20260847,47.81508561472098,1.0,0.5460852980613708,0.13215697895225598,9
"Random contour + CovAdap, lambda=2.0",20260848,48.49402461697658,1.0,0.4148857891559601,0.13126876312954805,9
"Random contour + CovAdap, lambda=2.0",20260849,48.41621013482412,1.0,0.6182923913002014,0.11664848642832089,7
"Random contour + CovAdap, lambda=2.0",20260850,49.1010380735,1.0,0.5630170702934265,0.2197931142130756,4
"Random contour + CovAdap, lambda=2.0",20260851,43.93296079337597,1.0,0.594659686088562,0.12073327321277069,17
"Random contour + CovAdap, lambda=2.0",20260852,47.91977440317472,1.0,0.5229588150978088,0.18153000974562844,15
"Random contour + CovAdap, lambda=2.0",20260853,48.36282440523306,1.0,0.42268145084381104,0.11956962897173685,18
"Random contour + CovAdap, lambda=2.0",20260854,-56.10535315672555,0.0,8.302909851074219,0.14723301235201125,60
"Random contour + CovAdap, lambda=2.0",20260855,49.713311195373535,1.0,0.3972429037094116,0.08039574896791635,3
"Random contour + CovAdap, lambda=2.0",20260856,46.92013607174158,1.0,0.46070221066474915,0.19377054505751726,10
"Random contour + CovAdap, lambda=2.0",20260857,48.60178727904955,1.0,0.5572320222854614,0.10829795486384917,6
"Random contour + CovAdap, lambda=2.0",20260858,40.33302948375543,1.0,0.5939025282859802,0.16297605288265085,23
"Random contour + CovAdap, lambda=2.0",20260859,48.62286413336794,1.0,0.16956208646297455,0.1031380467857425,6
"Random contour + CovAdap, lambda=2.0",20260860,41.064742252230644,1.0,0.4229051470756531,0.13784097770649167,29
"Random contour + CovAdap, lambda=2.0",20260861,44.552207589149475,1.0,0.6268529891967773,0.15395527088519692,14
"Random contour + CovAdap, lambda=2.0",20260862,48.7249980121851,1.0,0.5908153653144836,0.11080794843190345,6
"Random contour + CovAdap, lambda=2.0",20260863,49.684424785276256,1.0,0.23200753331184387,0.16497325595448156,3
"Random contour + CovAdap, lambda=2.0",20260864,49.66085313012203,1.0,0.47762617468833923,0.10962435510164854,3
"Random contour + CovAdap, lambda=2.0",20260865,49.16580615441004,1.0,0.32620829343795776,0.17792616382395748,8
"Random contour + CovAdap, lambda=2.0",20260866,-42.879424780607216,0.0,16.238588333129883,0.16588000259922372,60
"Random contour + CovAdap, lambda=2.0",20260867,45.78776589781046,1.0,0.1508904993534088,0.2440796601346479,12
"Random contour + CovAdap, lambda=2.0",20260868,45.78185332069794,1.0,0.3715200126171112,0.1924679139544349,10
"Random contour + CovAdap, lambda=2.0",20260869,46.513769666353866,1.0,0.6304807066917419,0.14681502125057638,22
"Random contour + CovAdap, lambda=2.0",20260870,-77.71420319875082,0.0,43.7193717956543,0.18982572760970803,60
"Random contour + CovAdap, lambda=2.0",20260871,48.05665719012419,1.0,0.46694761514663696,0.19365697401287477,7
"Random contour + CovAdap, lambda=2.0",20260872,-122.46976904074351,0.0,42.68931579589844,0.1838522613462866,60
"Random contour + CovAdap, lambda=2.0",20260873,-51.989422718683876,0.0,10.672649383544922,0.1609820001347328,60
"Random contour + CovAdap, lambda=2.0",20260874,41.15666736165683,1.0,0.5476045608520508,0.14757720512469932,40
"Random contour + CovAdap, lambda=2.0",20260875,-148.68010612328845,0.0,62.168270111083984,0.1855176530479147,60
"Random contour + CovAdap, lambda=2.0",20260876,32.89788419008255,1.0,0.4430941343307495,0.17813564939781418,56
"Random contour + CovAdap, lambda=2.0",20260877,44.725907246271774,1.0,0.6182682514190674,0.09867587398482666,16
"Random contour + CovAdap, lambda=2.0",20260878,35.099649066726364,1.0,0.48138850927352905,0.14609144506877825,31
"Random contour + CovAdap, lambda=2.0",20260879,-38.723094875613846,0.0,9.889472961425781,0.1991173082460525,60
"Random contour + CovAdap, lambda=2.0",20260880,44.989690052966274,1.0,0.4007732570171356,0.14663249998957326,17
"Random contour + CovAdap, lambda=2.0",20260881,48.87598938991626,1.0,0.33857670426368713,0.1742199311271281,5
"Random contour + CovAdap, lambda=2.0",20260882,45.60270365575949,1.0,0.5583181381225586,0.2032486190038003,20
"Random contour + CovAdap, lambda=2.0",20260883,45.63361147542795,1.0,0.6004462838172913,0.12272812900339156,17
"Random contour + CovAdap, lambda=2.0",20260884,-36.226412196954094,0.0,9.567604064941406,0.14291689306622135,60
"Random contour + CovAdap, lambda=2.0",20260885,41.318448811769485,1.0,0.6365111470222473,0.14701446741332563,20
"Random contour + CovAdap, lambda=2.0",20260886,48.55112131933371,1.0,0.6312427520751953,0.1242698573440626,11
"Random contour + CovAdap, lambda=2.0",20260887,48.518240769704185,1.0,0.26732516288757324,0.09526639894835894,6
"Random contour + CovAdap, lambda=2.0",20260888,44.87940976520379,1.0,0.5100136995315552,0.12729265868167358,18
"Random contour + CovAdap, lambda=2.0",20260889,42.90639724458257,1.0,0.22964082658290863,0.15255387781669585,28
"Random contour + CovAdap, lambda=2.0",20260890,-134.68910007675487,0.0,56.754249572753906,0.1593598787878383,60
"Random contour + CovAdap, lambda=2.0",20260891,49.38902993003528,1.0,0.6448417901992798,0.09786723443349847,6
"Random contour + CovAdap, lambda=2.0",20260892,49.66736379762491,1.0,0.12574690580368042,0.12697198126045106,5
"Random contour + CovAdap, lambda=2.0",20260893,48.952782690525055,1.0,0.5277653932571411,0.0988139455804191,6
"Random contour + CovAdap, lambda=2.0",20260894,47.473026886582375,1.0,0.5074630379676819,0.35667025647553424,8
"Random contour + CovAdap, lambda=2.0",20260895,-111.12206357717517,0.0,44.0731086730957,0.15965742794192225,60
"Random contour + CovAdap, lambda=2.0",20260896,49.40693506101768,1.0,0.5277637243270874,0.18786581724246654,7
"Random contour + CovAdap, lambda=2.0",20260897,49.40699538588524,1.0,0.3787546157836914,0.1391079904485876,5
"Random contour + CovAdap, lambda=2.0",20260898,31.40078565478325,1.0,0.6189373731613159,0.1951426133747642,51
"Random contour + CovAdap, lambda=2.0",20260899,48.47082750995954,1.0,0.5391741991043091,0.08312828717983783,8
"Random contour + CovAdap, lambda=2.0",20260900,34.320869425932564,1.0,0.5491758584976196,0.1510517792363839,34
"Random contour + CovAdap, lambda=2.0",20260901,49.30564504365126,1.0,0.4155985116958618,0.17635454939924777,4
"Random contour + CovAdap, lambda=2.0",20260902,48.90185017387072,1.0,0.5962720513343811,0.12783731630578815,7
"Random contour + CovAdap, lambda=2.0",20260903,49.599483260263995,1.0,0.14384277164936066,0.1212325706033478,4
"Random contour + CovAdap, lambda=2.0",20260904,49.46512171626091,1.0,0.6184239387512207,0.10864491651368476,5
"Random contour + CovAdap, lambda=2.0",20260905,45.05730344851812,1.0,0.5961772799491882,0.21616208796185396,14
"Random contour + CovAdap, lambda=2.0",20260906,45.41263930002849,1.0,0.499059796333313,0.1720313629719186,19
"Random contour + CovAdap, lambda=2.0",20260907,-42.46170032024382,0.0,18.820371627807617,0.18109533856558405,60
"Random contour + CovAdap, lambda=2.0",20260908,45.853090842564896,1.0,0.6475995779037476,0.1703142963370031,23
"Random contour + CovAdap, lambda=2.0",20260909,47.753870444993176,1.0,0.40979841351509094,0.11391174685541859,11
"Random contour + CovAdap, lambda=2.0",20260910,47.370089784264565,1.0,0.6468239426612854,0.13183392476341965,11
"Random contour + CovAdap, lambda=2.0",20260911,48.507713198661804,1.0,0.3355363607406616,0.18337827884694127,6
"Random contour + CovAdap, lambda=2.0",20260912,-96.37278481324513,0.0,40.87063217163086,0.13428695635938478,60
"Random contour + CovAdap, lambda=2.0",20260913,49.31918055812518,1.0,0.612075924873352,0.1154407814582768,4
"Random contour + CovAdap, lambda=2.0",20260914,47.43302713582913,1.0,0.3941390812397003,0.12242396861193486,8
"Random contour + CovAdap, lambda=2.0",20260915,49.14235411584377,1.0,0.3077675700187683,0.1396290144245284,8
"Random contour + CovAdap, lambda=2.0",20260916,48.40823177496592,1.0,0.5637143850326538,0.20521877823209564,9
"Random contour + CovAdap, lambda=2.0",20260917,43.104274819294616,1.0,0.6237894892692566,0.1538262329375655,24
"Random contour + CovAdap, lambda=2.0",20260918,48.13931702077389,1.0,0.22506040334701538,0.25040045327334454,6
"Random contour + CovAdap, lambda=2.0",20260919,-69.71872782707214,0.0,29.833454132080078,0.1533096115318563,60
"Random contour + CovAdap, lambda=2.0",20260920,49.04082636907697,1.0,0.24990136921405792,0.20038913873469144,6
"Random contour + CovAdap, lambda=2.0",20260921,-103.01214027404782,0.0,23.010988235473633,0.1772148727670193,60
"Random contour + CovAdap, lambda=2.0",20260922,48.8491469596823,1.0,0.055869847536087036,0.08775906579557324,6
"Random contour + CovAdap, lambda=2.0",20260923,43.91351155936718,1.0,0.6451331973075867,0.12943905254436966,14
"Random contour + CovAdap, lambda=2.0",20260924,48.75939843058586,1.0,0.4598524570465088,0.12067245554987217,6
"Random contour + CovAdap, lambda=2.0",20260925,49.083128323157624,1.0,0.4655614495277405,0.12219792106041819,5
"Random contour + CovAdap, lambda=2.0",20260926,48.80336647729079,1.0,0.5818516612052917,0.13793384747364443,5
"Random contour + CovAdap, lambda=2.0",20260927,49.102939672768116,1.0,0.38124528527259827,0.0924793225046862,7
"Random contour + CovAdap, lambda=2.0",20260928,-120.46831808487575,0.0,70.80278778076172,0.14967313157539072,60
"Random contour + CovAdap, lambda=2.0",20260929,45.61088684449593,1.0,0.30787548422813416,0.15887643315329397,16
"Random contour + CovAdap, lambda=2.0",20260930,49.422677750388786,1.0,0.5314662456512451,0.13266087854034708,4
"Random contour + CovAdap, lambda=2.0",20260931,48.67138214160999,1.0,0.3369457423686981,0.1215396785070862,6
"Random contour + CovAdap, lambda=2.0",20260932,47.73020624369383,1.0,0.47996923327445984,0.13635774210047785,8
"Random contour + CovAdap, lambda=2.0",20260933,48.935511695841946,1.0,0.3784612715244293,0.18798556955218337,4
"Random contour + CovAdap, lambda=2.0",20260934,47.16292149325212,1.0,0.47131484746932983,0.1480151899289674,9
"Random contour + CovAdap, lambda=2.0",20260935,42.00167417774598,1.0,0.4615776836872101,0.16217543498723327,23
"Random contour + CovAdap, lambda=2.0",20260936,44.24534937739372,1.0,0.5465370416641235,0.13399986345903883,20
"Random contour + CovAdap, lambda=2.0",20260937,-123.91312118371329,0.0,38.3194580078125,0.13635845394473634,60
"Random contour + CovAdap, lambda=2.0",20260938,48.592515821258225,1.0,0.2598361372947693,0.27408961600949067,6
"Random contour + CovAdap, lambda=2.0",20260939,40.81905497113864,1.0,0.49207639694213867,0.15525820484667247,20
"Random contour + CovAdap, lambda=2.0",20260940,47.434103508790336,1.0,0.5359843969345093,0.13052249051584106,23
"Random contour + CovAdap, lambda=2.0",20260941,46.47198628137509,1.0,0.4524562656879425,0.17901138310990006,16
"Random contour + CovAdap, lambda=2.0",20260942,46.82999443759521,1.0,0.473240464925766,0.21970525823745005,10
"Random contour + CovAdap, lambda=2.0",20260943,45.04290999472141,1.0,0.579756498336792,0.19548818241658297,21
"Random contour + CovAdap, lambda=2.0",20260944,48.63312446077665,1.0,0.5333389639854431,0.14103111284884504,9
"Random contour + CovAdap, lambda=2.0",20260945,47.713379971683025,1.0,0.4299524128437042,0.1346385572725489,15
"Random contour + CovAdap, lambda=2.0",20260946,48.13056372602781,1.0,0.5391494035720825,0.11226869696601297,10
"Random contour + CovAdap, lambda=2.0",20260947,48.38708374400934,1.0,0.6067494750022888,0.2773362594498133,10
"Random contour + CovAdap, lambda=2.0",20260948,47.4990765179197,1.0,0.31879374384880066,0.1630177039513191,9
"Random contour + CovAdap, lambda=2.0",20260949,48.37319191296895,1.0,0.609653115272522,0.14299486992198696,9
"Random contour + CovAdap, lambda=2.0",20260950,48.803073015064,1.0,0.2001226395368576,0.1322850145978482,7
"Random contour + CovAdap, lambda=2.0",20260951,49.4999482134978,1.0,0.4644208550453186,0.10292704010406109,5
"Random contour + CovAdap, lambda=2.0",20260952,48.7712049682935,1.0,0.5689572095870972,0.11637324577383938,7
"Random contour + CovAdap, lambda=2.0",20260953,48.39593033989271,1.0,0.5893179178237915,0.21847407234993163,7
"Random contour + CovAdap, lambda=2.0",20260954,47.835735296209656,1.0,0.5282248854637146,0.15473207768556765,7
"Random contour + CovAdap, lambda=2.0",20260955,47.95081284890573,1.0,0.45210978388786316,0.15029820568187677,15
"Random contour + CovAdap, lambda=2.0",20260956,48.350554183125496,1.0,0.5742277503013611,0.17540883552969933,9
"Random contour + CovAdap, lambda=2.0",20260957,44.00259877244631,1.0,0.6267402172088623,0.1707605004591073,21
"Random contour + CovAdap, lambda=2.0",20260958,48.23462058479587,1.0,0.18615765869617462,0.11650414485791816,12
"Random contour + CovAdap, lambda=2.0",20260959,-24.30150809884071,0.0,7.354250907897949,0.16216279185150348,60
"Random contour + CovAdap, lambda=2.0",20260960,48.60679938892523,1.0,0.5260180234909058,0.1523926096289909,7
"Random contour + CovAdap, lambda=2.0",20260961,48.92376441756884,1.0,0.4990953207015991,0.12260652054684469,5
"Random contour + CovAdap, lambda=2.0",20260962,46.97848280022542,1.0,0.49164286255836487,0.12872102928587392,13
"Random contour + CovAdap, lambda=2.0",20260963,46.63191628952821,1.0,0.5899277329444885,0.16431124066080258,25
"Random contour + CovAdap, lambda=2.0",20260964,49.01752622673909,1.0,0.39396360516548157,0.16050050904813729,6
"Random contour + CovAdap, lambda=2.0",20260965,47.604470471541084,1.0,0.5824391841888428,0.3325600205218451,8
"Random contour + CovAdap, lambda=2.0",20260966,49.135386899113655,1.0,0.3826216459274292,0.13737030977746603,7
"Random contour + CovAdap, lambda=2.0",20260967,49.45628583431244,1.0,0.6424698829650879,0.1379249698657546,5
"Random contour + CovAdap, lambda=2.0",20260968,-72.43036542336145,0.0,37.05548095703125,0.2093717903549046,60
"Random contour + CovAdap, lambda=2.0",20260969,-125.79504632949826,0.0,40.35110855102539,0.1688118151833496,60
"Random contour + CovAdap, lambda=2.0",20260970,-36.00954294701418,0.0,0.8751908540725708,0.15645702022112887,60
"Random contour + CovAdap, lambda=2.0",20260971,45.11220574378967,1.0,0.6372662782669067,0.16386302505062597,15
"Random contour + CovAdap, lambda=2.0",20260972,47.37086798995733,1.0,0.4080526530742645,0.1315607869050353,8
"Random contour + CovAdap, lambda=2.0",20260973,43.02498461306095,1.0,0.34733664989471436,0.21450257745721693,18
"Random contour + CovAdap, lambda=2.0",20260974,47.82091246545315,1.0,0.3881070017814636,0.15916965297374724,8
"Random contour + CovAdap, lambda=2.0",20260975,46.70692300796509,1.0,0.49475210905075073,0.15969380659172502,12
"Random contour + CovAdap, lambda=2.0",20260976,-106.04308504859604,0.0,53.942909240722656,0.19440777507941165,60
"Random contour + CovAdap, lambda=2.0",20260977,49.419376293818154,1.0,0.41734206676483154,0.10442392282621367,7
"Random contour + CovAdap, lambda=2.0",20260978,48.39541952311993,1.0,0.5067727565765381,0.1276647870572539,7
"Random contour + CovAdap, lambda=2.0",20260979,45.378307764728866,1.0,0.5505819916725159,0.197379688180254,25
"Random contour + CovAdap, lambda=2.0",20260980,-58.87869636217754,0.0,16.710960388183594,0.18861377953802866,60
"Random contour + CovAdap, lambda=2.0",20260981,49.386329893022776,1.0,0.2424258142709732,0.37704676112482244,6
"Random contour + CovAdap, lambda=2.0",20260982,-28.9390477836132,0.0,8.101506233215332,0.17010635256580153,60
PGD estimated + WoLF-IMQ,20260733,49.662240996956825,1.0,0.508878767490387,0.20980718159871192,3
PGD estimated + WoLF-IMQ,20260734,49.095220467696585,1.0,0.1296313852071762,0.08957897087972867,5
PGD estimated + WoLF-IMQ,20260735,49.577093094587326,1.0,0.5418025851249695,0.1418387765910308,4
PGD estimated + WoLF-IMQ,20260736,-63.86190392573675,0.0,15.158588409423828,0.1386582110600497,60
PGD estimated + WoLF-IMQ,20260737,47.56455574929714,1.0,0.5909557938575745,0.11578552547957026,9
PGD estimated + WoLF-IMQ,20260738,42.04644005869825,1.0,0.1449510008096695,0.16951642659927524,30
PGD estimated + WoLF-IMQ,20260739,45.64185617864132,1.0,0.15987008810043335,0.16208009162761455,20
PGD estimated + WoLF-IMQ,20260740,48.017502884070076,1.0,0.4127429723739624,0.14428585890142534,6
PGD estimated + WoLF-IMQ,20260741,44.45765355229378,1.0,0.48148173093795776,0.1576849431236306,26
PGD estimated + WoLF-IMQ,20260742,46.93978684643904,1.0,0.5639395117759705,0.2910801103837544,9
PGD estimated + WoLF-IMQ,20260743,47.37228560447693,1.0,0.6202172040939331,0.1270213229504857,9
PGD estimated + WoLF-IMQ,20260744,42.07140052815278,1.0,0.5441909432411194,0.20458404305080843,24
PGD estimated + WoLF-IMQ,20260745,47.34002004315456,1.0,0.4900641143321991,0.09265386007302658,9
PGD estimated + WoLF-IMQ,20260746,44.52885418136914,1.0,0.17328166961669922,0.1066026574400919,12
PGD estimated + WoLF-IMQ,20260747,49.09917109956344,1.0,0.43464329838752747,0.18853905109467073,5
PGD estimated + WoLF-IMQ,20260748,49.173474026223026,1.0,0.4041188657283783,0.11379221094654933,4
PGD estimated + WoLF-IMQ,20260749,-124.54458683729175,0.0,60.64731979370117,0.13751056946641685,60
PGD estimated + WoLF-IMQ,20260750,48.738517562548324,1.0,0.6129140257835388,0.2738531908582419,9
PGD estimated + WoLF-IMQ,20260751,48.69211872170369,1.0,0.4898761808872223,0.11257261037063644,7
PGD estimated + WoLF-IMQ,20260752,-96.59234860539435,0.0,47.1693115234375,0.14361686011030203,60
PGD estimated + WoLF-IMQ,20260753,46.64998604605596,1.0,0.3915746510028839,0.15939949461376718,15
PGD estimated + WoLF-IMQ,20260754,47.47066278538357,1.0,0.04983016476035118,0.13063880125480257,9
PGD estimated + WoLF-IMQ,20260755,47.20046882579724,1.0,0.3609691560268402,0.17203998885167174,11
PGD estimated + WoLF-IMQ,20260756,-100.1578884969155,0.0,52.24141311645508,0.15343279104609078,60
PGD estimated + WoLF-IMQ,20260757,45.73021323482195,1.0,0.5252945423126221,0.19969414335548136,13
PGD estimated + WoLF-IMQ,20260758,49.58941729118427,1.0,0.2996855676174164,0.386077890891748,4
PGD estimated + WoLF-IMQ,20260759,-106.02607506513597,0.0,54.18220520019531,0.1580857454624058,60
PGD estimated + WoLF-IMQ,20260760,-45.82106329997381,0.0,3.2041878700256348,0.14859083331443898,60
PGD estimated + WoLF-IMQ,20260761,48.56244901319345,1.0,0.32887208461761475,0.1568684329953397,9
PGD estimated + WoLF-IMQ,20260762,47.78897417833408,1.0,0.22537192702293396,0.16984764530297217,10
PGD estimated + WoLF-IMQ,20260763,-93.66133070985475,0.0,47.12408447265625,0.1467712202304419,60
PGD estimated + WoLF-IMQ,20260764,49.14692554871242,1.0,0.5867851972579956,0.12808464752541193,5
PGD estimated + WoLF-IMQ,20260765,49.0956259816885,1.0,0.5658849477767944,0.08992139063512476,6
PGD estimated + WoLF-IMQ,20260766,45.25181160370509,1.0,0.5213829278945923,0.30028025839071454,19
PGD estimated + WoLF-IMQ,20260767,-101.5128715435664,0.0,61.91884994506836,0.13238463972658257,60
PGD estimated + WoLF-IMQ,20260768,49.51837329566479,1.0,0.4555869698524475,0.0994167904667769,4
PGD estimated + WoLF-IMQ,20260769,47.97633072237174,1.0,0.5301900506019592,0.11081401476640412,9
PGD estimated + WoLF-IMQ,20260770,-22.13087222973506,0.0,4.430793285369873,0.12503377414750824,60
PGD estimated + WoLF-IMQ,20260771,48.61964831252893,1.0,0.566818356513977,0.19304494077038745,9
PGD estimated + WoLF-IMQ,20260772,49.3329440827171,1.0,0.24704763293266296,0.09942263904724132,4
PGD estimated + WoLF-IMQ,20260773,47.20989243934552,1.0,0.43610647320747375,0.11630433238220617,11
PGD estimated + WoLF-IMQ,20260774,49.37850532929103,1.0,0.4022037982940674,0.12076435270900307,4
PGD estimated + WoLF-IMQ,20260775,48.1137692630291,1.0,0.5995373725891113,0.135360217006513,9
PGD estimated + WoLF-IMQ,20260776,-76.71786109606427,0.0,31.076814651489258,0.14464112506951116,60
PGD estimated + WoLF-IMQ,20260777,-66.39845212300618,0.0,30.019779205322266,0.13157498194743572,60
PGD estimated + WoLF-IMQ,20260778,41.502820789813995,1.0,0.6210660338401794,0.12137438218249877,22
PGD estimated + WoLF-IMQ,20260779,49.23339561124643,1.0,0.5544145703315735,0.1095919565885602,6
PGD estimated + WoLF-IMQ,20260780,47.57113797465961,1.0,0.2720295786857605,0.11282779830646955,13
PGD estimated + WoLF-IMQ,20260781,41.401126106580094,1.0,0.6149230599403381,0.1887612223383048,28
PGD estimated + WoLF-IMQ,20260782,-60.63052056233089,0.0,36.51411819458008,0.15015873581140735,60
PGD estimated + WoLF-IMQ,20260783,-30.170479744672765,0.0,8.382505416870117,0.19114094871349468,60
PGD estimated + WoLF-IMQ,20260784,-56.80038734277089,0.0,21.55303955078125,0.14318406142891257,60
PGD estimated + WoLF-IMQ,20260785,47.21582904458046,1.0,0.3070266842842102,0.15784525433918287,12
PGD estimated + WoLF-IMQ,20260786,-91.35411910216011,0.0,52.35628890991211,0.1830574036691993,60
PGD estimated + WoLF-IMQ,20260787,48.67215506235758,1.0,0.4976150393486023,0.15439851654026931,9
PGD estimated + WoLF-IMQ,20260788,49.853654738515615,1.0,0.18476669490337372,0.42045512630048887,2
PGD estimated + WoLF-IMQ,20260789,49.01260208338499,1.0,0.13732513785362244,0.22627424596779847,7
PGD estimated + WoLF-IMQ,20260790,49.70208332439264,1.0,0.272582471370697,0.2148439414982393,3
PGD estimated + WoLF-IMQ,20260791,48.57095490644375,1.0,0.44026580452919006,0.18100487438526613,10
PGD estimated + WoLF-IMQ,20260792,49.5281352798144,1.0,0.5945717692375183,0.08539559133380817,4
PGD estimated + WoLF-IMQ,20260793,47.27277475595474,1.0,0.4255383610725403,0.12727999839352394,12
PGD estimated + WoLF-IMQ,20260794,-63.075119078159325,0.0,33.27232360839844,0.15110383115047202,60
PGD estimated + WoLF-IMQ,20260795,-59.233509182929986,0.0,27.853349685668945,0.13000018746915779,60
PGD estimated + WoLF-IMQ,20260796,48.559665044148765,1.0,0.542474627494812,0.13789003733972932,5
PGD estimated + WoLF-IMQ,20260797,47.064359590411186,1.0,0.6172428727149963,0.1414035971982962,11
PGD estimated + WoLF-IMQ,20260798,-111.82345618804295,0.0,42.24955749511719,0.14355596169487053,60
PGD estimated + WoLF-IMQ,20260799,-166.77914766470596,0.0,69.34894561767578,0.14218664309363832,60
PGD estimated + WoLF-IMQ,20260800,48.87091636657715,1.0,0.30564987659454346,0.20824270999060707,7
PGD estimated + WoLF-IMQ,20260801,46.77893227214614,1.0,0.09737350046634674,0.2041469979022454,20
PGD estimated + WoLF-IMQ,20260802,-55.290836771329246,0.0,24.588397979736328,0.15474169311921637,60
PGD estimated + WoLF-IMQ,20260803,43.72412530581156,1.0,0.6488796472549438,0.17871640918643567,42
PGD estimated + WoLF-IMQ,20260804,48.120339592297874,1.0,0.5596150159835815,0.0966185429698087,7
PGD estimated + WoLF-IMQ,20260805,-87.24645205338797,0.0,36.79425811767578,0.16354723667398532,60
PGD estimated + WoLF-IMQ,20260806,49.678950553139046,1.0,0.49067550897598267,0.4364949449761972,3
PGD estimated + WoLF-IMQ,20260807,47.80022789537907,1.0,0.5215281844139099,0.1448743092622356,20
PGD estimated + WoLF-IMQ,20260808,43.09930013368527,1.0,0.38056448101997375,0.17797098484445725,17
PGD estimated + WoLF-IMQ,20260809,47.83210550714284,1.0,0.0312812365591526,0.13321862447109065,15
PGD estimated + WoLF-IMQ,20260810,43.12634325027466,1.0,0.6204134225845337,0.13051247373710775,16
PGD estimated + WoLF-IMQ,20260811,48.411219860116645,1.0,0.3992079496383667,0.11220329249434642,7
PGD estimated + WoLF-IMQ,20260812,49.38363501429558,1.0,0.47753995656967163,0.09776585683457312,5
PGD estimated + WoLF-IMQ,20260813,47.96755230054259,1.0,0.22869257628917694,0.1258705448896447,13
PGD estimated + WoLF-IMQ,20260814,46.39678763846556,1.0,0.5819002985954285,0.10994099467762507,11
PGD estimated + WoLF-IMQ,20260815,49.175883673131466,1.0,0.34747645258903503,0.11856993817509828,5
PGD estimated + WoLF-IMQ,20260816,36.28456149001916,1.0,0.6473265290260315,0.13863335341353272,36
PGD estimated + WoLF-IMQ,20260817,35.87669189274311,1.0,0.5632703900337219,0.12178952498687938,28
PGD estimated + WoLF-IMQ,20260818,49.207613895336785,1.0,0.5784945487976074,0.10373347420398543,4
PGD estimated + WoLF-IMQ,20260819,47.39631712436676,1.0,0.2680351138114929,0.16951052090161361,10
PGD estimated + WoLF-IMQ,20260820,-39.750122169653565,0.0,8.175938606262207,0.13960333702920252,60
PGD estimated + WoLF-IMQ,20260821,45.801484728852905,1.0,0.6276070475578308,0.13739850740238135,14
PGD estimated + WoLF-IMQ,20260822,-33.762075722217546,0.0,4.919611930847168,0.1492123410765368,60
PGD estimated + WoLF-IMQ,20260823,49.017397885521255,1.0,0.641747236251831,0.10698953259532541,7
PGD estimated + WoLF-IMQ,20260824,43.53305152555307,1.0,0.6359427571296692,0.1922585223512019,20
PGD estimated + WoLF-IMQ,20260825,48.07817916075388,1.0,0.6497921943664551,0.10126212488968078,7
PGD estimated + WoLF-IMQ,20260826,44.05366609493891,1.0,0.5776486396789551,0.12001105643862194,21
PGD estimated + WoLF-IMQ,20260827,47.3452147791783,1.0,0.5480055212974548,0.12751202891538735,9
PGD estimated + WoLF-IMQ,20260828,-49.409482821822166,0.0,1.2833163738250732,0.1552191623001805,60
PGD estimated + WoLF-IMQ,20260829,48.892781292398766,1.0,0.3795716166496277,0.10170275875593351,5
PGD estimated + WoLF-IMQ,20260830,47.26454908897479,1.0,0.4817749559879303,0.1580957181240601,16
PGD estimated + WoLF-IMQ,20260831,43.3620972285668,1.0,0.46540749073028564,0.1518370708001555,21
PGD estimated + WoLF-IMQ,20260832,49.15344629188378,1.0,0.17098623514175415,0.17541725358626276,8
PGD estimated + WoLF-IMQ,20260833,-52.15555119514466,0.0,30.64030647277832,0.1354520217689796,60
PGD estimated + WoLF-IMQ,20260834,49.346098056683935,1.0,0.23981784284114838,0.13014615878051314,5
PGD estimated + WoLF-IMQ,20260835,47.5371390680472,1.0,0.5890097618103027,0.10659312992735882,12
PGD estimated + WoLF-IMQ,20260836,49.50082706411679,1.0,0.552531361579895,0.09858813887504565,3
PGD estimated + WoLF-IMQ,20260837,-71.89661153157553,0.0,25.631025314331055,0.14537464740536427,60
PGD estimated + WoLF-IMQ,20260838,48.45427167912324,1.0,0.6247813105583191,0.09364902173391587,7
PGD estimated + WoLF-IMQ,20260839,45.0434002528588,1.0,0.39897477626800537,0.17468033482234308,13
PGD estimated + WoLF-IMQ,20260840,43.45652085791031,1.0,0.4563983976840973,0.14834886744955184,20
PGD estimated + WoLF-IMQ,20260841,-15.716842273871105,0.0,3.0716240406036377,0.21904887061393924,60
PGD estimated + WoLF-IMQ,20260842,45.63875403503577,1.0,0.6375757455825806,0.15102685213987993,13
PGD estimated + WoLF-IMQ,20260843,48.33255573362112,1.0,0.4931463897228241,0.11279750493190543,7
PGD estimated + WoLF-IMQ,20260844,34.907709300518036,1.0,0.35750627517700195,0.1615180309434745,40
PGD estimated + WoLF-IMQ,20260845,46.79115095362067,1.0,0.210774227976799,0.16077577793452913,14
PGD estimated + WoLF-IMQ,20260846,47.818738055725895,1.0,0.4424164593219757,0.12664201979670786,8
PGD estimated + WoLF-IMQ,20260847,47.81147406498591,1.0,0.6446527242660522,0.1405556804394795,9
PGD estimated + WoLF-IMQ,20260848,48.622823017338916,1.0,0.4185272753238678,0.1330015543410602,9
PGD estimated + WoLF-IMQ,20260849,48.41621013482412,1.0,0.6182923913002014,0.11664848642832089,7
PGD estimated + WoLF-IMQ,20260850,49.1030979603529,1.0,0.5866406559944153,0.20106334530694675,4
PGD estimated + WoLF-IMQ,20260851,43.93296079337597,1.0,0.594659686088562,0.12073327321277069,17
PGD estimated + WoLF-IMQ,20260852,47.7918255229791,1.0,0.38696563243865967,0.22696521739238765,16
PGD estimated + WoLF-IMQ,20260853,48.36282440523306,1.0,0.42268145084381104,0.11956962897173685,18
PGD estimated + WoLF-IMQ,20260854,-56.10517708460488,0.0,8.302059173583984,0.14379943111209886,60
PGD estimated + WoLF-IMQ,20260855,49.713311195373535,1.0,0.3972429037094116,0.08039574896791635,3
PGD estimated + WoLF-IMQ,20260856,46.91360804438591,1.0,0.46597301959991455,0.14214284124262627,10
PGD estimated + WoLF-IMQ,20260857,48.52129027744134,1.0,0.28678810596466064,0.12651920776583148,7
PGD estimated + WoLF-IMQ,20260858,40.317350859443344,1.0,0.6062822937965393,0.16819815079516293,23
PGD estimated + WoLF-IMQ,20260859,48.62286413336794,1.0,0.16956208646297455,0.1031380467857425,6
PGD estimated + WoLF-IMQ,20260860,41.06198156128327,1.0,0.4229237139225006,0.13887192322356284,29
PGD estimated + WoLF-IMQ,20260861,44.49000246822834,1.0,0.6281520128250122,0.1524095481148753,15
PGD estimated + WoLF-IMQ,20260862,48.7249980121851,1.0,0.5908153653144836,0.11080794843190345,6
PGD estimated + WoLF-IMQ,20260863,49.684424785276256,1.0,0.23200753331184387,0.16497325595448156,3
PGD estimated + WoLF-IMQ,20260864,49.66085313012203,1.0,0.47762617468833923,0.10962435510164854,3
PGD estimated + WoLF-IMQ,20260865,49.148120885094,1.0,0.41918283700942993,0.18409007563870466,8
PGD estimated + WoLF-IMQ,20260866,-43.018233776092536,0.0,16.435409545898438,0.14820131681785417,60
PGD estimated + WoLF-IMQ,20260867,45.791081842035055,1.0,0.1928490847349167,0.16701045958707175,12
PGD estimated + WoLF-IMQ,20260868,45.8303682555755,1.0,0.07762879133224487,0.12909511452108904,10
PGD estimated + WoLF-IMQ,20260869,46.56337630252043,1.0,0.6298465132713318,0.1415875259215836,22
PGD estimated + WoLF-IMQ,20260870,-78.14272624254225,0.0,43.861385345458984,0.16184201921175215,60
PGD estimated + WoLF-IMQ,20260871,48.060176968574524,1.0,0.5064465999603271,0.1751226344727474,7
PGD estimated + WoLF-IMQ,20260872,-122.43972802162172,0.0,42.678611755371094,0.1656553790675224,60
PGD estimated + WoLF-IMQ,20260873,-52.00064760446549,0.0,10.672637939453125,0.14013904483120465,60
PGD estimated + WoLF-IMQ,20260874,41.17535673081875,1.0,0.5391016006469727,0.13583622320954752,40
PGD estimated + WoLF-IMQ,20260875,-151.31757426261902,0.0,62.8242301940918,0.15811598703768676,60
PGD estimated + WoLF-IMQ,20260876,31.986581449707348,1.0,0.5125488638877869,0.1890221364110815,56
PGD estimated + WoLF-IMQ,20260877,44.725907246271774,1.0,0.6182682514190674,0.09867587398482666,16
PGD estimated + WoLF-IMQ,20260878,35.0170444647471,1.0,0.1633596420288086,0.14567643960686188,32
PGD estimated + WoLF-IMQ,20260879,-38.729916547735534,0.0,9.895733833312988,0.16197715015635566,60
PGD estimated + WoLF-IMQ,20260880,45.016276774307094,1.0,0.33961960673332214,0.1709997011651501,17
PGD estimated + WoLF-IMQ,20260881,48.872118892769016,1.0,0.38281962275505066,0.1476485957024984,5
PGD estimated + WoLF-IMQ,20260882,46.44050884743531,1.0,0.6377775073051453,0.4402770260454657,10
PGD estimated + WoLF-IMQ,20260883,45.63763926923275,1.0,0.6004915237426758,0.13187846641857126,17
PGD estimated + WoLF-IMQ,20260884,-36.20574867725372,0.0,9.536904335021973,0.144981876116227,60
PGD estimated + WoLF-IMQ,20260885,41.28975986440977,1.0,0.3072751760482788,0.139130070110805,21
PGD estimated + WoLF-IMQ,20260886,48.55112131933371,1.0,0.6312427520751953,0.1242698573440626,11
PGD estimated + WoLF-IMQ,20260887,48.54746696352959,1.0,0.29991447925567627,0.11370099765045906,6
PGD estimated + WoLF-IMQ,20260888,44.86110651989778,1.0,0.5100246667861938,0.13850817435130736,18
PGD estimated + WoLF-IMQ,20260889,42.92090831821164,1.0,0.2222032994031906,0.14990539445922146,28
PGD estimated + WoLF-IMQ,20260890,-134.37146644790965,0.0,56.638614654541016,0.13922358752116423,60
PGD estimated + WoLF-IMQ,20260891,49.38902993003528,1.0,0.6448417901992798,0.09786723443349847,6
PGD estimated + WoLF-IMQ,20260892,49.66736379762491,1.0,0.12574690580368042,0.12697198126045106,5
PGD estimated + WoLF-IMQ,20260893,48.952782690525055,1.0,0.5277653932571411,0.0988139455804191,6
PGD estimated + WoLF-IMQ,20260894,47.49748268723488,1.0,0.4857679605484009,0.2173498530352112,8
PGD estimated + WoLF-IMQ,20260895,-111.20851097504301,0.0,44.14724349975586,0.14361174871374566,60
PGD estimated + WoLF-IMQ,20260896,49.685987095038094,1.0,0.6197271347045898,0.33663366686194296,3
PGD estimated + WoLF-IMQ,20260897,49.471507628758744,1.0,0.4927656650543213,0.18172014018341612,4
PGD estimated + WoLF-IMQ,20260898,32.29408359279236,1.0,0.3496515452861786,0.18519542514934634,50
PGD estimated + WoLF-IMQ,20260899,48.47082750995954,1.0,0.5391741991043091,0.08312828717983783,8
PGD estimated + WoLF-IMQ,20260900,34.30246241390705,1.0,0.5539835095405579,0.15166181239054918,34
PGD estimated + WoLF-IMQ,20260901,49.35708699623744,1.0,0.6210556030273438,0.1747485384649319,3
PGD estimated + WoLF-IMQ,20260902,48.894134203592934,1.0,0.5978783369064331,0.13288049967463472,7
PGD estimated + WoLF-IMQ,20260903,49.599483260263995,1.0,0.14384277164936066,0.1212325706033478,4
PGD estimated + WoLF-IMQ,20260904,49.46512171626091,1.0,0.6184239387512207,0.10864491651368476,5
PGD estimated + WoLF-IMQ,20260905,45.0689023087422,1.0,0.47464048862457275,0.1222263102408956,14
PGD estimated + WoLF-IMQ,20260906,45.4124421129624,1.0,0.5156534314155579,0.1677789222163167,19
PGD estimated + WoLF-IMQ,20260907,-42.69324600696564,0.0,18.991107940673828,0.16192584463005588,60
PGD estimated + WoLF-IMQ,20260908,45.86627119282881,1.0,0.5131347179412842,0.1691242084940998,23
PGD estimated + WoLF-IMQ,20260909,47.753870444993176,1.0,0.40979841351509094,0.11391174685541859,11
PGD estimated + WoLF-IMQ,20260910,47.370089784264565,1.0,0.6468239426612854,0.13183392476341965,11
PGD estimated + WoLF-IMQ,20260911,48.51354277879,1.0,0.3513406813144684,0.14115754064401778,6
PGD estimated + WoLF-IMQ,20260912,-96.26958862940474,0.0,40.866390228271484,0.13438226796139885,60
PGD estimated + WoLF-IMQ,20260913,49.31918055812518,1.0,0.612075924873352,0.1154407814582768,4
PGD estimated + WoLF-IMQ,20260914,47.430789714058236,1.0,0.42098814249038696,0.14705847909345374,8
PGD estimated + WoLF-IMQ,20260915,49.260232950250305,1.0,0.2946850657463074,0.1421117050913192,6
PGD estimated + WoLF-IMQ,20260916,46.90887850522995,1.0,0.34045612812042236,0.18221026846773936,23
PGD estimated + WoLF-IMQ,20260917,43.10638364652793,1.0,0.6236666440963745,0.12547879587508648,24
PGD estimated + WoLF-IMQ,20260918,48.15187191963196,1.0,0.3375767469406128,0.2679871895942488,6
PGD estimated + WoLF-IMQ,20260919,-69.29123926162721,0.0,29.711851119995117,0.14643932324232029,60
PGD estimated + WoLF-IMQ,20260920,49.078923980395,1.0,0.5538653135299683,0.2103422043035418,5
PGD estimated + WoLF-IMQ,20260921,-103.01947093009949,0.0,23.013723373413086,0.1520742719095973,60
PGD estimated + WoLF-IMQ,20260922,48.8491469596823,1.0,0.055869847536087036,0.08775906579557324,6
PGD estimated + WoLF-IMQ,20260923,43.91351155936718,1.0,0.6451331973075867,0.12943905254436966,14
PGD estimated + WoLF-IMQ,20260924,48.75939843058586,1.0,0.4598524570465088,0.12067245554987217,6
PGD estimated + WoLF-IMQ,20260925,49.083128323157624,1.0,0.4655614495277405,0.12219792106041819,5
PGD estimated + WoLF-IMQ,20260926,48.80336647729079,1.0,0.5818516612052917,0.13793384747364443,5
PGD estimated + WoLF-IMQ,20260927,49.10736795514822,1.0,0.3799930512905121,0.10433437636985776,7
PGD estimated + WoLF-IMQ,20260928,-120.46836449702582,0.0,70.80286407470703,0.13542741233044478,60
PGD estimated + WoLF-IMQ,20260929,45.59088083356619,1.0,0.30866965651512146,0.17442986130780028,16
PGD estimated + WoLF-IMQ,20260930,49.387534372508526,1.0,0.4503699839115143,0.14828948136949663,4
PGD estimated + WoLF-IMQ,20260931,48.67138214160999,1.0,0.3369457423686981,0.1215396785070862,6
PGD estimated + WoLF-IMQ,20260932,47.74155923475821,1.0,0.37125757336616516,0.11629900817580127,8
PGD estimated + WoLF-IMQ,20260933,48.93188783029716,1.0,0.39853614568710327,0.1913135317576301,4
PGD estimated + WoLF-IMQ,20260934,47.15885088841121,1.0,0.495373010635376,0.1292036974855729,9
PGD estimated + WoLF-IMQ,20260935,41.97936229407787,1.0,0.45864272117614746,0.1572116079952062,23
PGD estimated + WoLF-IMQ,20260936,44.24534937739372,1.0,0.5465370416641235,0.13399986345903883,20
PGD estimated + WoLF-IMQ,20260937,-123.86016301314037,0.0,38.316341400146484,0.13361835946256612,60
PGD estimated + WoLF-IMQ,20260938,48.60757565498352,1.0,0.311179518699646,0.1983390883739473,6
PGD estimated + WoLF-IMQ,20260939,-23.51249488194783,0.0,3.689765453338623,0.21929452110306702,60
PGD estimated + WoLF-IMQ,20260940,47.403003637989364,1.0,0.5359865427017212,0.13830281847524747,23
PGD estimated + WoLF-IMQ,20260941,46.54878399272759,1.0,0.6115619540214539,0.22624426621726954,14
PGD estimated + WoLF-IMQ,20260942,46.79475548366706,1.0,0.5420300364494324,0.15668249278640842,10
PGD estimated + WoLF-IMQ,20260943,43.17080936829249,1.0,0.6277639269828796,0.1755585223780104,27
PGD estimated + WoLF-IMQ,20260944,48.63312446077665,1.0,0.5333389639854431,0.14103111284884504,9
PGD estimated + WoLF-IMQ,20260945,47.70604895055294,1.0,0.4535599946975708,0.14683943571027486,15
PGD estimated + WoLF-IMQ,20260946,48.13056372602781,1.0,0.5391494035720825,0.11226869696601297,10
PGD estimated + WoLF-IMQ,20260947,48.43396340807279,1.0,0.5562107563018799,0.17232827106200405,10
PGD estimated + WoLF-IMQ,20260948,47.46392415712277,1.0,0.3967743217945099,0.1629421489760609,9
PGD estimated + WoLF-IMQ,20260949,48.40887201329072,1.0,0.4942936301231384,0.15337012235333247,8
PGD estimated + WoLF-IMQ,20260950,48.803073015064,1.0,0.2001226395368576,0.1322850145978482,7
PGD estimated + WoLF-IMQ,20260951,49.4999482134978,1.0,0.4644208550453186,0.10292704010406109,5
PGD estimated + WoLF-IMQ,20260952,48.7712049682935,1.0,0.5689572095870972,0.11637324577383938,7
PGD estimated + WoLF-IMQ,20260953,48.395747507611915,1.0,0.5905182957649231,0.24085244773471645,7
PGD estimated + WoLF-IMQ,20260954,47.81654276450475,1.0,0.5699080228805542,0.1519480716729633,7
PGD estimated + WoLF-IMQ,20260955,47.907182003060974,1.0,0.568743109703064,0.1653924611124668,15
PGD estimated + WoLF-IMQ,20260956,48.55856981128454,1.0,0.4317403733730316,0.16226860824870445,6
PGD estimated + WoLF-IMQ,20260957,43.895192071795464,1.0,0.5582992434501648,0.17280825661333912,22
PGD estimated + WoLF-IMQ,20260958,48.23462058479587,1.0,0.18615765869617462,0.11650414485791816,12
PGD estimated + WoLF-IMQ,20260959,-24.30405902862549,0.0,7.3323774337768555,0.1544961778142614,60
PGD estimated + WoLF-IMQ,20260960,48.592811626692615,1.0,0.41620829701423645,0.17594165817087917,7
PGD estimated + WoLF-IMQ,20260961,48.92376441756884,1.0,0.4990953207015991,0.12260652054684469,5
PGD estimated + WoLF-IMQ,20260962,47.06686844925086,1.0,0.6189865469932556,0.13682152094561448,12
PGD estimated + WoLF-IMQ,20260963,46.61772397657236,1.0,0.5996875166893005,0.14250607622617964,25
PGD estimated + WoLF-IMQ,20260964,49.120909770329796,1.0,0.6281172037124634,0.2245082141509622,4
PGD estimated + WoLF-IMQ,20260965,47.227122447142996,1.0,0.1882820576429367,0.16134829864620423,14
PGD estimated + WoLF-IMQ,20260966,49.13767396658659,1.0,0.3551768362522125,0.1556982372555054,7
PGD estimated + WoLF-IMQ,20260967,49.39998624225458,1.0,0.39696264266967773,0.15049265023646063,6
PGD estimated + WoLF-IMQ,20260968,-72.4101309577624,0.0,37.00012969970703,0.16417736524240958,60
PGD estimated + WoLF-IMQ,20260969,-125.71527043978372,0.0,40.278076171875,0.13250873293632795,60
PGD estimated + WoLF-IMQ,20260970,-36.00199094911416,0.0,0.8752651810646057,0.14156287936408868,60
PGD estimated + WoLF-IMQ,20260971,45.00254498422146,1.0,0.3271598815917969,0.20813296173383605,17
PGD estimated + WoLF-IMQ,20260972,47.38927584886551,1.0,0.1516348123550415,0.15795524139567924,8
PGD estimated + WoLF-IMQ,20260973,43.01987959941228,1.0,0.347553551197052,0.1963427945674919,18
PGD estimated + WoLF-IMQ,20260974,47.82091246545315,1.0,0.3881070017814636,0.15916965297374724,8
PGD estimated + WoLF-IMQ,20260975,46.69553853571415,1.0,0.5133728981018066,0.15620106883533494,12
PGD estimated + WoLF-IMQ,20260976,-106.09027503927551,0.0,53.953834533691406,0.15555394113536283,60
PGD estimated + WoLF-IMQ,20260977,49.419376293818154,1.0,0.41734206676483154,0.10442392282621367,7
PGD estimated + WoLF-IMQ,20260978,48.39541952311993,1.0,0.5067727565765381,0.1276647870572539,7
PGD estimated + WoLF-IMQ,20260979,45.6041335016489,1.0,0.40953606367111206,0.1804855154522974,24
PGD estimated + WoLF-IMQ,20260980,-58.800683021545396,0.0,16.669628143310547,0.15749539922825656,60
PGD estimated + WoLF-IMQ,20260981,49.14212251702944,1.0,0.5686739683151245,0.38661806229882734,6
PGD estimated + WoLF-IMQ,20260982,-29.52910912036896,0.0,8.277179718017578,0.16355252849947952,60
Random contour + WoLF-IMQ,20260733,49.68545849372943,1.0,0.4613688886165619,0.2069627284776716,3
Random contour + WoLF-IMQ,20260734,49.095220467696585,1.0,0.1296313852071762,0.08957897087972867,5
Random contour + WoLF-IMQ,20260735,49.577093094587326,1.0,0.5418025851249695,0.1418387765910308,4
Random contour + WoLF-IMQ,20260736,-63.829710980256394,0.0,15.146045684814453,0.1488539257381659,60
Random contour + WoLF-IMQ,20260737,47.56455574929714,1.0,0.5909557938575745,0.11578552547957026,9
Random contour + WoLF-IMQ,20260738,42.099425400296845,1.0,0.13590669631958008,0.15293283153264348,30
Random contour + WoLF-IMQ,20260739,45.61415784433484,1.0,0.1462322622537613,0.16756053199813467,20
Random contour + WoLF-IMQ,20260740,48.018213207523026,1.0,0.40652745962142944,0.11215090863735178,6
Random contour + WoLF-IMQ,20260741,44.396308571100235,1.0,0.4756876230239868,0.17042143398876414,26
Random contour + WoLF-IMQ,20260742,47.36690830190977,1.0,0.2813602685928345,0.2724584646877414,10
Random contour + WoLF-IMQ,20260743,47.439394230643906,1.0,0.6496360898017883,0.26303613787390795,8
Random contour + WoLF-IMQ,20260744,42.18205401301384,1.0,0.1797524094581604,0.20882425844931207,24
Random contour + WoLF-IMQ,20260745,47.34002004315456,1.0,0.4900641143321991,0.09265386007302658,9
Random contour + WoLF-IMQ,20260746,44.52885418136914,1.0,0.17328166961669922,0.1066026574400919,12
Random contour + WoLF-IMQ,20260747,49.09964672724406,1.0,0.4326130151748657,0.19569718805332914,5
Random contour + WoLF-IMQ,20260748,49.173474026223026,1.0,0.4041188657283783,0.11379221094654933,4
Random contour + WoLF-IMQ,20260749,-124.56582562128702,0.0,60.65589141845703,0.14601512571831288,60
Random contour + WoLF-IMQ,20260750,48.962431723872825,1.0,0.5213686227798462,0.20276838053888416,6
Random contour + WoLF-IMQ,20260751,48.69211872170369,1.0,0.4898761808872223,0.11257261037063644,7
Random contour + WoLF-IMQ,20260752,-96.69266831378141,0.0,47.16182327270508,0.15122919801472753,60
Random contour + WoLF-IMQ,20260753,46.66741167257229,1.0,0.3904072344303131,0.1736909170979864,15
Random contour + WoLF-IMQ,20260754,47.47726799547672,1.0,0.06474387645721436,0.13445442693031814,9
Random contour + WoLF-IMQ,20260755,47.18235487739245,1.0,0.393127977848053,0.14988781815593907,11
Random contour + WoLF-IMQ,20260756,47.937272764742374,1.0,0.4604860246181488,0.1583788774662035,8
Random contour + WoLF-IMQ,20260757,45.88383474946022,1.0,0.6496953964233398,0.22768443890167403,11
Random contour + WoLF-IMQ,20260758,49.56606161097685,1.0,0.3331221342086792,0.40474326889420437,4
Random contour + WoLF-IMQ,20260759,-106.01628144582112,0.0,54.18006134033203,0.19244686243384998,60
Random contour + WoLF-IMQ,20260760,-45.76492514212924,0.0,3.0482616424560547,0.14096479071490506,60
Random contour + WoLF-IMQ,20260761,48.59670230746269,1.0,0.6497653126716614,0.15431087799255233,8
Random contour + WoLF-IMQ,20260762,47.8168622131149,1.0,0.22444459795951843,0.13308922508481869,10
Random contour + WoLF-IMQ,20260763,-93.65884241461754,0.0,47.11790466308594,0.16363793962324513,60
Random contour + WoLF-IMQ,20260764,49.14692554871242,1.0,0.5867851972579956,0.12808464752541193,5
Random contour + WoLF-IMQ,20260765,49.0956259816885,1.0,0.5658849477767944,0.08992139063512476,6
Random contour + WoLF-IMQ,20260766,45.66265618304412,1.0,0.6041643023490906,0.2511665089985704,17
Random contour + WoLF-IMQ,20260767,-101.55432438850403,0.0,61.93021774291992,0.16225999771893987,60
Random contour + WoLF-IMQ,20260768,49.51837329566479,1.0,0.4555869698524475,0.0994167904667769,4
Random contour + WoLF-IMQ,20260769,47.97633072237174,1.0,0.5301900506019592,0.11081401476640412,9
Random contour + WoLF-IMQ,20260770,-22.173517366250355,0.0,4.430789470672607,0.12513763581895082,60
Random contour + WoLF-IMQ,20260771,48.53973569969336,1.0,0.5238702893257141,0.2378950035030795,10
Random contour + WoLF-IMQ,20260772,49.3329440827171,1.0,0.24704763293266296,0.09942263904724132,4
Random contour + WoLF-IMQ,20260773,47.20321512718995,1.0,0.4438791871070862,0.10461200125280773,11
Random contour + WoLF-IMQ,20260774,49.37850532929103,1.0,0.4022037982940674,0.12076435270900307,4
Random contour + WoLF-IMQ,20260775,48.13384276131789,1.0,0.5502070784568787,0.12781909312868647,9
Random contour + WoLF-IMQ,20260776,-76.75209840138753,0.0,31.075542449951172,0.15130694452492652,60
Random contour + WoLF-IMQ,20260777,-66.39428774515787,0.0,30.019180297851562,0.16854879259009187,60
Random contour + WoLF-IMQ,20260778,41.50075529019038,1.0,0.621096670627594,0.125550234837467,22
Random contour + WoLF-IMQ,20260779,49.23339561124643,1.0,0.5544145703315735,0.1095919565885602,6
Random contour + WoLF-IMQ,20260780,47.57113797465961,1.0,0.2720295786857605,0.11282779830646955,13
Random contour + WoLF-IMQ,20260781,41.502589752276734,1.0,0.5032026171684265,0.18207558009416638,28
Random contour + WoLF-IMQ,20260782,-60.77461496988931,0.0,36.55525588989258,0.1833915137994123,60
Random contour + WoLF-IMQ,20260783,-28.055403093496967,0.0,8.204288482666016,0.20004653708582446,60
Random contour + WoLF-IMQ,20260784,-56.81809822718303,0.0,21.55304527282715,0.13977002246362907,60
Random contour + WoLF-IMQ,20260785,47.218882240355015,1.0,0.30337902903556824,0.14357591668932057,12
Random contour + WoLF-IMQ,20260786,46.00525202602148,1.0,0.47560206055641174,0.24012184129367992,18
Random contour + WoLF-IMQ,20260787,48.72668147087097,1.0,0.6365833282470703,0.19274910619958802,8
Random contour + WoLF-IMQ,20260788,49.88274822880824,1.0,0.43895670771598816,0.7207003385662007,2
Random contour + WoLF-IMQ,20260789,49.02490242446462,1.0,0.13516055047512054,0.20972048925610534,7
Random contour + WoLF-IMQ,20260790,49.657625188430146,1.0,0.5117807388305664,0.206194744174091,3
Random contour + WoLF-IMQ,20260791,48.912124613920845,1.0,0.6273860931396484,0.19868344708243596,5
Random contour + WoLF-IMQ,20260792,49.5281352798144,1.0,0.5945717692375183,0.08539559133380817,4
Random contour + WoLF-IMQ,20260793,47.27277475595474,1.0,0.4255383610725403,0.12727999839352394,12
Random contour + WoLF-IMQ,20260794,-63.11009528239568,0.0,33.27194595336914,0.16174554614680342,60
Random contour + WoLF-IMQ,20260795,-59.22213983535767,0.0,27.860149383544922,0.13247899248218967,60
Random contour + WoLF-IMQ,20260796,48.5736430088679,1.0,0.5343528985977173,0.14741815027395327,5
Random contour + WoLF-IMQ,20260797,46.996452897787094,1.0,0.41703730821609497,0.13364137451455213,12
Random contour + WoLF-IMQ,20260798,-111.83244127035142,0.0,42.25423812866211,0.14394204490058563,60
Random contour + WoLF-IMQ,20260799,-166.7886690298716,0.0,69.35163879394531,0.1784578922165578,60
Random contour + WoLF-IMQ,20260800,48.89134779075782,1.0,0.18146049976348877,0.1649614550625213,7
Random contour + WoLF-IMQ,20260801,47.977940256396934,1.0,0.6312825083732605,0.17168479630472155,6
Random contour + WoLF-IMQ,20260802,-55.2771601676941,0.0,24.568532943725586,0.16624568152188818,60
Random contour + WoLF-IMQ,20260803,43.926325768232346,1.0,0.6372431516647339,0.22540998750817712,42
Random contour + WoLF-IMQ,20260804,48.120339592297874,1.0,0.5596150159835815,0.0966185429698087,7
Random contour + WoLF-IMQ,20260805,-87.19466749827068,0.0,36.790245056152344,0.20139718620872493,60
Random contour + WoLF-IMQ,20260806,49.67559223870436,1.0,0.3898767828941345,1.265720278991466,3
Random contour + WoLF-IMQ,20260807,47.75744115809599,1.0,0.5215277075767517,0.16309804593510885,20
Random contour + WoLF-IMQ,20260808,43.119657757381596,1.0,0.360311359167099,0.17566360143832865,17
Random contour + WoLF-IMQ,20260809,47.83210550714284,1.0,0.0312812365591526,0.13321862447109065,15
Random contour + WoLF-IMQ,20260810,43.12634325027466,1.0,0.6204134225845337,0.13051247373710775,16
Random contour + WoLF-IMQ,20260811,48.36941456298034,1.0,0.5373224020004272,0.14237232199726088,7
Random contour + WoLF-IMQ,20260812,49.38363501429558,1.0,0.47753995656967163,0.09776585683457312,5
Random contour + WoLF-IMQ,20260813,47.99458576490482,1.0,0.21497979760169983,0.13599845158597856,13
Random contour + WoLF-IMQ,20260814,46.39678763846556,1.0,0.5819002985954285,0.10994099467762507,11
Random contour + WoLF-IMQ,20260815,49.175883673131466,1.0,0.34747645258903503,0.11856993817509828,5
Random contour + WoLF-IMQ,20260816,36.23924191606541,1.0,0.10213430970907211,0.14542522351884563,37
Random contour + WoLF-IMQ,20260817,35.87238918244839,1.0,0.5637056231498718,0.16329344753816916,28
Random contour + WoLF-IMQ,20260818,49.207613895336785,1.0,0.5784945487976074,0.10373347420398543,4
Random contour + WoLF-IMQ,20260819,47.29068816701571,1.0,0.5177108645439148,0.13687597875985782,11
Random contour + WoLF-IMQ,20260820,-39.77856248617172,0.0,8.176752090454102,0.14980422986181471,60
Random contour + WoLF-IMQ,20260821,45.82026540736357,1.0,0.538170576095581,0.1499849850699082,14
Random contour + WoLF-IMQ,20260822,-33.7581968108813,0.0,4.920119762420654,0.15894608579490602,60
Random contour + WoLF-IMQ,20260823,48.989187409480415,1.0,0.564027726650238,0.14209877964543832,7
Random contour + WoLF-IMQ,20260824,43.4383427798748,1.0,0.46766817569732666,0.25288028742961266,21
Random contour + WoLF-IMQ,20260825,48.07817916075388,1.0,0.6497921943664551,0.10126212488968078,7
Random contour + WoLF-IMQ,20260826,44.05366609493891,1.0,0.5776486396789551,0.12001105643862194,21
Random contour + WoLF-IMQ,20260827,47.33951097726822,1.0,0.6029472351074219,0.10075379051058554,9
Random contour + WoLF-IMQ,20260828,-49.41116572419803,0.0,1.2939507961273193,0.1689314003313539,60
Random contour + WoLF-IMQ,20260829,48.892781292398766,1.0,0.3795716166496277,0.10170275875593351,5
Random contour + WoLF-IMQ,20260830,47.37923143804073,1.0,0.6010072231292725,0.14552863057584095,15
Random contour + WoLF-IMQ,20260831,43.37415010482073,1.0,0.46176132559776306,0.13689990861842377,21
Random contour + WoLF-IMQ,20260832,49.17585261166096,1.0,0.5640542507171631,0.17981520430412382,7
Random contour + WoLF-IMQ,20260833,-52.16809791326523,0.0,30.64086151123047,0.13937430594468755,60
Random contour + WoLF-IMQ,20260834,49.346098056683935,1.0,0.23981784284114838,0.13014615878051314,5
Random contour + WoLF-IMQ,20260835,47.5371390680472,1.0,0.5890097618103027,0.10659312992735882,12
Random contour + WoLF-IMQ,20260836,49.50082706411679,1.0,0.552531361579895,0.09858813887504565,3
Random contour + WoLF-IMQ,20260837,-71.89788321654004,0.0,25.627750396728516,0.16166501525392976,60
Random contour + WoLF-IMQ,20260838,48.45427167912324,1.0,0.6247813105583191,0.09364902173391587,7
Random contour + WoLF-IMQ,20260839,45.048094434042774,1.0,0.39909395575523376,0.17846833432842318,13
Random contour + WoLF-IMQ,20260840,43.78076819330454,1.0,0.33686378598213196,0.15327145401540626,16
Random contour + WoLF-IMQ,20260841,45.62698246786992,1.0,0.4823048412799835,0.24906182120033718,15
Random contour + WoLF-IMQ,20260842,45.64002675314744,1.0,0.6396471858024597,0.14375897981176913,13
Random contour + WoLF-IMQ,20260843,48.33255573362112,1.0,0.4931463897228241,0.11279750493190543,7
Random contour + WoLF-IMQ,20260844,34.88035457581282,1.0,0.35696640610694885,0.18245135788302763,40
Random contour + WoLF-IMQ,20260845,46.7992498067518,1.0,0.22069592773914337,0.14927888047509347,14
Random contour + WoLF-IMQ,20260846,47.818738055725895,1.0,0.4424164593219757,0.12664201979670786,8
Random contour + WoLF-IMQ,20260847,47.8141379604737,1.0,0.580133855342865,0.13310132814039233,9
Random contour + WoLF-IMQ,20260848,48.457706332206726,1.0,0.41338229179382324,0.13900288850568437,9
Random contour + WoLF-IMQ,20260849,48.41621013482412,1.0,0.6182923913002014,0.11664848642832089,7
Random contour + WoLF-IMQ,20260850,49.09919320543607,1.0,0.5625255107879639,0.24606642708834428,4
Random contour + WoLF-IMQ,20260851,43.93296079337597,1.0,0.594659686088562,0.12073327321277069,17
Random contour + WoLF-IMQ,20260852,47.9398588637511,1.0,0.4199473261833191,0.17487500716078722,15
Random contour + WoLF-IMQ,20260853,48.36282440523306,1.0,0.42268145084381104,0.11956962897173685,18
Random contour + WoLF-IMQ,20260854,-56.10361496607464,0.0,8.301953315734863,0.14220004044857346,60
Random contour + WoLF-IMQ,20260855,49.713311195373535,1.0,0.3972429037094116,0.08039574896791635,3
Random contour + WoLF-IMQ,20260856,46.91881230225166,1.0,0.4673011600971222,0.19833586046731924,10
Random contour + WoLF-IMQ,20260857,48.63936398178339,1.0,0.47275832295417786,0.11666002923434193,6
Random contour + WoLF-IMQ,20260858,40.340049386024475,1.0,0.5906511545181274,0.1622333785238927,23
Random contour + WoLF-IMQ,20260859,48.62286413336794,1.0,0.16956208646297455,0.1031380467857425,6
Random contour + WoLF-IMQ,20260860,41.06469003111124,1.0,0.42291322350502014,0.13603327743279622,29
Random contour + WoLF-IMQ,20260861,44.569206247727074,1.0,0.5179387331008911,0.16531014621063744,14
Random contour + WoLF-IMQ,20260862,48.7249980121851,1.0,0.5908153653144836,0.11080794843190345,6
Random contour + WoLF-IMQ,20260863,49.684424785276256,1.0,0.23200753331184387,0.16497325595448156,3
Random contour + WoLF-IMQ,20260864,49.66085313012203,1.0,0.47762617468833923,0.10962435510164854,3
Random contour + WoLF-IMQ,20260865,49.19686268270016,1.0,0.6455906629562378,0.19167757763987417,7
Random contour + WoLF-IMQ,20260866,-42.90613117814064,0.0,16.279281616210938,0.1560633068243148,60
Random contour + WoLF-IMQ,20260867,45.783595568190016,1.0,0.16828970611095428,0.2274025127810597,12
Random contour + WoLF-IMQ,20260868,45.80523042877515,1.0,0.24289286136627197,0.1702605421487528,10
Random contour + WoLF-IMQ,20260869,46.513130297263466,1.0,0.6327154040336609,0.1478533338281961,22
Random contour + WoLF-IMQ,20260870,-77.69913403193156,0.0,43.71818923950195,0.18001583489504155,60
Random contour + WoLF-IMQ,20260871,48.05632156133652,1.0,0.5091595649719238,0.21990974936987082,7
Random contour + WoLF-IMQ,20260872,-122.46658198038737,0.0,42.68841552734375,0.17527139916829135,60
Random contour + WoLF-IMQ,20260873,-51.990869859854385,0.0,10.672635078430176,0.15366015788352452,60
Random contour + WoLF-IMQ,20260874,41.14605295161407,1.0,0.5835484862327576,0.15084121409313292,40
Random contour + WoLF-IMQ,20260875,-148.60626610120133,0.0,62.15830612182617,0.16749100952233079,60
Random contour + WoLF-IMQ,20260876,32.592352059980236,1.0,0.4491059482097626,0.17568324665307497,56
Random contour + WoLF-IMQ,20260877,44.725907246271774,1.0,0.6182682514190674,0.09867587398482666,16
Random contour + WoLF-IMQ,20260878,35.08567112435897,1.0,0.48086807131767273,0.14910455216884402,31
Random contour + WoLF-IMQ,20260879,-38.729220603903144,0.0,9.890251159667969,0.20284252119749796,60
Random contour + WoLF-IMQ,20260880,45.00867484509945,1.0,0.3665974736213684,0.14253616936154345,17
Random contour + WoLF-IMQ,20260881,48.87535051504771,1.0,0.3623473644256592,0.16552054240838424,5
Random contour + WoLF-IMQ,20260882,45.658079355955124,1.0,0.5170348286628723,0.22900176743729542,20
Random contour + WoLF-IMQ,20260883,45.634452015161514,1.0,0.6003209948539734,0.12448162435640736,17
Random contour + WoLF-IMQ,20260884,-36.22766288121542,0.0,9.566454887390137,0.13628987695405867,60
Random contour + WoLF-IMQ,20260885,41.28695021818081,1.0,0.3031439483165741,0.15331501191725663,21
Random contour + WoLF-IMQ,20260886,48.55112131933371,1.0,0.6312427520751953,0.1242698573440626,11
Random contour + WoLF-IMQ,20260887,48.5189765120546,1.0,0.2696063220500946,0.0985957021795077,6
Random contour + WoLF-IMQ,20260888,44.87115669250488,1.0,0.5101060271263123,0.13335507990986328,18
Random contour + WoLF-IMQ,20260889,42.911094261954226,1.0,0.23191006481647491,0.16228849317474006,28
Random contour + WoLF-IMQ,20260890,-134.61287161707878,0.0,56.726505279541016,0.1540255842884268,60
Random contour + WoLF-IMQ,20260891,49.38902993003528,1.0,0.6448417901992798,0.09786723443349847,6
Random contour + WoLF-IMQ,20260892,49.66736379762491,1.0,0.12574690580368042,0.12697198126045106,5
Random contour + WoLF-IMQ,20260893,48.952782690525055,1.0,0.5277653932571411,0.0988139455804191,6
Random contour + WoLF-IMQ,20260894,47.46529280145963,1.0,0.5282303094863892,0.33803321540728243,8
Random contour + WoLF-IMQ,20260895,-111.14102643728258,0.0,44.08962631225586,0.1557450967821866,60
Random contour + WoLF-IMQ,20260896,49.39799039065838,1.0,0.5487200021743774,0.17504692167440597,7
Random contour + WoLF-IMQ,20260897,49.39136084665855,1.0,0.42048177123069763,0.15013192804498693,5
Random contour + WoLF-IMQ,20260898,31.72306593755881,1.0,0.5413995385169983,0.19025674326456968,51
Random contour + WoLF-IMQ,20260899,48.47082750995954,1.0,0.5391741991043091,0.08312828717983783,8
Random contour + WoLF-IMQ,20260900,34.321715767184884,1.0,0.5482521653175354,0.14410499908073834,34
Random contour + WoLF-IMQ,20260901,49.34069671854377,1.0,0.14666305482387543,0.2003796963495416,4
Random contour + WoLF-IMQ,20260902,48.895138482252754,1.0,0.6105408668518066,0.116472870102845,7
Random contour + WoLF-IMQ,20260903,49.599483260263995,1.0,0.14384277164936066,0.1212325706033478,4
Random contour + WoLF-IMQ,20260904,49.46512171626091,1.0,0.6184239387512207,0.10864491651368476,5
Random contour + WoLF-IMQ,20260905,45.06464230517546,1.0,0.47671830654144287,0.1888267479430328,14
Random contour + WoLF-IMQ,20260906,45.4450519233942,1.0,0.5055514574050903,0.16769070219651647,19
Random contour + WoLF-IMQ,20260907,-42.4348752895991,0.0,18.813751220703125,0.16143774361705138,60
Random contour + WoLF-IMQ,20260908,45.7460713138183,1.0,0.5804288983345032,0.16780310440092186,25
Random contour + WoLF-IMQ,20260909,47.753870444993176,1.0,0.40979841351509094,0.11391174685541859,11
Random contour + WoLF-IMQ,20260910,47.370089784264565,1.0,0.6468239426612854,0.13183392476341965,11
Random contour + WoLF-IMQ,20260911,48.5095348705848,1.0,0.34092599153518677,0.16837542383881574,6
Random contour + WoLF-IMQ,20260912,-96.363490541776,0.0,40.87066650390625,0.1319508468442532,60
Random contour + WoLF-IMQ,20260913,49.31918055812518,1.0,0.612075924873352,0.1154407814582768,4
Random contour + WoLF-IMQ,20260914,47.42930140346289,1.0,0.4388478696346283,0.1423660141426819,8
Random contour + WoLF-IMQ,20260915,49.12918533136447,1.0,0.2904277741909027,0.1475583914607393,8
Random contour + WoLF-IMQ,20260916,48.53922980030378,1.0,0.5810197591781616,0.14819887325315798,7
Random contour + WoLF-IMQ,20260917,43.104567751288414,1.0,0.6238725781440735,0.1500446727705922,24
Random contour + WoLF-IMQ,20260918,48.133930822213486,1.0,0.30430901050567627,0.20990745422995719,6
Random contour + WoLF-IMQ,20260919,-69.64749483267468,0.0,29.81342315673828,0.15377833470883026,60
Random contour + WoLF-IMQ,20260920,49.03625792140762,1.0,0.2150600701570511,0.18296661584791238,6
Random contour + WoLF-IMQ,20260921,-103.00718486309052,0.0,23.0166015625,0.1635517483878204,60
Random contour + WoLF-IMQ,20260922,48.8491469596823,1.0,0.055869847536087036,0.08775906579557324,6
Random contour + WoLF-IMQ,20260923,43.91351155936718,1.0,0.6451331973075867,0.12943905254436966,14
Random contour + WoLF-IMQ,20260924,48.75939843058586,1.0,0.4598524570465088,0.12067245554987217,6
Random contour + WoLF-IMQ,20260925,49.083128323157624,1.0,0.4655614495277405,0.12219792106041819,5
Random contour + WoLF-IMQ,20260926,48.80336647729079,1.0,0.5818516612052917,0.13793384747364443,5
Random contour + WoLF-IMQ,20260927,49.09564087043206,1.0,0.38623788952827454,0.11596961095092627,7
Random contour + WoLF-IMQ,20260928,-120.46830600500107,0.0,70.80278015136719,0.14259688478540572,60
Random contour + WoLF-IMQ,20260929,45.611898417274155,1.0,0.3067322373390198,0.15846381124455955,16
Random contour + WoLF-IMQ,20260930,49.42318435013294,1.0,0.5442825555801392,0.14161510736776958,4
Random contour + WoLF-IMQ,20260931,48.67138214160999,1.0,0.3369457423686981,0.1215396785070862,6
Random contour + WoLF-IMQ,20260932,47.74132855733236,1.0,0.3695511817932129,0.1382420800201112,8
Random contour + WoLF-IMQ,20260933,48.93361695359151,1.0,0.38451042771339417,0.1796808975674708,4
Random contour + WoLF-IMQ,20260934,47.16504643857479,1.0,0.4665679335594177,0.14454642221531588,9
Random contour + WoLF-IMQ,20260935,41.95587308953206,1.0,0.45694443583488464,0.167697443970242,23
Random contour + WoLF-IMQ,20260936,44.24534937739372,1.0,0.5465370416641235,0.13399986345903883,20
Random contour + WoLF-IMQ,20260937,-123.90592094262438,0.0,38.31954574584961,0.1324834982468898,60
Random contour + WoLF-IMQ,20260938,48.57558319220941,1.0,0.2857252061367035,0.2447597600269814,6
Random contour + WoLF-IMQ,20260939,40.80716787775358,1.0,0.6486958265304565,0.16769436052324488,20
Random contour + WoLF-IMQ,20260940,47.45433761179447,1.0,0.5359833240509033,0.13453740392540678,23
Random contour + WoLF-IMQ,20260941,46.47043680399656,1.0,0.45737865567207336,0.22075818592862315,16
Random contour + WoLF-IMQ,20260942,46.83596687267224,1.0,0.4612046778202057,0.21072604270808243,10
Random contour + WoLF-IMQ,20260943,45.04016085465749,1.0,0.5761025547981262,0.17706408607349314,21
Random contour + WoLF-IMQ,20260944,48.63312446077665,1.0,0.5333389639854431,0.14103111284884504,9
Random contour + WoLF-IMQ,20260945,47.706272495289646,1.0,0.43064233660697937,0.13689608553692698,15
Random contour + WoLF-IMQ,20260946,48.13056372602781,1.0,0.5391494035720825,0.11226869696601297,10
Random contour + WoLF-IMQ,20260947,48.366551637649536,1.0,0.6103866696357727,0.28476962845274945,10
Random contour + WoLF-IMQ,20260948,47.506776782373585,1.0,0.2937276065349579,0.16134779555154602,9
Random contour + WoLF-IMQ,20260949,48.40098968644937,1.0,0.5884526968002319,0.16658429560134638,8
Random contour + WoLF-IMQ,20260950,48.803073015064,1.0,0.2001226395368576,0.1322850145978482,7
Random contour + WoLF-IMQ,20260951,49.4999482134978,1.0,0.4644208550453186,0.10292704010406109,5
Random contour + WoLF-IMQ,20260952,48.7712049682935,1.0,0.5689572095870972,0.11637324577383938,7
Random contour + WoLF-IMQ,20260953,48.3956085095803,1.0,0.5920328497886658,0.20012059450865308,7
Random contour + WoLF-IMQ,20260954,47.838953003287315,1.0,0.5164100527763367,0.1390942625647091,7
Random contour + WoLF-IMQ,20260955,47.966723250846066,1.0,0.4491444528102875,0.14334716455098606,15
Random contour + WoLF-IMQ,20260956,48.33519475162029,1.0,0.5642633438110352,0.1649259523547696,9
Random contour + WoLF-IMQ,20260957,43.92444044848283,1.0,0.537490963935852,0.18803027970189914,22
Random contour + WoLF-IMQ,20260958,48.23462058479587,1.0,0.18615765869617462,0.11650414485791816,12
Random contour + WoLF-IMQ,20260959,-24.31015761693319,0.0,7.347466468811035,0.162416953237338,60
Random contour + WoLF-IMQ,20260960,48.59227774540583,1.0,0.434800922870636,0.172506078012209,7
Random contour + WoLF-IMQ,20260961,48.92376441756884,1.0,0.4990953207015991,0.12260652054684469,5
Random contour + WoLF-IMQ,20260962,46.96904695530733,1.0,0.4842674732208252,0.12621167099280287,13
Random contour + WoLF-IMQ,20260963,46.6330621590217,1.0,0.5893880128860474,0.17705242968582277,25
Random contour + WoLF-IMQ,20260964,49.10870904723803,1.0,0.6472213268280029,0.15859454807567594,4
Random contour + WoLF-IMQ,20260965,47.57603115340074,1.0,0.6417309641838074,0.2551049702570082,8
Random contour + WoLF-IMQ,20260966,49.138842567801476,1.0,0.341153621673584,0.13383195056461622,7
Random contour + WoLF-IMQ,20260967,49.475796980162464,1.0,0.4083361327648163,0.1263684956079263,5
Random contour + WoLF-IMQ,20260968,-72.43780815601349,0.0,37.0427131652832,0.19637052926600046,60
Random contour + WoLF-IMQ,20260969,-125.78748802344,0.0,40.340301513671875,0.15079753880843313,60
Random contour + WoLF-IMQ,20260970,-36.002433106303215,0.0,0.875234067440033,0.15780961490315643,60
Random contour + WoLF-IMQ,20260971,45.03085791692138,1.0,0.16892413794994354,0.16774057858303237,17
Random contour + WoLF-IMQ,20260972,47.37182497729857,1.0,0.3969116508960724,0.12543768910059072,8
Random contour + WoLF-IMQ,20260973,43.01982627560695,1.0,0.34733715653419495,0.2238907028715139,18
Random contour + WoLF-IMQ,20260974,47.82091246545315,1.0,0.3881070017814636,0.15916965297374724,8
Random contour + WoLF-IMQ,20260975,46.70090448856354,1.0,0.5002445578575134,0.16128977667868713,12
Random contour + WoLF-IMQ,20260976,-106.07809157172841,0.0,53.9517936706543,0.19341475548548334,60
Random contour + WoLF-IMQ,20260977,49.419376293818154,1.0,0.41734206676483154,0.10442392282621367,7
Random contour + WoLF-IMQ,20260978,48.39541952311993,1.0,0.5067727565765381,0.1276647870572539,7
Random contour + WoLF-IMQ,20260979,45.04572773103912,1.0,0.24549303948879242,0.2153456763592051,27
Random contour + WoLF-IMQ,20260980,-58.843685944875084,0.0,16.693485260009766,0.18062540258349585,60
Random contour + WoLF-IMQ,20260981,49.439053582648434,1.0,0.45474305748939514,0.38948419403366996,6
Random contour + WoLF-IMQ,20260982,-28.974584629138313,0.0,8.06971549987793,0.1742205463974065,60
PGD estimated + WoLF-TMD,20260733,49.72643154114485,1.0,0.31566086411476135,0.1427803653856112,3
PGD estimated + WoLF-TMD,20260734,49.095220467696585,1.0,0.1296313852071762,0.08957897087972867,5
PGD estimated + WoLF-TMD,20260735,49.577093094587326,1.0,0.5418025851249695,0.1418387765910308,4
PGD estimated + WoLF-TMD,20260736,-63.84050869941712,0.0,15.152764320373535,0.1411561386134836,60
PGD estimated + WoLF-TMD,20260737,47.56455574929714,1.0,0.5909557938575745,0.11578552547957026,9
PGD estimated + WoLF-TMD,20260738,42.113636051615075,1.0,0.13670706748962402,0.15695158094432718,30
PGD estimated + WoLF-TMD,20260739,45.68666609625022,1.0,0.12346541881561279,0.1569214144487924,20
PGD estimated + WoLF-TMD,20260740,48.019014341135815,1.0,0.3771274983882904,0.09697069111006061,6
PGD estimated + WoLF-TMD,20260741,44.40135668963194,1.0,0.4728546440601349,0.16078959606723114,26
PGD estimated + WoLF-TMD,20260742,47.373223242660366,1.0,0.3967227041721344,0.22489049878665482,8
PGD estimated + WoLF-TMD,20260743,47.378707736730576,1.0,0.618961751461029,0.18760457306924183,9
PGD estimated + WoLF-TMD,20260744,42.18499488197267,1.0,0.09247469156980515,0.18921064442045185,24
PGD estimated + WoLF-TMD,20260745,47.34002004315456,1.0,0.4900641143321991,0.09265386007302658,9
PGD estimated + WoLF-TMD,20260746,44.52885418136914,1.0,0.17328166961669922,0.1066026574400919,12
PGD estimated + WoLF-TMD,20260747,49.07124635080496,1.0,0.5032067894935608,0.1679560679356999,5
PGD estimated + WoLF-TMD,20260748,49.173474026223026,1.0,0.4041188657283783,0.11379221094654933,4
PGD estimated + WoLF-TMD,20260749,-124.54277465740837,0.0,60.6509895324707,0.14479376606588223,60
PGD estimated + WoLF-TMD,20260750,48.968093151847526,1.0,0.45343148708343506,0.20766271068778352,6
PGD estimated + WoLF-TMD,20260751,48.69211872170369,1.0,0.4898761808872223,0.11257261037063644,7
PGD estimated + WoLF-TMD,20260752,-96.46925338606039,0.0,47.13475799560547,0.14573810962831615,60
PGD estimated + WoLF-TMD,20260753,46.66145694504181,1.0,0.3912557065486908,0.16292189456103598,15
PGD estimated + WoLF-TMD,20260754,47.47664063734313,1.0,0.062463872134685516,0.12328496315510555,9
PGD estimated + WoLF-TMD,20260755,47.19132252534231,1.0,0.38892120122909546,0.15606367600382098,11
PGD estimated + WoLF-TMD,20260756,47.9407101025184,1.0,0.41923797130584717,0.1410666892583211,8
PGD estimated + WoLF-TMD,20260757,45.886536737283066,1.0,0.5832619071006775,0.18683717520846474,11
PGD estimated + WoLF-TMD,20260758,49.58618334680796,1.0,0.42948874831199646,0.4453198186268054,4
PGD estimated + WoLF-TMD,20260759,-106.10179877281189,0.0,54.191776275634766,0.158972043339434,60
PGD estimated + WoLF-TMD,20260760,-45.77368589242299,0.0,3.0574700832366943,0.14389141275956283,60
PGD estimated + WoLF-TMD,20260761,48.56875091791153,1.0,0.3230815529823303,0.1380732047687116,9
PGD estimated + WoLF-TMD,20260762,47.80998860423764,1.0,0.22486887872219086,0.14408011876992016,10
PGD estimated + WoLF-TMD,20260763,-93.66423166791597,0.0,47.12407684326172,0.15392974990893635,60
PGD estimated + WoLF-TMD,20260764,49.14692554871242,1.0,0.5867851972579956,0.12808464752541193,5
PGD estimated + WoLF-TMD,20260765,49.0956259816885,1.0,0.5658849477767944,0.08992139063512476,6
PGD estimated + WoLF-TMD,20260766,45.76042713224888,1.0,0.48792707920074463,0.23497471411882012,17
PGD estimated + WoLF-TMD,20260767,-101.47336149215698,0.0,61.92039489746094,0.13964031471007562,60
PGD estimated + WoLF-TMD,20260768,49.51837329566479,1.0,0.4555869698524475,0.0994167904667769,4
PGD estimated + WoLF-TMD,20260769,47.97633072237174,1.0,0.5301900506019592,0.11081401476640412,9
PGD estimated + WoLF-TMD,20260770,-22.17873706420263,0.0,4.430389881134033,0.1289042130220964,60
PGD estimated + WoLF-TMD,20260771,48.61386580765247,1.0,0.6231478452682495,0.2222238920151801,9
PGD estimated + WoLF-TMD,20260772,49.3329440827171,1.0,0.24704763293266296,0.09942263904724132,4
PGD estimated + WoLF-TMD,20260773,47.20249589284261,1.0,0.443845272064209,0.10650239779499286,11
PGD estimated + WoLF-TMD,20260774,49.37850532929103,1.0,0.4022037982940674,0.12076435270900307,4
PGD estimated + WoLF-TMD,20260775,48.12783006827036,1.0,0.5606821775436401,0.12040324746568737,9
PGD estimated + WoLF-TMD,20260776,-76.76140133539833,0.0,31.073339462280273,0.15244599710380416,60
PGD estimated + WoLF-TMD,20260777,-66.40100355943044,0.0,30.019590377807617,0.16600452529354162,60
PGD estimated + WoLF-TMD,20260778,41.50160972774029,1.0,0.6210874915122986,0.1254685062213092,22
PGD estimated + WoLF-TMD,20260779,49.23339561124643,1.0,0.5544145703315735,0.1095919565885602,6
PGD estimated + WoLF-TMD,20260780,47.57113797465961,1.0,0.2720295786857605,0.11282779830646955,13
PGD estimated + WoLF-TMD,20260781,41.656797647476196,1.0,0.6130374073982239,0.1654143172327618,27
PGD estimated + WoLF-TMD,20260782,-60.6137667298317,0.0,36.50812530517578,0.15774269981335023,60
PGD estimated + WoLF-TMD,20260783,-27.78178488214811,0.0,8.183931350708008,0.18604241665633717,60
PGD estimated + WoLF-TMD,20260784,-56.81201752026876,0.0,21.552993774414062,0.1349199564820936,60
PGD estimated + WoLF-TMD,20260785,47.221158457299076,1.0,0.3062468469142914,0.14446727649572752,12
PGD estimated + WoLF-TMD,20260786,46.01232183972994,1.0,0.5054149031639099,0.19353580160326897,18
PGD estimated + WoLF-TMD,20260787,48.68024582415819,1.0,0.48710325360298157,0.16498827841985622,9
PGD estimated + WoLF-TMD,20260788,49.87619257469972,1.0,0.3385125994682312,0.49420008561803136,2
PGD estimated + WoLF-TMD,20260789,49.02956347850461,1.0,0.10944310575723648,0.18286507542418542,7
PGD estimated + WoLF-TMD,20260790,49.683527832229935,1.0,0.3473202586174011,0.17035649794913796,3
PGD estimated + WoLF-TMD,20260791,48.91250787178675,1.0,0.6227869987487793,0.16430365600511793,5
PGD estimated + WoLF-TMD,20260792,49.5281352798144,1.0,0.5945717692375183,0.08539559133380817,4
PGD estimated + WoLF-TMD,20260793,47.27277475595474,1.0,0.4255383610725403,0.12727999839352394,12
PGD estimated + WoLF-TMD,20260794,-63.10521126786867,0.0,33.273582458496094,0.1482462195136886,60
PGD estimated + WoLF-TMD,20260795,-59.198318680127464,0.0,27.842266082763672,0.13124484181671045,60
PGD estimated + WoLF-TMD,20260796,48.567093605796494,1.0,0.5378428101539612,0.11538315601908009,5
PGD estimated + WoLF-TMD,20260797,47.0025941580534,1.0,0.41860026121139526,0.1293947224934379,12
PGD estimated + WoLF-TMD,20260798,-111.84200775623323,0.0,42.26102066040039,0.13928659357005824,60
PGD estimated + WoLF-TMD,20260799,-166.81236346562702,0.0,69.35603332519531,0.14074103144144806,60
PGD estimated + WoLF-TMD,20260800,48.90943086644013,1.0,0.18727725744247437,0.1727461764281261,7
PGD estimated + WoLF-TMD,20260801,47.9792304088672,1.0,0.6335191130638123,0.15268116664613834,6
PGD estimated + WoLF-TMD,20260802,-55.249636054038994,0.0,24.57720947265625,0.159922104517412,60
PGD estimated + WoLF-TMD,20260803,43.9658700923125,1.0,0.6377598643302917,0.16531583680663287,42
PGD estimated + WoLF-TMD,20260804,48.120339592297874,1.0,0.5596150159835815,0.0966185429698087,7
PGD estimated + WoLF-TMD,20260805,-87.23323674996695,0.0,36.796302795410156,0.18149206380141936,60
PGD estimated + WoLF-TMD,20260806,49.447927835086986,1.0,0.45682939887046814,0.13936220736713728,5
PGD estimated + WoLF-TMD,20260807,47.77409808834393,1.0,0.5215286016464233,0.15038000592178782,20
PGD estimated + WoLF-TMD,20260808,43.10865148405234,1.0,0.3840392231941223,0.14908541957809157,17
PGD estimated + WoLF-TMD,20260809,47.83210550714284,1.0,0.0312812365591526,0.13321862447109065,15
PGD estimated + WoLF-TMD,20260810,43.12634325027466,1.0,0.6204134225845337,0.13051247373710775,16
PGD estimated + WoLF-TMD,20260811,48.38817991564671,1.0,0.4744843542575836,0.11857021811961459,7
PGD estimated + WoLF-TMD,20260812,49.38363501429558,1.0,0.47753995656967163,0.09776585683457312,5
PGD estimated + WoLF-TMD,20260813,47.98671486849586,1.0,0.21183885633945465,0.11573712252409248,13
PGD estimated + WoLF-TMD,20260814,46.39678763846556,1.0,0.5819002985954285,0.10994099467762507,11
PGD estimated + WoLF-TMD,20260815,49.175883673131466,1.0,0.34747645258903503,0.11856993817509828,5
PGD estimated + WoLF-TMD,20260816,36.239264173433185,1.0,0.08174427598714828,0.13904163439217185,37
PGD estimated + WoLF-TMD,20260817,35.87467277546724,1.0,0.5633044838905334,0.140647306546848,28
PGD estimated + WoLF-TMD,20260818,49.207613895336785,1.0,0.5784945487976074,0.10373347420398543,4
PGD estimated + WoLF-TMD,20260819,47.32475950817267,1.0,0.38132429122924805,0.12343790653387417,11
PGD estimated + WoLF-TMD,20260820,-39.76079446077346,0.0,8.175849914550781,0.13555497544234257,60
PGD estimated + WoLF-TMD,20260821,45.827655325333275,1.0,0.5086482167243958,0.1417204870813579,14
PGD estimated + WoLF-TMD,20260822,-33.7454827229182,0.0,4.920068740844727,0.14339583854101495,60
PGD estimated + WoLF-TMD,20260823,48.986442570885025,1.0,0.6299372911453247,0.11841858401361915,7
PGD estimated + WoLF-TMD,20260824,43.48154707004626,1.0,0.4515668451786041,0.191683489969781,21
PGD estimated + WoLF-TMD,20260825,48.07817916075388,1.0,0.6497921943664551,0.10126212488968078,7
PGD estimated + WoLF-TMD,20260826,44.05366609493891,1.0,0.5776486396789551,0.12001105643862194,21
PGD estimated + WoLF-TMD,20260827,47.34204915662607,1.0,0.592744767665863,0.09965262769427354,9
PGD estimated + WoLF-TMD,20260828,-49.403981909155846,0.0,1.2795089483261108,0.16201002496512873,60
PGD estimated + WoLF-TMD,20260829,48.892781292398766,1.0,0.3795716166496277,0.10170275875593351,5
PGD estimated + WoLF-TMD,20260830,47.34597415228685,1.0,0.6490745544433594,0.14679821490684394,15
PGD estimated + WoLF-TMD,20260831,43.369730765620865,1.0,0.46579140424728394,0.1405007438038126,21
PGD estimated + WoLF-TMD,20260832,49.14190490543842,1.0,0.3071988821029663,0.18574993501613066,8
PGD estimated + WoLF-TMD,20260833,-52.16555438439051,0.0,30.64052391052246,0.13767761533236042,60
PGD estimated + WoLF-TMD,20260834,49.346098056683935,1.0,0.23981784284114838,0.13014615878051314,5
PGD estimated + WoLF-TMD,20260835,47.5371390680472,1.0,0.5890097618103027,0.10659312992735882,12
PGD estimated + WoLF-TMD,20260836,49.50082706411679,1.0,0.552531361579895,0.09858813887504565,3
PGD estimated + WoLF-TMD,20260837,-71.89896150430044,0.0,25.62974739074707,0.14819774306801303,60
PGD estimated + WoLF-TMD,20260838,48.45427167912324,1.0,0.6247813105583191,0.09364902173391587,7
PGD estimated + WoLF-TMD,20260839,45.054721857110664,1.0,0.3991260528564453,0.1518894438474937,13
PGD estimated + WoLF-TMD,20260840,43.759631703297295,1.0,0.5747040510177612,0.13198042125637727,16
PGD estimated + WoLF-TMD,20260841,45.55615230401357,1.0,0.6388606429100037,0.2108032249664182,16
PGD estimated + WoLF-TMD,20260842,45.6380385607481,1.0,0.6354948878288269,0.15570839161344255,13
PGD estimated + WoLF-TMD,20260843,48.33255573362112,1.0,0.4931463897228241,0.11279750493190543,7
PGD estimated + WoLF-TMD,20260844,34.981560657421745,1.0,0.35898709297180176,0.15583940537718757,40
PGD estimated + WoLF-TMD,20260845,46.79579839731256,1.0,0.2177172750234604,0.1478849782337188,14
PGD estimated + WoLF-TMD,20260846,47.818738055725895,1.0,0.4424164593219757,0.12664201979670786,8
PGD estimated + WoLF-TMD,20260847,47.81555365522703,1.0,0.5259332656860352,0.13039111817856958,9
PGD estimated + WoLF-TMD,20260848,48.52861007799705,1.0,0.4161454737186432,0.1217063390668858,9
PGD estimated + WoLF-TMD,20260849,48.41621013482412,1.0,0.6182923913002014,0.11664848642832089,7
PGD estimated + WoLF-TMD,20260850,49.100425223509475,1.0,0.5696423053741455,0.2030692294212669,4
PGD estimated + WoLF-TMD,20260851,43.93296079337597,1.0,0.594659686088562,0.12073327321277069,17
PGD estimated + WoLF-TMD,20260852,47.913536493976906,1.0,0.5259917974472046,0.18007379922389796,15
PGD estimated + WoLF-TMD,20260853,48.36282440523306,1.0,0.42268145084381104,0.11956962897173685,18
PGD estimated + WoLF-TMD,20260854,-56.10530686378479,0.0,8.301148414611816,0.1418236201087358,60
PGD estimated + WoLF-TMD,20260855,49.713311195373535,1.0,0.3972429037094116,0.08039574896791635,3
PGD estimated + WoLF-TMD,20260856,46.91618810097376,1.0,0.46607983112335205,0.14619767514934642,10
PGD estimated + WoLF-TMD,20260857,48.50990558167299,1.0,0.30435770750045776,0.1298455603716839,7
PGD estimated + WoLF-TMD,20260858,40.330711702505745,1.0,0.6099633574485779,0.15371110962414533,23
PGD estimated + WoLF-TMD,20260859,48.62286413336794,1.0,0.16956208646297455,0.1031380467857425,6
PGD estimated + WoLF-TMD,20260860,41.06495839109024,1.0,0.42291322350502014,0.13322112753759532,29
PGD estimated + WoLF-TMD,20260861,44.55027770996094,1.0,0.63370281457901,0.14977410465671234,14
PGD estimated + WoLF-TMD,20260862,48.7249980121851,1.0,0.5908153653144836,0.11080794843190345,6
PGD estimated + WoLF-TMD,20260863,49.684424785276256,1.0,0.23200753331184387,0.16497325595448156,3
PGD estimated + WoLF-TMD,20260864,49.66085313012203,1.0,0.47762617468833923,0.10962435510164854,3
PGD estimated + WoLF-TMD,20260865,49.15396995345752,1.0,0.4018726348876953,0.17849698494962699,8
PGD estimated + WoLF-TMD,20260866,-42.96655514836311,0.0,16.340105056762695,0.14495151874485215,60
PGD estimated + WoLF-TMD,20260867,45.80025523869942,1.0,0.024209145456552505,0.1684863783087195,12
PGD estimated + WoLF-TMD,20260868,45.82413856498897,1.0,0.12238641828298569,0.14829349642231054,10
PGD estimated + WoLF-TMD,20260869,46.531419272224106,1.0,0.6299225091934204,0.14239242450149603,22
PGD estimated + WoLF-TMD,20260870,-77.80688683191936,0.0,43.75851058959961,0.15977682942179375,60
PGD estimated + WoLF-TMD,20260871,48.05598880598942,1.0,0.44598034024238586,0.14508153398925483,7
PGD estimated + WoLF-TMD,20260872,-122.4591731230418,0.0,42.67839050292969,0.17274240378205896,60
PGD estimated + WoLF-TMD,20260873,-51.99040154616039,0.0,10.67263126373291,0.14691240674031933,60
PGD estimated + WoLF-TMD,20260874,41.15715844929218,1.0,0.5989300012588501,0.1413076081238084,40
PGD estimated + WoLF-TMD,20260875,-150.41620612144476,0.0,62.60129165649414,0.15993665837352294,60
PGD estimated + WoLF-TMD,20260876,33.171427855889,1.0,0.40517181158065796,0.17128712977082935,56
PGD estimated + WoLF-TMD,20260877,44.725907246271774,1.0,0.6182682514190674,0.09867587398482666,16
PGD estimated + WoLF-TMD,20260878,35.09835749367872,1.0,0.45255255699157715,0.14331949192007887,31
PGD estimated + WoLF-TMD,20260879,-38.72129346430302,0.0,9.894253730773926,0.16831032522710057,60
PGD estimated + WoLF-TMD,20260880,44.98507179071506,1.0,0.40891233086586,0.14892459448916642,17
PGD estimated + WoLF-TMD,20260881,48.872236619393036,1.0,0.38529354333877563,0.13722187407604328,5
PGD estimated + WoLF-TMD,20260882,46.5382159948349,1.0,0.6067221164703369,0.30848500812256063,11
PGD estimated + WoLF-TMD,20260883,45.633142878611885,1.0,0.6003059148788452,0.12191473914972095,17
PGD estimated + WoLF-TMD,20260884,-36.1861974398295,0.0,9.546065330505371,0.13094926174241647,60
PGD estimated + WoLF-TMD,20260885,41.32243842383226,1.0,0.6253489255905151,0.13256412510430188,20
PGD estimated + WoLF-TMD,20260886,48.55112131933371,1.0,0.6312427520751953,0.1242698573440626,11
PGD estimated + WoLF-TMD,20260887,48.5340269257625,1.0,0.2798498272895813,0.08454065221351786,6
PGD estimated + WoLF-TMD,20260888,44.88199264307816,1.0,0.5099958181381226,0.12267294761057879,18
PGD estimated + WoLF-TMD,20260889,42.927481477459274,1.0,0.6468825936317444,0.14622395504257998,27
PGD estimated + WoLF-TMD,20260890,-134.48782003919283,0.0,56.68101119995117,0.1445710373604205,60
PGD estimated + WoLF-TMD,20260891,49.38902993003528,1.0,0.6448417901992798,0.09786723443349847,6
PGD estimated + WoLF-TMD,20260892,49.66736379762491,1.0,0.12574690580368042,0.12697198126045106,5
PGD estimated + WoLF-TMD,20260893,48.952782690525055,1.0,0.5277653932571411,0.0988139455804191,6
PGD estimated + WoLF-TMD,20260894,47.491841266552605,1.0,0.47975945472717285,0.19710674642588638,8
PGD estimated + WoLF-TMD,20260895,-111.15236324071881,0.0,44.09893035888672,0.14453301780987468,60
PGD estimated + WoLF-TMD,20260896,49.406037425001465,1.0,0.5280425548553467,0.1864875461844698,7
PGD estimated + WoLF-TMD,20260897,49.44776905576388,1.0,0.6210436820983887,0.1361802629549925,4
PGD estimated + WoLF-TMD,20260898,32.173168865342944,1.0,0.43532559275627136,0.173788131911605,50
PGD estimated + WoLF-TMD,20260899,48.47082750995954,1.0,0.5391741991043091,0.08312828717983783,8
PGD estimated + WoLF-TMD,20260900,34.32873799403508,1.0,0.5472157001495361,0.148079502339453,34
PGD estimated + WoLF-TMD,20260901,49.301046046117946,1.0,0.4410308301448822,0.17056024758259525,4
PGD estimated + WoLF-TMD,20260902,48.90446529289086,1.0,0.5880382657051086,0.1336554778642421,7
PGD estimated + WoLF-TMD,20260903,49.599483260263995,1.0,0.14384277164936066,0.1212325706033478,4
PGD estimated + WoLF-TMD,20260904,49.46512171626091,1.0,0.6184239387512207,0.10864491651368476,5
PGD estimated + WoLF-TMD,20260905,45.06070812046528,1.0,0.6282215714454651,0.12237775304498211,14
PGD estimated + WoLF-TMD,20260906,45.4374378969272,1.0,0.5254650712013245,0.1590073839983394,19
PGD estimated + WoLF-TMD,20260907,-42.468842605749764,0.0,18.840652465820312,0.15348788084154538,60
PGD estimated + WoLF-TMD,20260908,45.856107438604035,1.0,0.6118841171264648,0.16045055374989703,23
PGD estimated + WoLF-TMD,20260909,47.753870444993176,1.0,0.40979841351509094,0.11391174685541859,11
PGD estimated + WoLF-TMD,20260910,47.370089784264565,1.0,0.6468239426612854,0.13183392476341965,11
PGD estimated + WoLF-TMD,20260911,48.51386066029469,1.0,0.35250428318977356,0.13962771369321378,6
PGD estimated + WoLF-TMD,20260912,-96.34573129812878,0.0,40.87167739868164,0.1343135088300683,60
PGD estimated + WoLF-TMD,20260913,49.31918055812518,1.0,0.612075924873352,0.1154407814582768,4
PGD estimated + WoLF-TMD,20260914,47.4329053958257,1.0,0.39559996128082275,0.12083565857318256,8
PGD estimated + WoLF-TMD,20260915,49.14258784304063,1.0,0.2892029583454132,0.13360629823626302,8
PGD estimated + WoLF-TMD,20260916,48.38599906861782,1.0,0.6065427660942078,0.1902090028446623,9
PGD estimated + WoLF-TMD,20260917,43.10680836935838,1.0,0.623629093170166,0.1385702584908225,24
PGD estimated + WoLF-TMD,20260918,48.161625999336444,1.0,0.1067136749625206,0.25252505630150873,6
PGD estimated + WoLF-TMD,20260919,-69.31300369898477,0.0,29.71921157836914,0.14950391785509004,60
PGD estimated + WoLF-TMD,20260920,49.045599869141974,1.0,0.18989227712154388,0.2059916229391698,6
PGD estimated + WoLF-TMD,20260921,-103.00646773974101,0.0,23.022686004638672,0.15297946438380713,60
PGD estimated + WoLF-TMD,20260922,48.8491469596823,1.0,0.055869847536087036,0.08775906579557324,6
PGD estimated + WoLF-TMD,20260923,43.91351155936718,1.0,0.6451331973075867,0.12943905254436966,14
PGD estimated + WoLF-TMD,20260924,48.75939843058586,1.0,0.4598524570465088,0.12067245554987217,6
PGD estimated + WoLF-TMD,20260925,49.083128323157624,1.0,0.4655614495277405,0.12219792106041819,5
PGD estimated + WoLF-TMD,20260926,48.80336647729079,1.0,0.5818516612052917,0.13793384747364443,5
PGD estimated + WoLF-TMD,20260927,49.103501039246716,1.0,0.3806178867816925,0.08696355918379782,7
PGD estimated + WoLF-TMD,20260928,-120.4683333436648,0.0,70.8028564453125,0.13944018768806724,60
PGD estimated + WoLF-TMD,20260929,45.61234717567762,1.0,0.3073330521583557,0.150444325777223,16
PGD estimated + WoLF-TMD,20260930,49.41709125041962,1.0,0.5064831376075745,0.10493455176095995,4
PGD estimated + WoLF-TMD,20260931,48.67138214160999,1.0,0.3369457423686981,0.1215396785070862,6
PGD estimated + WoLF-TMD,20260932,47.72883553554614,1.0,0.48820921778678894,0.13173698447773585,8
PGD estimated + WoLF-TMD,20260933,48.93554795533419,1.0,0.37939563393592834,0.18998104852519576,4
PGD estimated + WoLF-TMD,20260934,47.170571116109684,1.0,0.45708325505256653,0.12691365362756438,9
PGD estimated + WoLF-TMD,20260935,42.01075631131729,1.0,0.46397194266319275,0.1567139304346458,23
PGD estimated + WoLF-TMD,20260936,44.24534937739372,1.0,0.5465370416641235,0.13399986345903883,20
PGD estimated + WoLF-TMD,20260937,-123.8813982407252,0.0,38.31315994262695,0.13430603900260307,60
PGD estimated + WoLF-TMD,20260938,48.58793964485327,1.0,0.30618220567703247,0.23725537674897015,6
PGD estimated + WoLF-TMD,20260939,40.81899392108123,1.0,0.5278618931770325,0.13172997382578513,20
PGD estimated + WoLF-TMD,20260940,47.43032739063104,1.0,0.5359849333763123,0.1289270590454103,23
PGD estimated + WoLF-TMD,20260941,46.47202453762293,1.0,0.4543699324131012,0.16032863582732826,16
PGD estimated + WoLF-TMD,20260942,46.8230140209198,1.0,0.48101139068603516,0.18228535107243604,10
PGD estimated + WoLF-TMD,20260943,44.77909417450428,1.0,0.5635859370231628,0.15398467741671623,23
PGD estimated + WoLF-TMD,20260944,48.63312446077665,1.0,0.5333389639854431,0.14103111284884504,9
PGD estimated + WoLF-TMD,20260945,47.71591741840045,1.0,0.4279390573501587,0.134768871970155,15
PGD estimated + WoLF-TMD,20260946,48.13056372602781,1.0,0.5391494035720825,0.11226869696601297,10
PGD estimated + WoLF-TMD,20260947,48.43535645802815,1.0,0.555351972579956,0.15859686929724123,10
PGD estimated + WoLF-TMD,20260948,47.49835708737373,1.0,0.3004351854324341,0.15145452636939796,9
PGD estimated + WoLF-TMD,20260949,48.46219427635272,1.0,0.34896019101142883,0.1109573430640352,8
PGD estimated + WoLF-TMD,20260950,48.803073015064,1.0,0.2001226395368576,0.1322850145978482,7
PGD estimated + WoLF-TMD,20260951,49.4999482134978,1.0,0.4644208550453186,0.10292704010406109,5
PGD estimated + WoLF-TMD,20260952,48.7712049682935,1.0,0.5689572095870972,0.11637324577383938,7
PGD estimated + WoLF-TMD,20260953,48.395049020648,1.0,0.5923337340354919,0.22833163954285088,7
PGD estimated + WoLF-TMD,20260954,47.83786185582479,1.0,0.5191237926483154,0.12200209368427044,7
PGD estimated + WoLF-TMD,20260955,47.9385074749589,1.0,0.45347288250923157,0.14997484935979297,15
PGD estimated + WoLF-TMD,20260956,48.358247915903725,1.0,0.5647541880607605,0.13199826624830419,9
PGD estimated + WoLF-TMD,20260957,44.01498659948508,1.0,0.6178813576698303,0.15520866628196503,21
PGD estimated + WoLF-TMD,20260958,48.23462058479587,1.0,0.18615765869617462,0.11650414485791816,12
PGD estimated + WoLF-TMD,20260959,-24.354096680879596,0.0,7.358417510986328,0.1559258931410349,60
PGD estimated + WoLF-TMD,20260960,48.606145088871315,1.0,0.5743961930274963,0.14290228283860748,7
PGD estimated + WoLF-TMD,20260961,48.92376441756884,1.0,0.4990953207015991,0.12260652054684469,5
PGD estimated + WoLF-TMD,20260962,46.996179796755314,1.0,0.4693927466869354,0.12882538981864747,13
PGD estimated + WoLF-TMD,20260963,46.62936343749364,1.0,0.5916883945465088,0.14843597916023824,25
PGD estimated + WoLF-TMD,20260964,49.1167547305425,1.0,0.6426438093185425,0.2000558571680747,4
PGD estimated + WoLF-TMD,20260965,47.211102083325386,1.0,0.324570894241333,0.13539175377939497,14
PGD estimated + WoLF-TMD,20260966,49.13041878739993,1.0,0.442238986492157,0.14441427059841186,7
PGD estimated + WoLF-TMD,20260967,49.425122663378716,1.0,0.3062465786933899,0.1310496313367402,6
PGD estimated + WoLF-TMD,20260968,-72.4371591806412,0.0,37.02132797241211,0.15645000309127038,60
PGD estimated + WoLF-TMD,20260969,-125.76796483993527,0.0,40.3227424621582,0.12954107952662416,60
PGD estimated + WoLF-TMD,20260970,-36.00917439659436,0.0,0.8752020597457886,0.14084221858484056,60
PGD estimated + WoLF-TMD,20260971,45.02457492426038,1.0,0.21362347900867462,0.1702556877727739,17
PGD estimated + WoLF-TMD,20260972,47.375293816129364,1.0,0.35547512769699097,0.1372704939435657,8
PGD estimated + WoLF-TMD,20260973,43.0275200555722,1.0,0.34756290912628174,0.1868233869483412,18
PGD estimated + WoLF-TMD,20260974,47.82091246545315,1.0,0.3881070017814636,0.15916965297374724,8
PGD estimated + WoLF-TMD,20260975,46.714432867864765,1.0,0.4912709891796112,0.1449137620250956,12
PGD estimated + WoLF-TMD,20260976,-105.87980539600055,0.0,53.90380096435547,0.15945306670258644,60
PGD estimated + WoLF-TMD,20260977,49.419376293818154,1.0,0.41734206676483154,0.10442392282621367,7
PGD estimated + WoLF-TMD,20260978,48.39541952311993,1.0,0.5067727565765381,0.1276647870572539,7
PGD estimated + WoLF-TMD,20260979,45.41387642423312,1.0,0.44225049018859863,0.18583567578603172,25
PGD estimated + WoLF-TMD,20260980,-58.817650278409324,0.0,16.678659439086914,0.16079151619293894,60
PGD estimated + WoLF-TMD,20260981,49.292806381980576,1.0,0.3777807354927063,0.3130128635587368,6
PGD estimated + WoLF-TMD,20260982,-28.900447944800053,0.0,8.10640811920166,0.15588493745187115,60
Random contour + WoLF-TMD,20260733,49.72643166035414,1.0,0.3156605064868927,0.14278034934570635,3
Random contour + WoLF-TMD,20260734,49.095220467696585,1.0,0.1296313852071762,0.08957897087972867,5
Random contour + WoLF-TMD,20260735,49.577093094587326,1.0,0.5418025851249695,0.1418387765910308,4
Random contour + WoLF-TMD,20260736,-63.84044247865677,0.0,15.152713775634766,0.14862538084377028,60
Random contour + WoLF-TMD,20260737,47.56455574929714,1.0,0.5909557938575745,0.11578552547957026,9
Random contour + WoLF-TMD,20260738,42.11363640427589,1.0,0.13670706748962402,0.15695145790650272,30
Random contour + WoLF-TMD,20260739,45.686454070732,1.0,0.12350424379110336,0.16535436797807487,20
Random contour + WoLF-TMD,20260740,48.01901426166296,1.0,0.37712761759757996,0.09697040365062158,6
Random contour + WoLF-TMD,20260741,44.40135636677344,1.0,0.4728546440601349,0.1607894318487869,26
Random contour + WoLF-TMD,20260742,47.37031585723162,1.0,0.43220385909080505,0.24949247016639622,8
Random contour + WoLF-TMD,20260743,47.37870791554451,1.0,0.618961751461029,0.1876074037434886,9
Random contour + WoLF-TMD,20260744,42.177924456074834,1.0,0.09245023876428604,0.1849366794071876,24
Random contour + WoLF-TMD,20260745,47.34002004315456,1.0,0.4900641143321991,0.09265386007302658,9
Random contour + WoLF-TMD,20260746,44.52885418136914,1.0,0.17328166961669922,0.1066026574400919,12
Random contour + WoLF-TMD,20260747,49.07124635577202,1.0,0.5032066106796265,0.16795614508018028,5
Random contour + WoLF-TMD,20260748,49.173474026223026,1.0,0.4041188657283783,0.11379221094654933,4
Random contour + WoLF-TMD,20260749,-124.54328821102779,0.0,60.65089416503906,0.15008683735166356,60
Random contour + WoLF-TMD,20260750,48.96809320896864,1.0,0.45343080163002014,0.20766272309358244,6
Random contour + WoLF-TMD,20260751,48.69211872170369,1.0,0.4898761808872223,0.11257261037063644,7
Random contour + WoLF-TMD,20260752,-96.46925287445384,0.0,47.13475799560547,0.14573815143634952,60
Random contour + WoLF-TMD,20260753,46.66145702203115,1.0,0.3912557363510132,0.1629219504522627,15
Random contour + WoLF-TMD,20260754,47.47664060909301,1.0,0.062464747577905655,0.12328500920269898,9
Random contour + WoLF-TMD,20260755,47.19132229934136,1.0,0.3889216482639313,0.15606350167825514,11
Random contour + WoLF-TMD,20260756,47.94071032355229,1.0,0.41923531889915466,0.1410666995983796,8
Random contour + WoLF-TMD,20260757,45.88653708000978,1.0,0.5832570791244507,0.18683731267816556,11
Random contour + WoLF-TMD,20260758,49.52902960280578,1.0,0.4543786644935608,0.3565266714246284,4
Random contour + WoLF-TMD,20260759,-106.10173734029134,0.0,54.19167709350586,0.17473354885731615,60
Random contour + WoLF-TMD,20260760,-45.775085945924125,0.0,3.0691325664520264,0.1414686066964333,60
Random contour + WoLF-TMD,20260761,48.56875098248323,1.0,0.3230815529823303,0.13807312309055364,9
Random contour + WoLF-TMD,20260762,47.80998872344693,1.0,0.22486887872219086,0.1440798209702043,10
Random contour + WoLF-TMD,20260763,-93.6642317076524,0.0,47.12407684326172,0.15392987492431218,60
Random contour + WoLF-TMD,20260764,49.14692554871242,1.0,0.5867851972579956,0.12808464752541193,5
Random contour + WoLF-TMD,20260765,49.0956259816885,1.0,0.5658849477767944,0.08992139063512476,6
Random contour + WoLF-TMD,20260766,45.76042379935583,1.0,0.48792850971221924,0.23497419815648518,17
Random contour + WoLF-TMD,20260767,-101.54008762041727,0.0,61.92707061767578,0.15075075064402021,60
Random contour + WoLF-TMD,20260768,49.51837329566479,1.0,0.4555869698524475,0.0994167904667769,4
Random contour + WoLF-TMD,20260769,47.97633072237174,1.0,0.5301900506019592,0.11081401476640412,9
Random contour + WoLF-TMD,20260770,-22.18361575404803,0.0,4.430384635925293,0.12559135775132496,60
Random contour + WoLF-TMD,20260771,48.61386585732301,1.0,0.6231489777565002,0.22222503171299632,9
Random contour + WoLF-TMD,20260772,49.3329440827171,1.0,0.24704763293266296,0.09942263904724132,4
Random contour + WoLF-TMD,20260773,47.20249566435814,1.0,0.443845272064209,0.10650227052163387,11
Random contour + WoLF-TMD,20260774,49.37850532929103,1.0,0.4022037982940674,0.12076435270900307,4
Random contour + WoLF-TMD,20260775,48.12783019741376,1.0,0.5606818795204163,0.1204031702235791,9
Random contour + WoLF-TMD,20260776,-76.7600395679474,0.0,31.07340431213379,0.1521840357152852,60
Random contour + WoLF-TMD,20260777,-66.40128886699677,0.0,30.019750595092773,0.17014406233393004,60
Random contour + WoLF-TMD,20260778,41.50160966813564,1.0,0.6210874915122986,0.12546850781024046,22
Random contour + WoLF-TMD,20260779,49.23339561124643,1.0,0.5544145703315735,0.1095919565885602,6
Random contour + WoLF-TMD,20260780,47.57113797465961,1.0,0.2720295786857605,0.11282779830646955,13
Random contour + WoLF-TMD,20260781,41.65701255698999,1.0,0.613037645816803,0.16083974551782615,27
Random contour + WoLF-TMD,20260782,-60.67322236299514,0.0,36.52677917480469,0.17610655394590943,60
Random contour + WoLF-TMD,20260783,-27.78965631624063,0.0,8.180378913879395,0.1832842565154241,60
Random contour + WoLF-TMD,20260784,-56.81201763947805,0.0,21.552993774414062,0.13491993141257178,60
Random contour + WoLF-TMD,20260785,47.221158477167286,1.0,0.3062468469142914,0.14446719894030766,12
Random contour + WoLF-TMD,20260786,46.01232192416986,1.0,0.5054162740707397,0.1935354211180015,18
Random contour + WoLF-TMD,20260787,48.68024588376284,1.0,0.487103134393692,0.16498847130752456,9
Random contour + WoLF-TMD,20260788,49.87619352837403,1.0,0.3385177254676819,0.4942076418295076,2
Random contour + WoLF-TMD,20260789,49.02956350954871,1.0,0.10944374650716782,0.18286488039217078,7
Random contour + WoLF-TMD,20260790,49.68352739264568,1.0,0.3473230302333832,0.17035644210274759,3
Random contour + WoLF-TMD,20260791,48.9125080058972,1.0,0.6227853894233704,0.16430360651188983,5
Random contour + WoLF-TMD,20260792,49.5281352798144,1.0,0.5945717692375183,0.08539559133380817,4
Random contour + WoLF-TMD,20260793,47.27277475595474,1.0,0.4255383610725403,0.12727999839352394,12
Random contour + WoLF-TMD,20260794,-63.103102415800095,0.0,33.27333450317383,0.1497195565192562,60
Random contour + WoLF-TMD,20260795,-59.21811175346375,0.0,27.854318618774414,0.13409617941132165,60
Random contour + WoLF-TMD,20260796,48.567093685269356,1.0,0.5378425717353821,0.11538319219231301,5
Random contour + WoLF-TMD,20260797,47.002593720952675,1.0,0.41860175132751465,0.1293947146892401,12
Random contour + WoLF-TMD,20260798,-111.84466397762299,0.0,42.266639709472656,0.14674491979042698,60
Random contour + WoLF-TMD,20260799,-166.79961164792383,0.0,69.35423278808594,0.1693329442238458,60
Random contour + WoLF-TMD,20260800,48.90943094342947,1.0,0.18727681040763855,0.17274576082995644,7
Random contour + WoLF-TMD,20260801,47.979230508208275,1.0,0.6335178017616272,0.1526811169251242,6
Random contour + WoLF-TMD,20260802,-55.24963621298472,0.0,24.57720947265625,0.15992218497744706,60
Random contour + WoLF-TMD,20260803,43.961147487163544,1.0,0.6377601623535156,0.1769708675083765,42
Random contour + WoLF-TMD,20260804,48.120339592297874,1.0,0.5596150159835815,0.0966185429698087,7
Random contour + WoLF-TMD,20260805,-87.22922352949779,0.0,36.79819869995117,0.18191524611219492,60
Random contour + WoLF-TMD,20260806,49.67260637382666,1.0,0.503700315952301,0.753684025647552,3
Random contour + WoLF-TMD,20260807,47.77409759660562,1.0,0.5215286612510681,0.15038015464043938,20
Random contour + WoLF-TMD,20260808,43.10870150476694,1.0,0.3839086592197418,0.15473527618025346,17
Random contour + WoLF-TMD,20260809,47.83210550714284,1.0,0.0312812365591526,0.13321862447109065,15
Random contour + WoLF-TMD,20260810,43.12634325027466,1.0,0.6204134225845337,0.13051247373710775,16
Random contour + WoLF-TMD,20260811,48.38817955553532,1.0,0.4744853377342224,0.11857053507957262,7
Random contour + WoLF-TMD,20260812,49.38363501429558,1.0,0.47753995656967163,0.09776585683457312,5
Random contour + WoLF-TMD,20260813,47.98688450207313,1.0,0.2118244469165802,0.12599732557086527,13
Random contour + WoLF-TMD,20260814,46.39678763846556,1.0,0.5819002985954285,0.10994099467762507,11
Random contour + WoLF-TMD,20260815,49.175883673131466,1.0,0.34747645258903503,0.11856993817509828,5
Random contour + WoLF-TMD,20260816,36.2447802896301,1.0,0.0859731137752533,0.1395365993460776,37
Random contour + WoLF-TMD,20260817,35.87467253704866,1.0,0.5633044838905334,0.1406483550206581,28
Random contour + WoLF-TMD,20260818,49.207613895336785,1.0,0.5784945487976074,0.10373347420398543,4
Random contour + WoLF-TMD,20260819,47.32475883513689,1.0,0.3813260495662689,0.1234377435800468,11
Random contour + WoLF-TMD,20260820,-39.76749920845032,0.0,8.175984382629395,0.13862724934871917,60
Random contour + WoLF-TMD,20260821,45.827655628323555,1.0,0.5086471438407898,0.14172056677474187,14
Random contour + WoLF-TMD,20260822,-33.74548276265462,0.0,4.920068740844727,0.14339589680073592,60
Random contour + WoLF-TMD,20260823,48.9864423374335,1.0,0.629936933517456,0.1184187984766294,7
Random contour + WoLF-TMD,20260824,43.46835243205229,1.0,0.45156335830688477,0.22511073198984682,21
Random contour + WoLF-TMD,20260825,48.07817916075388,1.0,0.6497921943664551,0.10126212488968078,7
Random contour + WoLF-TMD,20260826,44.05366609493891,1.0,0.5776486396789551,0.12001105643862194,21
Random contour + WoLF-TMD,20260827,47.3420490672191,1.0,0.5927452445030212,0.09965232993102179,9
Random contour + WoLF-TMD,20260828,-49.403982271750785,0.0,1.2795095443725586,0.16201011747608882,60
Random contour + WoLF-TMD,20260829,48.892781292398766,1.0,0.3795716166496277,0.10170275875593351,5
Random contour + WoLF-TMD,20260830,47.345974802970886,1.0,0.649073600769043,0.1467980484586353,15
Random contour + WoLF-TMD,20260831,43.3697309444348,1.0,0.46579140424728394,0.14050061441633857,21
Random contour + WoLF-TMD,20260832,49.1419048756361,1.0,0.30720019340515137,0.18574989130687014,8
Random contour + WoLF-TMD,20260833,-52.16555454333623,0.0,30.64052391052246,0.13767764853459336,60
Random contour + WoLF-TMD,20260834,49.346098056683935,1.0,0.23981784284114838,0.13014615878051314,5
Random contour + WoLF-TMD,20260835,47.5371390680472,1.0,0.5890097618103027,0.10659312992735882,12
Random contour + WoLF-TMD,20260836,49.50082706411679,1.0,0.552531361579895,0.09858813887504565,3
Random contour + WoLF-TMD,20260837,-71.89894545078278,0.0,25.62984275817871,0.15763061459668185,60
Random contour + WoLF-TMD,20260838,48.45427167912324,1.0,0.6247813105583191,0.09364902173391587,7
Random contour + WoLF-TMD,20260839,45.05472189684709,1.0,0.3991260528564453,0.15188947483259801,13
Random contour + WoLF-TMD,20260840,43.75963215529919,1.0,0.5746992230415344,0.1319804356695108,16
Random contour + WoLF-TMD,20260841,45.55615244805813,1.0,0.6388579607009888,0.21080537000195868,16
Random contour + WoLF-TMD,20260842,45.64003395537536,1.0,0.638992428779602,0.14928644366187502,13
Random contour + WoLF-TMD,20260843,48.33255573362112,1.0,0.4931463897228241,0.11279750493190543,7
Random contour + WoLF-TMD,20260844,34.98178858061632,1.0,0.3590317368507385,0.15782969223570964,40
Random contour + WoLF-TMD,20260845,46.763339272389814,1.0,0.20578710734844208,0.18475106772436686,14
Random contour + WoLF-TMD,20260846,47.818738055725895,1.0,0.4424164593219757,0.12664201979670786,8
Random contour + WoLF-TMD,20260847,47.81555360058943,1.0,0.5259330868721008,0.13039105590516292,9
Random contour + WoLF-TMD,20260848,48.528608702123165,1.0,0.4161452353000641,0.12170635333410369,9
Random contour + WoLF-TMD,20260849,48.41621013482412,1.0,0.6182923913002014,0.11664848642832089,7
Random contour + WoLF-TMD,20260850,49.100425109267235,1.0,0.5696424841880798,0.2030696452688422,4
Random contour + WoLF-TMD,20260851,43.93296079337597,1.0,0.594659686088562,0.12073327321277069,17
Random contour + WoLF-TMD,20260852,47.91353729863962,1.0,0.5259889960289001,0.18007336533704446,15
Random contour + WoLF-TMD,20260853,48.36282440523306,1.0,0.42268145084381104,0.11956962897173685,18
Random contour + WoLF-TMD,20260854,-56.10530686378479,0.0,8.301148414611816,0.14182359723260066,60
Random contour + WoLF-TMD,20260855,49.713311195373535,1.0,0.3972429037094116,0.08039574896791635,3
Random contour + WoLF-TMD,20260856,46.91618814319372,1.0,0.4660799205303192,0.14619823363452902,10
Random contour + WoLF-TMD,20260857,48.60150763889153,1.0,0.5529646277427673,0.10690289812276753,6
Random contour + WoLF-TMD,20260858,40.33071186145146,1.0,0.6099633574485779,0.15371102432976994,23
Random contour + WoLF-TMD,20260859,48.62286413336794,1.0,0.16956208646297455,0.1031380467857425,6
Random contour + WoLF-TMD,20260860,41.064958430826664,1.0,0.42291322350502014,0.13322110810377202,29
Random contour + WoLF-TMD,20260861,44.55027786890666,1.0,0.6337020397186279,0.14977424845210258,14
Random contour + WoLF-TMD,20260862,48.7249980121851,1.0,0.5908153653144836,0.11080794843190345,6
Random contour + WoLF-TMD,20260863,49.684424785276256,1.0,0.23200753331184387,0.16497325595448156,3
Random contour + WoLF-TMD,20260864,49.66085313012203,1.0,0.47762617468833923,0.10962435510164854,3
Random contour + WoLF-TMD,20260865,49.15397028128306,1.0,0.4018707275390625,0.1784969000850669,8
Random contour + WoLF-TMD,20260866,-42.95313401023546,0.0,16.33173942565918,0.15123561891215784,60
Random contour + WoLF-TMD,20260867,45.800625605974346,1.0,0.024622397497296333,0.19283398638722646,12
Random contour + WoLF-TMD,20260868,45.82413845136762,1.0,0.12238754332065582,0.1482937463328258,10
Random contour + WoLF-TMD,20260869,46.531419103344284,1.0,0.6299225091934204,0.1423924818772175,22
Random contour + WoLF-TMD,20260870,-77.80700184901556,0.0,43.758724212646484,0.16459912718197842,60
Random contour + WoLF-TMD,20260871,48.06599743912617,1.0,0.4220186769962311,0.16831698718532456,7
Random contour + WoLF-TMD,20260872,-122.46600651741025,0.0,42.685272216796875,0.17312377170413723,60
Random contour + WoLF-TMD,20260873,-51.990401426951095,0.0,10.67263126373291,0.1469125499101655,60
Random contour + WoLF-TMD,20260874,41.157158171137176,1.0,0.5989304780960083,0.14130771340592238,40
Random contour + WoLF-TMD,20260875,-150.4186257521311,0.0,62.60268020629883,0.16507258975804884,60
Random contour + WoLF-TMD,20260876,33.17143226663272,1.0,0.40517181158065796,0.17128705341703768,56
Random contour + WoLF-TMD,20260877,44.725907246271774,1.0,0.6182682514190674,0.09867587398482666,16
Random contour + WoLF-TMD,20260878,35.098357667525605,1.0,0.45255225896835327,0.14331951653745464,31
Random contour + WoLF-TMD,20260879,-38.721144730846085,0.0,9.89246940612793,0.16942685559463802,60
Random contour + WoLF-TMD,20260880,44.985071770846844,1.0,0.40891233086586,0.14892437111844478,17
Random contour + WoLF-TMD,20260881,48.87113596498966,1.0,0.3712717890739441,0.18056715175305804,5
Random contour + WoLF-TMD,20260882,46.53821585575739,1.0,0.6067370176315308,0.3084825464404273,11
Random contour + WoLF-TMD,20260883,45.63314285874367,1.0,0.6003060936927795,0.12191467768238805,17
Random contour + WoLF-TMD,20260884,-36.18619728088378,0.0,9.546065330505371,0.13094920691531595,60
Random contour + WoLF-TMD,20260885,41.32243836919467,1.0,0.6253488063812256,0.13256420888829262,20
Random contour + WoLF-TMD,20260886,48.55112131933371,1.0,0.6312427520751953,0.1242698573440626,11
Random contour + WoLF-TMD,20260887,48.534026607871056,1.0,0.2798498272895813,0.08454049569842352,6
Random contour + WoLF-TMD,20260888,44.88199270268281,1.0,0.5099958181381226,0.12267289172919346,18
Random contour + WoLF-TMD,20260889,42.92748135824998,1.0,0.6468830704689026,0.14622408122280295,27
Random contour + WoLF-TMD,20260890,-134.4879522025585,0.0,56.6810302734375,0.15221122800828038,60
Random contour + WoLF-TMD,20260891,49.38902993003528,1.0,0.6448417901992798,0.09786723443349847,6
Random contour + WoLF-TMD,20260892,49.66736379762491,1.0,0.12574690580368042,0.12697198126045106,5
Random contour + WoLF-TMD,20260893,48.952782690525055,1.0,0.5277653932571411,0.0988139455804191,6
Random contour + WoLF-TMD,20260894,47.48159690449635,1.0,0.4979758560657501,0.2833666983812002,8
Random contour + WoLF-TMD,20260895,-111.16258170207344,0.0,44.10829162597656,0.1503292887977003,60
Random contour + WoLF-TMD,20260896,49.406036496162415,1.0,0.5280445218086243,0.186487115486158,7
Random contour + WoLF-TMD,20260897,49.44776873290539,1.0,0.6210453510284424,0.13618000506908695,4
Random contour + WoLF-TMD,20260898,32.16865567366282,1.0,0.43407970666885376,0.17771573559513154,50
Random contour + WoLF-TMD,20260899,48.47082750995954,1.0,0.5391741991043091,0.08312828717983783,8
Random contour + WoLF-TMD,20260900,34.32986335456371,1.0,0.5472535490989685,0.14387876652888898,34
Random contour + WoLF-TMD,20260901,49.30104581018289,1.0,0.441031277179718,0.17056064133983928,4
Random contour + WoLF-TMD,20260902,48.90446527798971,1.0,0.5880383849143982,0.13365546284662547,7
Random contour + WoLF-TMD,20260903,49.599483260263995,1.0,0.14384277164936066,0.1212325706033478,4
Random contour + WoLF-TMD,20260904,49.46512171626091,1.0,0.6184239387512207,0.10864491651368476,5
Random contour + WoLF-TMD,20260905,45.0498911490043,1.0,0.5984410643577576,0.16951526806503675,14
Random contour + WoLF-TMD,20260906,45.437387838959694,1.0,0.5254637002944946,0.17010984068124133,19
Random contour + WoLF-TMD,20260907,-42.47009732325873,0.0,18.840612411499023,0.15531167826527204,60
Random contour + WoLF-TMD,20260908,45.85610739390055,1.0,0.6118854284286499,0.16045055954938436,23
Random contour + WoLF-TMD,20260909,47.753870444993176,1.0,0.40979841351509094,0.11391174685541859,11
Random contour + WoLF-TMD,20260910,47.370089784264565,1.0,0.6468239426612854,0.13183392476341965,11
Random contour + WoLF-TMD,20260911,48.51260623335838,1.0,0.34898900985717773,0.1486313447518597,6
Random contour + WoLF-TMD,20260912,-96.3457318544388,0.0,40.87167739868164,0.13431348797789347,60
Random contour + WoLF-TMD,20260913,49.31918055812518,1.0,0.612075924873352,0.1154407814582768,4
Random contour + WoLF-TMD,20260914,47.432905400792755,1.0,0.395599901676178,0.12083563139267935,8
Random contour + WoLF-TMD,20260915,49.1425872494777,1.0,0.28920334577560425,0.13360642902452347,8
Random contour + WoLF-TMD,20260916,48.38600021600723,1.0,0.6065379977226257,0.19020985412969332,9
Random contour + WoLF-TMD,20260917,43.10473319391409,1.0,0.6234568357467651,0.14883526669252428,24
Random contour + WoLF-TMD,20260918,48.16162544488907,1.0,0.10671865940093994,0.2525243272460788,6
Random contour + WoLF-TMD,20260919,-69.30855945746104,0.0,29.712400436401367,0.14865163524370845,60
Random contour + WoLF-TMD,20260920,49.04559784258405,1.0,0.18990139663219452,0.20599289347847213,6
Random contour + WoLF-TMD,20260921,-103.00554760297138,0.0,23.01165199279785,0.15504388471315156,60
Random contour + WoLF-TMD,20260922,48.8491469596823,1.0,0.055869847536087036,0.08775906579557324,6
Random contour + WoLF-TMD,20260923,43.91351155936718,1.0,0.6451331973075867,0.12943905254436966,14
Random contour + WoLF-TMD,20260924,48.75939843058586,1.0,0.4598524570465088,0.12067245554987217,6
Random contour + WoLF-TMD,20260925,49.083128323157624,1.0,0.4655614495277405,0.12219792106041819,5
Random contour + WoLF-TMD,20260926,48.80336647729079,1.0,0.5818516612052917,0.13793384747364443,5
Random contour + WoLF-TMD,20260927,49.10350092997154,1.0,0.3806178867816925,0.08696379787943262,7
Random contour + WoLF-TMD,20260928,-120.46832889318465,0.0,70.80282592773438,0.14089653232575575,60
Random contour + WoLF-TMD,20260929,45.61234720796347,1.0,0.307332843542099,0.1504442531921823,16
Random contour + WoLF-TMD,20260930,49.41709150373936,1.0,0.5064830780029297,0.1049345472395506,4
Random contour + WoLF-TMD,20260931,48.67138214160999,1.0,0.3369457423686981,0.1215396785070862,6
Random contour + WoLF-TMD,20260932,47.72883549084266,1.0,0.4882095158100128,0.13173718594769263,8
Random contour + WoLF-TMD,20260933,48.935547995070614,1.0,0.37939515709877014,0.18998101832575603,4
Random contour + WoLF-TMD,20260934,47.170571195582546,1.0,0.4570830166339874,0.12691380483362377,9
Random contour + WoLF-TMD,20260935,42.01075615733862,1.0,0.46397194266319275,0.15671405696209648,23
Random contour + WoLF-TMD,20260936,44.24534937739372,1.0,0.5465370416641235,0.13399986345903883,20
Random contour + WoLF-TMD,20260937,-123.89959832032523,0.0,38.32175827026367,0.13023229906190423,60
Random contour + WoLF-TMD,20260938,48.58793846517801,1.0,0.30618205666542053,0.2372566491215733,6
Random contour + WoLF-TMD,20260939,40.81899386147658,1.0,0.5278609395027161,0.1317302127135492,20
Random contour + WoLF-TMD,20260940,47.43032784759998,1.0,0.5359849333763123,0.12892701855322256,23
Random contour + WoLF-TMD,20260941,46.47734412054221,1.0,0.45445215702056885,0.16267666962398153,16
Random contour + WoLF-TMD,20260942,46.823014150063194,1.0,0.48101162910461426,0.18228577036771304,10
Random contour + WoLF-TMD,20260943,44.77910601596037,1.0,0.5635783076286316,0.15398468028994639,23
Random contour + WoLF-TMD,20260944,48.63312446077665,1.0,0.5333389639854431,0.14103111284884504,9
Random contour + WoLF-TMD,20260945,47.71591737866402,1.0,0.4279390573501587,0.1347687811329398,15
Random contour + WoLF-TMD,20260946,48.13056372602781,1.0,0.5391494035720825,0.11226869696601297,10
Random contour + WoLF-TMD,20260947,48.39351111650467,1.0,0.5898146629333496,0.2339138376526893,10
Random contour + WoLF-TMD,20260948,47.498357343177,1.0,0.3004343807697296,0.15145452416377012,9
Random contour + WoLF-TMD,20260949,48.38301582634449,1.0,0.5436107516288757,0.13508015402731444,9
Random contour + WoLF-TMD,20260950,48.803073015064,1.0,0.2001226395368576,0.1322850145978482,7
Random contour + WoLF-TMD,20260951,49.4999482134978,1.0,0.4644208550453186,0.10292704010406109,5
Random contour + WoLF-TMD,20260952,48.7712049682935,1.0,0.5689572095870972,0.11637324577383938,7
Random contour + WoLF-TMD,20260953,48.395049020648,1.0,0.5923337340354919,0.22833134646056333,7
Random contour + WoLF-TMD,20260954,47.8378619402647,1.0,0.5191234946250916,0.12200200661991846,7
Random contour + WoLF-TMD,20260955,47.93850790709257,1.0,0.4534725248813629,0.1499746579989112,15
Random contour + WoLF-TMD,20260956,48.35685824354489,1.0,0.5644804239273071,0.13732111307050282,9
Random contour + WoLF-TMD,20260957,44.01498728493849,1.0,0.617880642414093,0.15520881816488646,21
Random contour + WoLF-TMD,20260958,48.23462058479587,1.0,0.18615765869617462,0.11650414485791816,12
Random contour + WoLF-TMD,20260959,-24.354097545146946,0.0,7.358417510986328,0.15592595545738278,60
Random contour + WoLF-TMD,20260960,48.606145054101944,1.0,0.5743961930274963,0.1429022457539781,7
Random contour + WoLF-TMD,20260961,48.92376441756884,1.0,0.4990953207015991,0.12260652054684469,5
Random contour + WoLF-TMD,20260962,46.99617949873209,1.0,0.46939268708229065,0.12882530990398788,13
Random contour + WoLF-TMD,20260963,46.6294941008091,1.0,0.591455340385437,0.15401600781117852,25
Random contour + WoLF-TMD,20260964,49.116754710674286,1.0,0.6426432132720947,0.20005536019454034,4
Random contour + WoLF-TMD,20260965,47.2168282320102,1.0,0.32610589265823364,0.19543086616048516,14
Random contour + WoLF-TMD,20260966,49.1304189140598,1.0,0.4422374665737152,0.1444140767579651,7
Random contour + WoLF-TMD,20260967,49.42512294650078,1.0,0.3062469959259033,0.13104929809050325,6
Random contour + WoLF-TMD,20260968,-72.44023531675339,0.0,37.02732467651367,0.17120045044890014,60
Random contour + WoLF-TMD,20260969,-125.76518662770592,0.0,40.32221603393555,0.13992246915687595,60
Random contour + WoLF-TMD,20260970,-36.00968176126481,0.0,0.8751981258392334,0.14494512804920373,60
Random contour + WoLF-TMD,20260971,45.02457507203023,1.0,0.2136227786540985,0.1702553845240478,17
Random contour + WoLF-TMD,20260972,47.375293691953026,1.0,0.3554764986038208,0.13727019169374272,8
Random contour + WoLF-TMD,20260973,43.02878426512083,1.0,0.34746551513671875,0.19221700515240617,18
Random contour + WoLF-TMD,20260974,47.82091246545315,1.0,0.3881070017814636,0.15916965297374724,8
Random contour + WoLF-TMD,20260975,46.714432867864765,1.0,0.4912709891796112,0.14491382088587054,12
Random contour + WoLF-TMD,20260976,-106.00249184171362,0.0,53.93333435058594,0.1727244097793539,60
Random contour + WoLF-TMD,20260977,49.419376293818154,1.0,0.41734206676483154,0.10442392282621367,7
Random contour + WoLF-TMD,20260978,48.39541952311993,1.0,0.5067727565765381,0.1276647870572539,7
Random contour + WoLF-TMD,20260979,45.41386912266414,1.0,0.4422720670700073,0.18583627704562083,25
Random contour + WoLF-TMD,20260980,-58.817191958427436,0.0,16.679473876953125,0.1670195431268408,60
Random contour + WoLF-TMD,20260981,49.292816723386444,1.0,0.3777719736099243,0.3130119601269925,6
Random contour + WoLF-TMD,20260982,-28.902145445346836,0.0,8.106663703918457,0.15777406570795213,60
